real_name,func,func_s2,ei,time
gen=0_member=0,0.0828062,0.393351,0,0.485816
gen=0_member=1,-0.393769,8.39E-05,0,0.554409
gen=0_member=2,0.264462,0.393385,0,0.383041
gen=0_member=3,-0.509037,0.386372,0,0.391067
gen=0_member=4,0.127476,0.000111797,0,0.343975
gen=0_member=5,-0.249259,0.454322,0,0.470743
gen=0_member=6,0.389589,0.376163,0,0.339544
gen=0_member=7,0.390371,0.446905,0,0.380909
gen=0_member=8,-0.376395,0.281262,0,0.468477
gen=0_member=9,-0.144373,0.393379,0,0.450074
gen=0_member=10,-0.00527538,0.000107521,0,0.622507
gen=0_member=11,0.583363,0.501661,0,0.411722
gen=0_member=12,0.3564,0.000103696,0,0.218227
gen=0_member=13,0.457599,0.425581,0,0.292608
gen=0_member=14,-0.296427,0.347307,0,0.50525
gen=0_member=15,-0.010226,0.526948,0,0.581255
gen=0_member=16,-0.345113,0.369472,0,0.510072
gen=0_member=17,-0.369156,0.418427,0,0.436161
gen=0_member=18,-0.111882,0.408585,0,0.515638
gen=0_member=19,0.218979,0.418381,0,0.650764
gen=0_member=20,-0.513262,0.423523,0,0.300612
gen=0_member=21,-0.197306,0.367469,0,0.349824
gen=0_member=22,0.25743,0.392588,0,0.365472
gen=0_member=23,0.596354,0.000103408,0,0.454134
gen=0_member=24,-1.27571,9.71E-05,0,0.374324
gen=0_member=25,-0.213399,7.80E-05,0,0.302296
gen=0_member=26,0.20735,0.375572,0,0.23114
gen=0_member=27,-0.0837592,0.522303,0,0.367099
gen=0_member=28,-0.251716,0.447434,0,0.454416
gen=0_member=29,0.00874595,0.499573,0,0.406677
gen=0_member=30,-0.0594304,0.370403,0,0.433437
gen=0_member=31,1.14904,0.000105247,0,0.505274
gen=0_member=32,0.292154,0.391539,0,0.366862
gen=0_member=33,0.340502,0.385283,0,0.335766
gen=0_member=34,-0.0870625,0.386937,0,0.405603
gen=0_member=35,0.0787143,8.70E-05,0,0.465227
gen=0_member=36,-0.341241,0.466202,0,0.338345
gen=0_member=37,0.00367913,0.298857,0,0.378144
gen=0_member=38,-0.313737,0.442508,0,0.372975
gen=0_member=39,-0.0478557,0.407057,0,0.337439
gen=0_member=40,-0.0521558,0.446763,0,0.325091
gen=0_member=41,-0.105379,0.345851,0,0.399515
gen=0_member=42,0.0888492,0.433419,0,0.318967
gen=0_member=43,0.309397,0.381447,0,0.308126
gen=0_member=44,-1.17476,0.000108584,0,0.471059
gen=0_member=45,1.33304,0.000117708,0,0.301228
gen=0_member=46,-0.0425507,0.37446,0,0.282953
gen=0_member=47,0.196068,0.426124,0,0.314491
gen=0_member=48,-0.159856,0.375189,0,0.460672
gen=0_member=49,-0.133561,0.486832,0,0.38433
gen=0_member=50,0.132535,0.311216,0,0.377941
gen=0_member=51,-0.0976128,0.467086,0,0.431934
gen=0_member=52,-0.341813,0.442127,0,0.4505
gen=0_member=53,-0.0441638,0.384308,0,0.34544
gen=0_member=54,0.196366,0.400923,0,0.424125
gen=0_member=55,-0.0590805,0.000114882,0,0.468747
gen=0_member=56,0.156759,0.432671,0,0.278731
gen=0_member=57,-0.0747102,0.300907,0,0.38691
gen=0_member=58,-0.0675429,0.379556,0,0.314552
gen=0_member=59,-0.582468,9.17E-05,0,0.376936
gen=0_member=60,0.626149,0.480752,0,0.392848
gen=0_member=61,0.0877409,0.349497,0,0.456272
gen=0_member=62,-0.0219682,0.42154,0,0.314112
gen=0_member=63,-0.195732,0.367499,0,0.285634
gen=0_member=64,-0.559604,0.443384,0,0.322312
gen=0_member=65,0.0533096,0.474653,0,0.337374
gen=0_member=66,-0.656672,9.11E-05,0,0.30329
gen=0_member=67,0.123956,0.433331,0,0.328609
gen=0_member=68,0.11305,0.386409,0,0.501963
gen=0_member=69,-0.133996,0.492122,0,0.517565
gen=0_member=70,-0.260474,0.596971,0,0.501963
gen=0_member=71,0.101297,0.523857,0,0.399216
gen=0_member=72,0.709663,0.000111306,0,0.339384
gen=0_member=73,-0.50641,0.316958,0,0.275042
gen=0_member=74,0.146622,0.435468,0,0.451396
gen=0_member=75,0.00297568,0.413864,0,0.350559
gen=0_member=76,0.394696,0.528941,0,0.299814
gen=0_member=77,0.121159,0.411081,0,0.375233
gen=0_member=78,-0.258592,0.445806,0,0.264489
gen=0_member=79,0.00218856,0.375819,0,0.332449
gen=0_member=80,-0.0148459,0.418292,0,0.280391
gen=0_member=81,0.116366,0.511838,0,0.389197
gen=0_member=82,-0.379908,0.000109471,0,0.44543
gen=0_member=83,-0.295224,0.40821,0,0.377557
gen=0_member=84,1.05794,0.000109304,0,0.359518
gen=0_member=85,-0.0842968,0.388933,0,0.328375
gen=0_member=86,0.473656,0.000115048,0,0.364268
gen=0_member=87,-0.302486,0.451681,0,0.353624
gen=0_member=88,-0.233026,0.400504,0,0.367916
gen=0_member=89,0.291483,0.458113,0,0.420326
gen=0_member=90,-0.0676037,0.544514,0,0.423687
gen=0_member=91,-0.19799,0.434371,0,0.267835
gen=0_member=92,-0.316848,0.378092,0,0.243201
gen=0_member=93,0.00388318,0.460352,0,0.348103
gen=0_member=94,-0.201518,0.36904,0,0.532995
gen=0_member=95,-0.624249,8.55E-05,0,0.576287
gen=0_member=96,0.14063,0.399645,0,0.470007
gen=0_member=97,0.226047,0.000102525,0,0.513305
gen=0_member=98,-0.278788,0.427621,0,0.376503
gen=0_member=99,-0.708326,0.464715,0,0.21597
gen=1_member=0,0.0156448,0.366874,0,0.412017
gen=1_member=1,0.0591366,0.346031,0,0.381609
gen=1_member=2,0.045829,0.271203,0,0.379974
gen=1_member=3,-0.0404378,0.280038,0,0.359868
gen=1_member=4,0.0623813,0.374017,0,0.375733
gen=1_member=5,0.14028,0.461543,0,0.282931
gen=1_member=6,-0.0328396,0.29627,0,0.491776
gen=1_member=7,-0.11599,0.369226,0,0.374714
gen=1_member=8,-0.0791467,0.419635,0,0.453863
gen=1_member=9,-0.0117947,0.436004,0,0.400488
gen=1_member=10,-0.0251932,0.377867,0,0.330089
gen=1_member=11,0.0804524,0.325963,0,0.514814
gen=1_member=12,0.10808,0.314063,0,0.316478
gen=1_member=13,-0.120949,0.392003,0,0.366059
gen=1_member=14,-0.155406,0.376809,0,0.494431
gen=1_member=15,0.131572,0.346426,0,0.407513
gen=1_member=16,-0.12753,0.378159,0,0.386431
gen=1_member=17,0.068106,0.363137,0,0.347665
gen=1_member=18,-0.0142138,0.383978,0,0.324974
gen=1_member=19,0.116289,0.379291,0,0.495789
gen=1_member=20,0.0345968,0.275204,0,0.539232
gen=1_member=21,0.0432382,0.495314,0,0.416661
gen=1_member=22,0.288037,0.494463,0,0.392829
gen=1_member=23,0.00173194,0.480641,0,0.368619
gen=1_member=24,0.139729,0.410522,0,0.361478
gen=1_member=25,-0.0461577,0.266821,0,0.374717
gen=1_member=26,-0.025818,0.377219,0,0.402378
gen=1_member=27,0.0517663,0.406925,0,0.334012
gen=1_member=28,0.123589,0.295538,0,0.293895
gen=1_member=29,0.0780074,0.410255,0,0.439219
gen=1_member=30,0.0804708,0.348384,0,0.393988
gen=1_member=31,0.431161,0.247047,0,0.245246
gen=1_member=32,0.0228703,0.37584,0,0.377448
gen=1_member=33,0.18467,0.359088,0,0.339444
gen=1_member=34,0.0612714,0.399544,0,0.322089
gen=1_member=35,0.14387,0.349442,0,0.376889
gen=1_member=36,0.140999,0.413345,0,0.345204
gen=1_member=37,0.0184793,0.32774,0,0.329297
gen=1_member=38,0.0157425,0.280261,0,0.373683
gen=1_member=39,0.298002,0.381128,0,0.326779
gen=1_member=40,-0.0343861,0.334818,0,0.420402
gen=1_member=41,0.0284697,0.340543,0,0.540798
gen=1_member=42,0.188836,0.332091,0,0.449458
gen=1_member=43,-0.0497632,0.382801,0,0.449614
gen=1_member=44,-0.0640237,0.334273,0,0.25797
gen=1_member=45,-0.0458258,0.280358,0,0.368219
gen=1_member=46,0.152883,0.290622,0,0.368926
gen=1_member=47,0.0828667,0.384803,0,0.352327
gen=1_member=48,-0.165198,0.40751,0,0.390006
gen=1_member=49,-0.140365,0.370199,0,0.340071
gen=1_member=50,-0.0840982,0.313208,0,0.326481
gen=1_member=51,-0.00871966,0.435814,0,0.323253
gen=1_member=52,0.0164777,0.306477,0,0.485044
gen=1_member=53,0.02059,0.388903,0,0.502702
gen=1_member=54,0.045872,0.349852,0,0.366567
gen=1_member=55,0.0162207,0.294674,0,0.307805
gen=1_member=56,-0.11235,0.300887,0,0.247362
gen=1_member=57,0.0236421,0.326124,0,0.28146
gen=1_member=58,-0.214009,0.329034,0,0.282478
gen=1_member=59,-0.103219,0.395643,0,0.390928
gen=1_member=60,0.246347,0.328556,0,0.405875
gen=1_member=61,0.274915,0.345098,0,0.342944
gen=1_member=62,-0.0349348,0.326618,0,0.373281
gen=1_member=63,-0.0687593,0.335102,0,0.292934
gen=1_member=64,-0.0165391,0.407309,0,0.409574
gen=1_member=65,0.126955,0.381542,0,0.34003
gen=1_member=66,-0.00436069,0.349048,0,0.366452
gen=1_member=67,0.109665,0.375177,0,0.374534
gen=1_member=68,0.0153626,0.413853,0,0.405479
gen=1_member=69,-0.0490597,0.335648,0,0.320743
gen=1_member=70,0.108337,0.34214,0,0.501623
gen=1_member=71,0.166826,0.384009,0,0.437319
gen=1_member=72,0.119927,0.387535,0,0.33455
gen=1_member=73,0.116213,0.373892,0,0.356496
gen=1_member=74,-0.220754,0.382812,0,0.440725
gen=1_member=75,0.100385,0.342399,0,0.330033
gen=1_member=76,0.0521863,0.346509,0,0.268546
gen=1_member=77,0.192758,0.247348,0,0.291348
gen=1_member=78,0.213189,0.344018,0,0.444487
gen=1_member=79,-0.0670227,0.348691,0,0.520269
gen=1_member=80,-0.207803,0.400019,0,0.452401
gen=1_member=81,0.04315,0.379677,0,0.452401
gen=1_member=82,-0.0262229,0.356374,0,0.282923
gen=1_member=83,-0.00512723,0.309531,0,0.261429
gen=1_member=84,-0.00909514,0.391158,0,0.385953
gen=1_member=85,-0.0301853,0.28318,0,0.344156
gen=1_member=86,0.104118,0.319491,0,0.471514
gen=1_member=87,0.0265695,0.38091,0,0.436489
gen=1_member=88,-0.00364679,0.386586,0,0.305117
gen=1_member=89,0.207309,0.321431,0,0.26694
gen=1_member=90,0.203961,0.465956,0,0.32079
gen=1_member=91,0.284643,0.296766,0,0.287375
gen=1_member=92,-0.0736189,0.365095,0,0.372424
gen=1_member=93,0.0891254,0.346945,0,0.353705
gen=1_member=94,-0.175913,0.344797,0,0.344486
gen=1_member=95,-0.130288,0.34257,0,0.326257
gen=1_member=96,-0.138226,0.367261,0,0.314743
gen=1_member=97,0.107109,0.363971,0,0.279373
gen=1_member=98,-0.043042,0.407664,0,0.366523
gen=1_member=99,-0.108973,0.397403,0,0.320349
gen=1_member=100,-0.0246441,0.342816,0,0.311442
gen=1_member=101,-0.108085,0.33575,0,0.297477
gen=1_member=102,-0.0870646,0.415447,0,0.357312
gen=1_member=103,0.0643512,0.327714,0,0.290427
gen=1_member=104,0.252492,0.343178,0,0.435579
gen=1_member=105,0.172687,0.40553,0,0.572342
gen=1_member=106,0.0395538,0.271471,0,0.572342
gen=1_member=107,-0.072329,0.359122,0,0.371729
gen=1_member=108,0.0106166,0.393755,0,0.314727
gen=1_member=109,-0.0735252,0.323095,0,0.343982
gen=1_member=110,0.061727,0.406106,0,0.359552
gen=1_member=111,0.00190386,0.394391,0,0.468802
gen=1_member=112,0.0356788,0.326807,0,0.41493
gen=1_member=113,0.170406,0.310472,0,0.40271
gen=1_member=114,-0.00499082,0.373272,0,0.379526
gen=1_member=115,0.0446753,0.321539,0,0.306657
gen=1_member=116,0.051319,0.325835,0,0.328943
gen=1_member=117,-0.197991,0.403009,0,0.314912
gen=1_member=118,-0.00426586,0.339783,0,0.533053
gen=1_member=119,0.0148452,0.364541,0,0.358673
gen=1_member=120,0.101652,0.42866,0,0.204658
gen=1_member=121,0.111882,0.277576,0,0.248948
gen=1_member=122,-0.0211675,0.424883,0,0.293499
gen=1_member=123,0.115247,0.306103,0,0.334363
gen=1_member=124,-0.0125944,0.381297,0,0.412256
gen=1_member=125,0.140832,0.391522,0,0.442613
gen=1_member=126,0.296773,0.351522,0,0.523741
gen=1_member=127,-0.109356,0.339163,0,0.423091
gen=1_member=128,0.0879172,0.404416,0,0.501607
gen=1_member=129,-0.0481725,0.393384,0,0.382236
gen=1_member=130,0.0861447,0.39065,0,0.423566
gen=1_member=131,-0.0747098,0.38928,0,0.360467
gen=1_member=132,0.0275782,0.369863,0,0.541956
gen=1_member=133,-0.028865,0.430066,0,0.552361
gen=1_member=134,-0.0236969,0.333377,0,0.462099
gen=1_member=135,0.215956,0.349332,0,0.304538
gen=1_member=136,0.00590505,0.392725,0,0.330588
gen=1_member=137,-0.116529,0.377675,0,0.532134
gen=1_member=138,0.0196368,0.318844,0,0.309482
gen=1_member=139,0.356138,0.355864,0,0.345369
gen=1_member=140,-0.0498825,0.386621,0,0.379458
gen=1_member=141,-0.0142868,0.380476,0,0.340727
gen=1_member=142,-0.111583,0.431813,0,0.325607
gen=1_member=143,0.132544,0.25363,0,0.392393
gen=1_member=144,-0.0387444,0.425498,0,0.469601
gen=1_member=145,-0.0581313,0.293953,0,0.349412
gen=1_member=146,0.119322,0.392015,0,0.469601
gen=1_member=147,0.10238,0.235592,0,0.292813
gen=1_member=148,0.0233784,0.357823,0,0.546288
gen=1_member=149,-0.0781074,0.36459,0,0.388721
gen=1_member=150,0.0582459,0.40519,0,0.526055
gen=1_member=151,0.0407454,0.304975,0,0.537573
gen=1_member=152,-0.00968283,0.382666,0,0.550517
gen=1_member=153,-0.128986,0.347706,0,0.510453
gen=1_member=154,0.0971004,0.343383,0,0.309628
gen=1_member=155,0.00310649,0.317896,0,0.437095
gen=1_member=156,0.0467253,0.471853,0,0.423016
gen=1_member=157,0.30814,0.221212,0,0.40403
gen=1_member=158,-0.0311449,0.451009,0,0.362408
gen=1_member=159,0.110915,0.351392,0,0.518317
gen=1_member=160,-0.0503515,0.39574,0,0.32847
gen=1_member=161,0.0427525,0.335283,0,0.464557
gen=1_member=162,-0.0926548,0.401075,0,0.38185
gen=1_member=163,-0.0151416,0.344755,0,0.484292
gen=1_member=164,0.0982283,0.348748,0,0.373984
gen=1_member=165,-0.0604729,0.376357,0,0.440561
gen=1_member=166,0.0930803,0.361154,0,0.452833
gen=1_member=167,-0.0106854,0.328346,0,0.350839
gen=1_member=168,0.0175771,0.363447,0,0.435762
gen=1_member=169,-0.0720066,0.394553,0,0.396075
gen=1_member=170,-0.00489699,0.448513,0,0.347316
gen=1_member=171,-0.0789275,0.367448,0,0.299678
gen=1_member=172,0.138038,0.381176,0,0.409875
gen=1_member=173,-0.0518861,0.32592,0,0.343913
gen=1_member=174,0.166725,0.4196,0,0.311817
gen=1_member=175,-0.0469877,0.299155,0,0.408043
gen=1_member=176,-0.144548,0.321795,0,0.423376
gen=1_member=177,-0.0104601,0.32331,0,0.431516
gen=1_member=178,-0.279932,0.359894,0,0.349366
gen=1_member=179,-0.0345819,0.400969,0,0.39345
gen=1_member=180,0.105845,0.310448,0,0.389721
gen=1_member=181,-0.00854219,0.393809,0,0.32986
gen=1_member=182,0.0790763,0.404946,0,0.355714
gen=1_member=183,-0.00833815,0.415261,0,0.360769
gen=1_member=184,-0.0646737,0.329802,0,0.344633
gen=1_member=185,-0.00591316,0.361165,0,0.373976
gen=1_member=186,0.060321,0.397659,0,0.363625
gen=1_member=187,0.0298927,0.43807,0,0.406452
gen=1_member=188,0.137703,0.414538,0,0.438572
gen=1_member=189,0.121888,0.358006,0,0.453083
gen=1_member=190,-0.028167,0.322891,0,0.40118
gen=1_member=191,0.180767,0.346667,0,0.3427
gen=1_member=192,0.205153,0.309949,0,0.358799
gen=1_member=193,0.0674932,0.325699,0,0.337098
gen=1_member=194,0.0491008,0.315542,0,0.389167
gen=1_member=195,0.103927,0.413406,0,0.330399
gen=1_member=196,0.079791,0.382795,0,0.416559
gen=1_member=197,-0.016506,0.341831,0,0.396377
gen=1_member=198,0.131762,0.464521,0,0.435522
gen=1_member=199,-0.127237,0.429253,0,0.415901
gen=1_member=200,0.0689061,0.31941,0,0.353632
gen=1_member=201,0.270751,0.304601,0,0.454436
gen=1_member=202,0.0834643,0.359799,0,0.37349
gen=1_member=203,0.0277425,0.357977,0,0.438316
gen=1_member=204,-0.0310021,0.416543,0,0.365245
gen=1_member=205,-0.00382591,0.371208,0,0.448777
gen=1_member=206,-0.0944437,0.337571,0,0.349737
gen=1_member=207,-0.0831169,0.373197,0,0.536276
gen=1_member=208,0.00105576,0.401182,0,0.299735
gen=1_member=209,0.0354751,0.350615,0,0.348468
gen=1_member=210,0.0778738,0.314819,0,0.33956
gen=1_member=211,0.0428306,0.371956,0,0.41358
gen=1_member=212,0.157905,0.430346,0,0.354947
gen=1_member=213,0.0288834,0.370534,0,0.308352
gen=1_member=214,-0.103822,0.358936,0,0.37535
gen=1_member=215,0.198201,0.277933,0,0.318087
gen=1_member=216,0.02575,0.427986,0,0.344733
gen=1_member=217,-0.121425,0.320281,0,0.306392
gen=1_member=218,0.0114525,0.299967,0,0.339839
gen=1_member=219,0.0377029,0.323454,0,0.292279
gen=1_member=220,0.0453018,0.386924,0,0.376042
gen=1_member=221,-0.0794446,0.413651,0,0.377641
gen=1_member=222,0.125891,0.28485,0,0.322701
gen=1_member=223,-0.0460045,0.351805,0,0.311354
gen=1_member=224,-0.144152,0.316264,0,0.323977
gen=1_member=225,-0.126702,0.407205,0,0.345879
gen=1_member=226,0.140992,0.356729,0,0.357334
gen=1_member=227,-0.101378,0.462326,0,0.360139
gen=1_member=228,0.126905,0.357231,0,0.370571
gen=1_member=229,-0.178155,0.394477,0,0.336914
gen=1_member=230,-0.0627853,0.36161,0,0.385369
gen=1_member=231,0.0631704,0.390437,0,0.376206
gen=1_member=232,-0.0575121,0.358101,0,0.351254
gen=1_member=233,-0.0349868,0.290814,0,0.267975
gen=1_member=234,-0.0968378,0.370632,0,0.411406
gen=1_member=235,-0.0510514,0.300925,0,0.231828
gen=1_member=236,0.0111266,0.400064,0,0.262466
gen=1_member=237,-0.0963192,0.362624,0,0.331131
gen=1_member=238,-0.0843788,0.377224,0,0.344795
gen=1_member=239,0.113893,0.328223,0,0.313275
gen=1_member=240,0.0824494,0.375164,0,0.342872
gen=1_member=241,0.0855894,0.233154,0,0.296201
gen=1_member=242,-0.124558,0.339386,0,0.330572
gen=1_member=243,-0.00570787,0.353952,0,0.41039
gen=1_member=244,-0.159529,0.350847,0,0.605002
gen=1_member=245,-0.00222336,0.273437,0,0.359031
gen=1_member=246,-0.0117877,0.334862,0,0.301413
gen=1_member=247,0.400478,0.210159,0,0.236821
gen=1_member=248,-0.104768,0.372378,0,0.375163
gen=1_member=249,-0.0583823,0.361771,0,0.315584
gen=1_member=250,-0.181589,0.435961,0,0.326406
gen=1_member=251,0.247902,0.359493,0,0.359856
gen=1_member=252,-0.0884727,0.374472,0,0.375102
gen=1_member=253,-0.142144,0.369933,0,0.434524
gen=1_member=254,0.0205006,0.38057,0,0.3475
gen=1_member=255,0.104427,0.360798,0,0.415837
gen=1_member=256,0.0463817,0.394879,0,0.385205
gen=1_member=257,-0.165786,0.386578,0,0.366219
gen=1_member=258,-0.134176,0.379014,0,0.377144
gen=1_member=259,-0.0356161,0.364669,0,0.356862
gen=1_member=260,-0.0614891,0.42086,0,0.282662
gen=1_member=261,0.0717209,0.404099,0,0.341242
gen=1_member=262,-0.0436716,0.320956,0,0.360085
gen=1_member=263,-0.109128,0.347724,0,0.371313
gen=1_member=264,0.0194028,0.316927,0,0.332675
gen=1_member=265,0.0108836,0.335204,0,0.44324
gen=1_member=266,-0.0425888,0.292703,0,0.315273
gen=1_member=267,0.0103438,0.274655,0,0.351306
gen=1_member=268,-0.256815,0.293146,0,0.361593
gen=1_member=269,0.0163293,0.395967,0,0.290427
gen=1_member=270,0.0147801,0.38401,0,0.377683
gen=1_member=271,0.0369386,0.281737,0,0.368309
gen=1_member=272,-0.0393264,0.299314,0,0.378601
gen=1_member=273,0.0680568,0.319639,0,0.284998
gen=1_member=274,-0.105745,0.299585,0,0.372531
gen=1_member=275,0.030376,0.463668,0,0.369607
gen=1_member=276,0.0636524,0.395841,0,0.360297
gen=1_member=277,-0.125458,0.409299,0,0.382241
gen=1_member=278,0.183037,0.347725,0,0.382989
gen=1_member=279,0.139872,0.280267,0,0.327361
gen=1_member=280,-0.0585466,0.382347,0,0.405562
gen=1_member=281,0.00625205,0.378879,0,0.387675
gen=1_member=282,0.0735358,0.433298,0,0.429591
gen=1_member=283,-0.1408,0.36004,0,0.391638
gen=1_member=284,0.194749,0.360287,0,0.49877
gen=1_member=285,-0.0530451,0.337236,0,0.251888
gen=1_member=286,0.0769487,0.325328,0,0.291772
gen=1_member=287,-0.114195,0.430577,0,0.391699
gen=1_member=288,0.115986,0.363682,0,0.385029
gen=1_member=289,-0.0240162,0.421923,0,0.388532
gen=1_member=290,0.0862895,0.364006,0,0.420891
gen=1_member=291,-0.138836,0.367204,0,0.38695
gen=1_member=292,-0.128893,0.321564,0,0.335881
gen=1_member=293,0.175173,0.394401,0,0.358352
gen=1_member=294,0.0057734,0.409659,0,0.358352
gen=1_member=295,0.135562,0.354956,0,0.453499
gen=1_member=296,-0.10548,0.382529,0,0.367792
gen=1_member=297,0.0185821,0.422093,0,0.440414
gen=1_member=298,-0.0062786,0.31668,0,0.335999
gen=1_member=299,-0.0724796,0.341662,0,0.363845
gen=1_member=300,0.0852891,0.389594,0,0.485032
gen=1_member=301,-0.135437,0.380121,0,0.346443
gen=1_member=302,-0.103773,0.41139,0,0.272109
gen=1_member=303,0.121314,0.346625,0,0.299301
gen=1_member=304,-0.0973445,0.334444,0,0.287483
gen=1_member=305,-0.0511731,0.263826,0,0.349539
gen=1_member=306,-0.0505081,0.366591,0,0.458869
gen=1_member=307,0.0387982,0.415916,0,0.30632
gen=1_member=308,-0.157444,0.397371,0,0.330586
gen=1_member=309,0.0150355,0.336434,0,0.355458
gen=1_member=310,-0.0322016,0.341505,0,0.39293
gen=1_member=311,0.230291,0.249541,0,0.249651
gen=1_member=312,-0.0717476,0.313473,0,0.368088
gen=1_member=313,0.04555,0.351903,0,0.360202
gen=1_member=314,-0.0379352,0.412435,0,0.346282
gen=1_member=315,0.162102,0.33359,0,0.325185
gen=1_member=316,0.097949,0.465571,0,0.307858
gen=1_member=317,0.141733,0.354234,0,0.410283
gen=1_member=318,0.274483,0.428133,0,0.363998
gen=1_member=319,0.00243814,0.382773,0,0.362782
gen=1_member=320,0.0732188,0.413391,0,0.429841
gen=1_member=321,0.181607,0.440962,0,0.347718
gen=1_member=322,0.183896,0.353361,0,0.370472
gen=1_member=323,0.197818,0.38476,0,0.372144
gen=1_member=324,-0.00420001,0.282364,0,0.29939
gen=1_member=325,0.184983,0.362933,0,0.299673
gen=1_member=326,-0.00563669,0.394476,0,0.382856
gen=1_member=327,0.0207539,0.38129,0,0.294797
gen=1_member=328,-0.0269315,0.38066,0,0.403474
gen=1_member=329,-0.00324189,0.398715,0,0.348095
gen=1_member=330,0.341626,0.167188,0,0.228596
gen=1_member=331,-0.107245,0.374592,0,0.421353
gen=1_member=332,-0.121834,0.352631,0,0.376749
gen=1_member=333,0.0549723,0.424607,0,0.286315
gen=1_member=334,-0.0487624,0.375331,0,0.326634
gen=1_member=335,0.0837506,0.42646,0,0.340481
gen=1_member=336,0.0833643,0.320318,0,0.295105
gen=1_member=337,0.115086,0.376996,0,0.335699
gen=1_member=338,-0.0635673,0.382828,0,0.339175
gen=1_member=339,-0.0789792,0.393515,0,0.314973
gen=1_member=340,0.0879494,0.40621,0,0.314973
gen=1_member=341,0.0935111,0.323499,0,0.30474
gen=1_member=342,0.0556466,0.357728,0,0.292245
gen=1_member=343,0.0876998,0.346258,0,0.313053
gen=1_member=344,-0.0628098,0.353514,0,0.337071
gen=1_member=345,-0.0626523,0.347929,0,0.316217
gen=1_member=346,0.0152275,0.375883,0,0.327269
gen=1_member=347,-0.0620365,0.338938,0,0.322155
gen=1_member=348,-0.111025,0.32197,0,0.301376
gen=1_member=349,-0.0776239,0.42021,0,0.247617
gen=1_member=350,0.144304,0.384974,0,0.314458
gen=1_member=351,0.128511,0.28277,0,0.375824
gen=1_member=352,-0.0221173,0.454463,0,0.321712
gen=1_member=353,0.0812926,0.323791,0,0.304005
gen=1_member=354,0.129527,0.223151,0,0.218637
gen=1_member=355,-0.0981773,0.422672,0,0.334878
gen=1_member=356,0.274437,0.403002,0,0.402985
gen=1_member=357,0.0707733,0.42502,0,0.279589
gen=1_member=358,0.0405572,0.299568,0,0.301147
gen=1_member=359,-0.0711589,0.365447,0,0.359691
gen=1_member=360,-0.0840581,0.426575,0,0.25273
gen=1_member=361,0.167317,0.45604,0,0.290346
gen=1_member=362,0.230954,0.445351,0,0.281443
gen=1_member=363,0.172894,0.278148,0,0.333163
gen=1_member=364,0.198701,0.327829,0,0.281111
gen=1_member=365,0.258711,0.431056,0,0.394265
gen=1_member=366,-0.068068,0.425831,0,0.406402
gen=1_member=367,0.216009,0.35243,0,0.375163
gen=1_member=368,-0.00385528,0.414641,0,0.295496
gen=1_member=369,-0.00822065,0.367473,0,0.371685
gen=1_member=370,0.181887,0.350885,0,0.400554
gen=1_member=371,-0.0972936,0.287132,0,0.296481
gen=1_member=372,0.0109745,0.387356,0,0.33787
gen=1_member=373,-0.0329384,0.310198,0,0.32574
gen=1_member=374,-0.0797073,0.418675,0,0.323193
gen=1_member=375,-0.00789227,0.35527,0,0.282044
gen=1_member=376,0.0139905,0.389397,0,0.281097
gen=1_member=377,-0.019754,0.424101,0,0.307819
gen=1_member=378,0.0174788,0.36279,0,0.333992
gen=1_member=379,0.177328,0.337895,0,0.314882
gen=1_member=380,-0.0746095,0.302231,0,0.359191
gen=1_member=381,-0.112756,0.330458,0,0.315467
gen=1_member=382,-0.0688215,0.432707,0,0.380232
gen=1_member=383,0.0656844,0.335634,0,0.398346
gen=1_member=384,0.0615837,0.379141,0,0.329617
gen=1_member=385,0.144605,0.436919,0,0.37379
gen=1_member=386,0.173551,0.453742,0,0.253258
gen=1_member=387,-0.00748665,0.378609,0,0.268133
gen=1_member=388,-0.00528379,0.408769,0,0.253469
gen=1_member=389,-0.0532444,0.389248,0,0.407006
gen=1_member=390,-0.208363,0.317229,0,0.356823
gen=1_member=391,0.149185,0.321208,0,0.346696
gen=1_member=392,-0.110821,0.285235,0,0.263833
gen=1_member=393,-0.074614,0.383497,0,0.193163
gen=1_member=394,-0.039306,0.271767,0,0.358938
gen=1_member=395,0.103839,0.326034,0,0.33833
gen=1_member=396,0.17257,0.289719,0,0.361569
gen=1_member=397,0.0702108,0.417518,0,0.314744
gen=1_member=398,0.0697849,0.394419,0,0.353566
gen=1_member=399,-0.0392149,0.311487,0,0.333711
gen=1_member=400,-0.0444196,0.405461,0,0.392318
gen=1_member=401,-0.0764761,0.349338,0,0.300365
gen=1_member=402,0.0796929,0.395842,0,0.328995
gen=1_member=403,-0.0556648,0.331857,0,0.301813
gen=1_member=404,0.125249,0.258626,0,0.351376
gen=1_member=405,0.0854216,0.338935,0,0.369021
gen=1_member=406,-0.0219254,0.345287,0,0.423229
gen=1_member=407,-0.0265461,0.328835,0,0.359272
gen=1_member=408,0.143461,0.451847,0,0.399909
gen=1_member=409,0.0544563,0.368713,0,0.317425
gen=1_member=410,-0.124636,0.436062,0,0.34345
gen=1_member=411,-0.162962,0.186757,0,0.218622
gen=1_member=412,0.172438,0.250283,0,0.328422
gen=1_member=413,-0.0522733,0.35676,0,0.260372
gen=1_member=414,0.180514,0.328876,0,0.349663
gen=1_member=415,0.092483,0.295618,0,0.338996
gen=1_member=416,0.0249216,0.37592,0,0.391232
gen=1_member=417,-0.014033,0.280854,0,0.236204
gen=1_member=418,-0.149547,0.332071,0,0.426299
gen=1_member=419,0.0697085,0.364002,0,0.311604
gen=1_member=420,-0.0761261,0.370728,0,0.358678
gen=1_member=421,0.0177886,0.412614,0,0.334509
gen=1_member=422,0.069487,0.35633,0,0.37323
gen=1_member=423,-0.0275671,0.383389,0,0.337414
gen=1_member=424,0.177155,0.312783,0,0.323845
gen=1_member=425,0.222943,0.288458,0,0.340941
gen=1_member=426,0.0282186,0.357446,0,0.282039
gen=1_member=427,0.155839,0.319288,0,0.233149
gen=1_member=428,0.0317027,0.407025,0,0.402276
gen=1_member=429,0.0955062,0.373634,0,0.394107
gen=1_member=430,0.240146,0.417492,0,0.407247
gen=1_member=431,-0.0717835,0.394986,0,0.346721
gen=1_member=432,0.0228404,0.371243,0,0.37978
gen=1_member=433,-0.0236009,0.393872,0,0.267651
gen=1_member=434,0.00720107,0.405654,0,0.397547
gen=1_member=435,-0.115894,0.448755,0,0.37602
gen=1_member=436,-0.142366,0.302004,0,0.295721
gen=1_member=437,-0.141627,0.376952,0,0.281545
gen=1_member=438,0.039709,0.329224,0,0.357831
gen=1_member=439,-0.187146,0.30656,0,0.331187
gen=1_member=440,-0.0102928,0.308424,0,0.363219
gen=1_member=441,0.134709,0.41326,0,0.350097
gen=1_member=442,0.0188795,0.324627,0,0.424828
gen=1_member=443,0.0243684,0.360347,0,0.274189
gen=1_member=444,0.181991,0.307685,0,0.276972
gen=1_member=445,0.0576713,0.359636,0,0.389368
gen=1_member=446,-0.116293,0.381209,0,0.324347
gen=1_member=447,0.178103,0.425981,0,0.274038
gen=1_member=448,-0.211984,0.29216,0,0.318667
gen=1_member=449,0.119503,0.316035,0,0.370005
gen=1_member=450,0.011052,0.412528,0,0.331969
gen=1_member=451,0.0926889,0.33586,0,0.322009
gen=1_member=452,0.275609,0.283812,0,0.268028
gen=1_member=453,0.0149272,0.41811,0,0.241225
gen=1_member=454,0.0410956,0.391921,0,0.35583
gen=1_member=455,-0.0765566,0.43223,0,0.35983
gen=1_member=456,-0.0479936,0.404972,0,0.3433
gen=1_member=457,-0.09934,0.349515,0,0.317919
gen=1_member=458,0.0116578,0.388342,0,0.283583
gen=1_member=459,0.0853817,0.325181,0,0.318648
gen=1_member=460,-0.0505925,0.363424,0,0.263571
gen=1_member=461,0.0304195,0.18337,0,0.203983
gen=1_member=462,0.0693812,0.404474,0,0.295376
gen=1_member=463,0.0178372,0.374644,0,0.297281
gen=1_member=464,0.0420149,0.331203,0,0.303377
gen=1_member=465,0.233246,0.288639,0,0.258179
gen=1_member=466,0.120564,0.366111,0,0.289136
gen=1_member=467,0.121082,0.322507,0,0.267411
gen=1_member=468,0.0457842,0.417427,0,0.304763
gen=1_member=469,-0.0816278,0.361916,0,0.382607
gen=1_member=470,-0.0945483,0.378481,0,0.358709
gen=1_member=471,-0.0933941,0.419874,0,0.377465
gen=1_member=472,-0.171288,0.413575,0,0.400249
gen=1_member=473,0.0746418,0.387196,0,0.391032
gen=1_member=474,-0.0301905,0.325418,0,0.393692
gen=1_member=475,-0.0171255,0.35545,0,0.374238
gen=1_member=476,0.263489,0.184767,0,0.20361
gen=1_member=477,-0.0730248,0.298733,0,0.298636
gen=1_member=478,0.138897,0.380989,0,0.346108
gen=1_member=479,0.0884859,0.366345,0,0.245617
gen=1_member=480,-0.110005,0.338111,0,0.333915
gen=1_member=481,0.0896921,0.340227,0,0.404023
gen=1_member=482,0.00597167,0.387994,0,0.342042
gen=1_member=483,-0.0780066,0.403339,0,0.418792
gen=1_member=484,-0.193829,0.342852,0,0.390745
gen=1_member=485,0.0732502,0.412888,0,0.448378
gen=1_member=486,0.0630782,0.248782,0,0.211283
gen=1_member=487,-0.0813404,0.364508,0,0.315658
gen=1_member=488,0.167303,0.341116,0,0.35594
gen=1_member=489,-0.256143,0.396442,0,0.415418
gen=1_member=490,0.0656725,0.379672,0,0.34474
gen=1_member=491,0.00882729,0.383453,0,0.302668
gen=1_member=492,-0.144346,0.389139,0,0.38639
gen=1_member=493,0.00490107,0.272485,0,0.246104
gen=1_member=494,0.142103,0.372906,0,0.326992
gen=1_member=495,-0.0469021,0.35568,0,0.378264
gen=1_member=496,-0.0471686,0.416994,0,0.35136
gen=1_member=497,-0.215372,0.314566,0,0.404839
gen=1_member=498,0.158095,0.279403,0,0.277714
gen=1_member=499,-0.0255991,0.363309,0,0.271567
gen=1_member=500,-0.0537196,0.39294,0,0.372136
gen=1_member=501,0.0139007,0.433059,0,0.391018
gen=1_member=502,-0.134603,0.311603,0,0.374465
gen=1_member=503,0.0281873,0.415002,0,0.290215
gen=1_member=504,0.0635617,0.380292,0,0.306981
gen=1_member=505,0.163281,0.327469,0,0.280278
gen=1_member=506,0.298827,0.241817,0,0.216981
gen=1_member=507,0.16138,0.359616,0,0.363068
gen=1_member=508,0.0499611,0.258153,0,0.405206
gen=1_member=509,0.0419679,0.376119,0,0.329988
gen=1_member=510,0.158092,0.288548,0,0.209927
gen=1_member=511,-0.0247835,0.383402,0,0.360819
gen=1_member=512,0.145218,0.379924,0,0.247864
gen=1_member=513,0.0550909,0.381764,0,0.390676
gen=1_member=514,-0.0471803,0.46619,0,0.352224
gen=1_member=515,-0.245985,0.240746,0,0.32301
gen=1_member=516,-0.0705385,0.405245,0,0.342426
gen=1_member=517,-0.0575566,0.359091,0,0.315309
gen=1_member=518,0.0177355,0.376918,0,0.299661
gen=1_member=519,-0.0626023,0.328,0,0.336483
gen=1_member=520,0.109756,0.374107,0,0.367497
gen=1_member=521,0.137368,0.337571,0,0.342135
gen=1_member=522,-0.0566972,0.342588,0,0.3041
gen=1_member=523,-0.0342185,0.415258,0,0.336065
gen=1_member=524,0.0955787,0.366677,0,0.361118
gen=1_member=525,0.182892,0.319685,0,0.384015
gen=1_member=526,0.0597509,0.409137,0,0.326327
gen=1_member=527,0.0323509,0.336581,0,0.360658
gen=1_member=528,-0.0866143,0.378446,0,0.375326
gen=1_member=529,-0.0131581,0.339475,0,0.260182
gen=1_member=530,-0.122,0.39868,0,0.313716
gen=1_member=531,-0.156849,0.356767,0,0.313716
gen=1_member=532,0.00575603,0.301688,0,0.377641
gen=1_member=533,-0.0384167,0.50576,0,0.339578
gen=1_member=534,-0.165074,0.420072,0,0.243772
gen=1_member=535,-0.0847912,0.474715,0,0.347045
gen=1_member=536,0.153669,0.288918,0,0.336608
gen=1_member=537,-0.0560772,0.418522,0,0.454017
gen=1_member=538,0.09789,0.273513,0,0.406419
gen=1_member=539,-0.0528051,0.407994,0,0.300128
gen=1_member=540,0.0339293,0.462499,0,0.378543
gen=1_member=541,0.108107,0.293613,0,0.318219
gen=1_member=542,0.114733,0.28252,0,0.283037
gen=1_member=543,-0.112374,0.433032,0,0.388998
gen=1_member=544,-0.123836,0.357017,0,0.262642
gen=1_member=545,-0.0408545,0.357818,0,0.261791
gen=1_member=546,0.145919,0.332994,0,0.267665
gen=1_member=547,0.015369,0.302916,0,0.282715
gen=1_member=548,0.01074,0.323868,0,0.310283
gen=1_member=549,-0.0405871,0.361001,0,0.28692
gen=1_member=550,-0.00498195,0.386411,0,0.384057
gen=1_member=551,-0.0997999,0.415052,0,0.350813
gen=1_member=552,0.306286,0.261704,0,0.389885
gen=1_member=553,-0.105694,0.387812,0,0.374236
gen=1_member=554,-0.0440593,0.375893,0,0.26224
gen=1_member=555,-0.0598309,0.41389,0,0.302874
gen=1_member=556,-0.00215003,0.341189,0,0.297208
gen=1_member=557,0.0956403,0.352355,0,0.327805
gen=1_member=558,-0.0453548,0.39272,0,0.278887
gen=1_member=559,0.0639894,0.262183,0,0.319779
gen=1_member=560,0.109358,0.335523,0,0.285816
gen=1_member=561,0.0595927,0.328712,0,0.358698
gen=1_member=562,-0.139929,0.357705,0,0.252856
gen=1_member=563,0.135004,0.316826,0,0.278976
gen=1_member=564,0.0558948,0.340686,0,0.318296
gen=1_member=565,0.0570406,0.361025,0,0.404618
gen=1_member=566,-0.171012,0.422425,0,0.419753
gen=1_member=567,-0.0707165,0.409941,0,0.25404
gen=1_member=568,-0.0662165,0.381611,0,0.286238
gen=1_member=569,0.18975,0.388635,0,0.327922
gen=1_member=570,0.0871405,0.287398,0,0.323772
gen=1_member=571,0.00203361,0.423378,0,0.263654
gen=1_member=572,0.170835,0.333113,0,0.309879
gen=1_member=573,-0.0316865,0.376422,0,0.354005
gen=1_member=574,0.130167,0.382831,0,0.357251
gen=1_member=575,0.122464,0.451986,0,0.293116
gen=1_member=576,0.0493679,0.410273,0,0.343354
gen=1_member=577,0.0119128,0.366786,0,0.33727
gen=1_member=578,-0.0891129,0.407365,0,0.340561
gen=1_member=579,-0.000698085,0.313289,0,0.256023
gen=1_member=580,-0.0520799,0.347954,0,0.370784
gen=1_member=581,0.12467,0.42624,0,0.246104
gen=1_member=582,-0.0702498,0.323084,0,0.265907
gen=1_member=583,-0.10902,0.39259,0,0.287101
gen=1_member=584,-0.00106577,0.358036,0,0.328201
gen=1_member=585,-0.161516,0.383879,0,0.333956
gen=1_member=586,0.121222,0.268884,0,0.238028
gen=1_member=587,0.0293636,0.359948,0,0.349601
gen=1_member=588,-0.0816104,0.397586,0,0.273768
gen=1_member=589,-0.0460249,0.339177,0,0.321468
gen=1_member=590,-0.066181,0.345011,0,0.299032
gen=1_member=591,-0.0637273,0.374649,0,0.342276
gen=1_member=592,0.302131,0.182747,0,0.236709
gen=1_member=593,-0.0232867,0.342819,0,0.247361
gen=1_member=594,-0.0159504,0.30599,0,0.284263
gen=1_member=595,0.0148638,0.386238,0,0.382229
gen=1_member=596,0.0414512,0.356019,0,0.348466
gen=1_member=597,0.138329,0.362806,0,0.328606
gen=1_member=598,0.253109,0.312363,0,0.315445
gen=1_member=599,-0.0324553,0.352965,0,0.275067
gen=1_member=600,-0.0355713,0.337995,0,0.36353
gen=1_member=601,0.0436945,0.35558,0,0.267854
gen=1_member=602,-0.0758153,0.440582,0,0.291964
gen=1_member=603,-0.0454068,0.418255,0,0.389762
gen=1_member=604,0.163768,0.383224,0,0.428008
gen=1_member=605,0.045724,0.33991,0,0.232135
gen=1_member=606,0.245874,0.257208,0,0.227372
gen=1_member=607,0.0707898,0.459209,0,0.242084
gen=1_member=608,-0.0504224,0.370327,0,0.328613
gen=1_member=609,0.081783,0.391107,0,0.307736
gen=1_member=610,-0.0412146,0.306394,0,0.364912
gen=1_member=611,-0.0346017,0.332108,0,0.316324
gen=1_member=612,0.111108,0.360416,0,0.326826
gen=1_member=613,-0.0101472,0.448095,0,0.313628
gen=1_member=614,0.244502,0.403351,0,0.339199
gen=1_member=615,-0.179625,0.362125,0,0.374823
gen=1_member=616,0.0671001,0.334589,0,0.324399
gen=1_member=617,0.134504,0.353829,0,0.284142
gen=1_member=618,0.197786,0.310969,0,0.407266
gen=1_member=619,-0.103291,0.380926,0,0.34723
gen=1_member=620,0.0162032,0.331146,0,0.428993
gen=1_member=621,0.0586923,0.349309,0,0.2922
gen=1_member=622,0.179385,0.385335,0,0.292475
gen=1_member=623,-0.0722472,0.33609,0,0.227867
gen=1_member=624,-0.0748343,0.362478,0,0.270928
gen=1_member=625,0.139561,0.365541,0,0.28307
gen=1_member=626,0.174038,0.30772,0,0.402072
gen=1_member=627,0.0354834,0.355955,0,0.341388
gen=1_member=628,0.0134284,0.359488,0,0.375435
gen=1_member=629,0.0391579,0.332208,0,0.394602
gen=1_member=630,0.0316863,0.21318,0,0.500445
gen=1_member=631,-0.0210611,0.386425,0,0.464876
gen=1_member=632,0.0806592,0.377084,0,0.556106
gen=1_member=633,-0.0252498,0.452183,0,0.343807
gen=1_member=634,-0.0355948,0.278728,0,0.332784
gen=1_member=635,0.0138489,0.395005,0,0.362609
gen=1_member=636,0.00346005,0.385722,0,0.414049
gen=1_member=637,-0.0531385,0.397038,0,0.243809
gen=1_member=638,0.10455,0.356179,0,0.305079
gen=1_member=639,-0.0762759,0.374074,0,0.346432
gen=1_member=640,-0.109428,0.379725,0,0.358661
gen=1_member=641,-0.0536025,0.322542,0,0.335842
gen=1_member=642,0.0083239,0.41086,0,0.232181
gen=1_member=643,-0.11172,0.394705,0,0.267071
gen=1_member=644,0.106272,0.459716,0,0.323901
gen=1_member=645,-0.073903,0.368324,0,0.407595
gen=1_member=646,0.205321,0.389583,0,0.43573
gen=1_member=647,-0.0802895,0.337052,0,0.330097
gen=1_member=648,-0.0405507,0.378711,0,0.389571
gen=1_member=649,0.240178,0.22649,0,0.216676
gen=1_member=650,-0.113555,0.401132,0,0.382344
gen=1_member=651,0.17848,0.282117,0,0.328423
gen=1_member=652,-0.0561914,0.402341,0,0.314633
gen=1_member=653,-0.0400975,0.456336,0,0.268301
gen=1_member=654,-0.00615276,0.385042,0,0.313044
gen=1_member=655,-0.0870804,0.377824,0,0.344331
gen=1_member=656,0.107845,0.35488,0,0.331797
gen=1_member=657,0.201991,0.331484,0,0.274514
gen=1_member=658,-0.134802,0.3469,0,0.24894
gen=1_member=659,-0.121288,0.33616,0,0.343662
gen=1_member=660,0.0583156,0.387925,0,0.300668
gen=1_member=661,-0.0529541,0.443229,0,0.363227
gen=1_member=662,0.171582,0.334703,0,0.296052
gen=1_member=663,0.138805,0.329353,0,0.370623
gen=1_member=664,0.0356521,0.285396,0,0.405164
gen=1_member=665,-0.111319,0.391483,0,0.339405
gen=1_member=666,-0.107116,0.397587,0,0.295129
gen=1_member=667,0.0719542,0.287822,0,0.364102
gen=1_member=668,0.17736,0.302506,0,0.301364
gen=1_member=669,-0.0392446,0.393405,0,0.285364
gen=1_member=670,-0.112002,0.376593,0,0.302613
gen=1_member=671,-0.158161,0.405722,0,0.293784
gen=1_member=672,-0.0409861,0.446211,0,0.294359
gen=1_member=673,-0.0396906,0.323541,0,0.299881
gen=1_member=674,0.0602689,0.373586,0,0.289967
gen=1_member=675,0.0858513,0.305183,0,0.297454
gen=1_member=676,0.0130463,0.326047,0,0.275752
gen=1_member=677,-0.032541,0.43377,0,0.324572
gen=1_member=678,0.0413939,0.412258,0,0.309349
gen=1_member=679,0.0193493,0.297965,0,0.35704
gen=1_member=680,0.254013,0.336322,0,0.278684
gen=1_member=681,0.0860769,0.270341,0,0.300061
gen=1_member=682,0.0207544,0.431528,0,0.302883
gen=1_member=683,-0.139952,0.376387,0,0.382129
gen=1_member=684,0.284288,0.363312,0,0.340569
gen=1_member=685,0.156951,0.356917,0,0.38048
gen=1_member=686,0.0561516,0.410098,0,0.335083
gen=1_member=687,0.116677,0.402425,0,0.38078
gen=1_member=688,-0.0137338,0.336836,0,0.396816
gen=1_member=689,-0.169644,0.246364,0,0.310888
gen=1_member=690,-0.0913521,0.325246,0,0.342887
gen=1_member=691,0.159948,0.410621,0,0.327339
gen=1_member=692,-0.0142572,0.368781,0,0.374759
gen=1_member=693,0.0607351,0.293375,0,0.354388
gen=1_member=694,0.0274817,0.35611,0,0.28971
gen=1_member=695,-0.259406,0.410561,0,0.245008
gen=1_member=696,0.0732236,0.293203,0,0.299686
gen=1_member=697,-0.0258079,0.427058,0,0.296296
gen=1_member=698,0.0578349,0.372458,0,0.296117
gen=1_member=699,-0.0666295,0.391425,0,0.339999
gen=1_member=700,0.193686,0.331238,0,0.290628
gen=1_member=701,0.140635,0.382324,0,0.377496
gen=1_member=702,-0.0396265,0.396985,0,0.343433
gen=1_member=703,0.0262772,0.379651,0,0.300251
gen=1_member=704,-0.193912,0.37643,0,0.358913
gen=1_member=705,-0.027133,0.353813,0,0.361935
gen=1_member=706,0.103111,0.356165,0,0.345506
gen=1_member=707,-0.155937,0.395573,0,0.236645
gen=1_member=708,-0.058025,0.39142,0,0.297554
gen=1_member=709,0.175552,0.3565,0,0.240067
gen=1_member=710,0.0842489,0.337296,0,0.345054
gen=1_member=711,-0.00401273,0.436479,0,0.360631
gen=1_member=712,-0.0743671,0.378125,0,0.379767
gen=1_member=713,0.0743951,0.364457,0,0.264805
gen=1_member=714,-0.195081,0.294289,0,0.349084
gen=1_member=715,0.156432,0.283194,0,0.445489
gen=1_member=716,0.164567,0.302203,0,0.315255
gen=1_member=717,0.0193781,0.31416,0,0.20063
gen=1_member=718,0.200965,0.25029,0,0.205161
gen=1_member=719,0.00620893,0.441401,0,0.317031
gen=1_member=720,-0.00628317,0.398553,0,0.281031
gen=1_member=721,-0.152615,0.298168,0,0.376677
gen=1_member=722,0.165755,0.383619,0,0.336292
gen=1_member=723,-0.134369,0.38976,0,0.309475
gen=1_member=724,0.163066,0.364662,0,0.362808
gen=1_member=725,0.208341,0.41695,0,0.343716
gen=1_member=726,-0.0811984,0.403582,0,0.319388
gen=1_member=727,0.112194,0.331239,0,0.294526
gen=1_member=728,0.1295,0.412557,0,0.354213
gen=1_member=729,-0.0677795,0.39953,0,0.266311
gen=1_member=730,0.0111972,0.292365,0,0.264563
gen=1_member=731,0.0136477,0.3117,0,0.310938
gen=1_member=732,0.136495,0.324488,0,0.333869
gen=1_member=733,-0.024297,0.423151,0,0.290823
gen=1_member=734,-0.0222803,0.418271,0,0.25225
gen=1_member=735,-0.0731577,0.331418,0,0.353151
gen=1_member=736,0.113371,0.399258,0,0.370935
gen=1_member=737,0.0279801,0.321894,0,0.209644
gen=1_member=738,0.0265543,0.394033,0,0.245318
gen=1_member=739,0.0874359,0.266783,0,0.288834
gen=1_member=740,0.10358,0.391784,0,0.275444
gen=1_member=741,0.0539544,0.350122,0,0.264302
gen=1_member=742,0.0441746,0.414591,0,0.244187
gen=1_member=743,-0.0295529,0.379832,0,0.301873
gen=1_member=744,-0.0679967,0.356186,0,0.288557
gen=1_member=745,0.0955513,0.332704,0,0.273452
gen=1_member=746,0.0439114,0.365962,0,0.235962
gen=1_member=747,0.00383889,0.303534,0,0.251514
gen=1_member=748,-0.0271739,0.357526,0,0.26257
gen=1_member=749,0.070969,0.368274,0,0.293999
gen=1_member=750,0.0985654,0.354797,0,0.235922
gen=1_member=751,0.0255478,0.387175,0,0.274214
gen=1_member=752,0.0980024,0.299435,0,0.392274
gen=1_member=753,-0.00783015,0.362944,0,0.18889
gen=1_member=754,0.00155495,0.372651,0,0.21695
gen=1_member=755,0.174968,0.33119,0,0.324405
gen=1_member=756,0.00361338,0.390485,0,0.26844
gen=1_member=757,0.131182,0.325366,0,0.235679
gen=1_member=758,0.069268,0.393254,0,0.393878
gen=1_member=759,0.00969713,0.384981,0,0.247233
gen=1_member=760,0.045113,0.356463,0,0.285252
gen=1_member=761,0.0720344,0.368774,0,0.310618
gen=1_member=762,-0.0116216,0.272733,0,0.279736
gen=1_member=763,0.00980413,0.370726,0,0.381071
gen=1_member=764,-0.168298,0.366434,0,0.217916
gen=1_member=765,0.237597,0.377515,0,0.358002
gen=1_member=766,0.155112,0.319638,0,0.342872
gen=1_member=767,-0.161533,0.406803,0,0.256282
gen=1_member=768,0.13458,0.436841,0,0.32727
gen=1_member=769,0.029184,0.361619,0,0.390521
gen=1_member=770,-0.0871524,0.316735,0,0.422634
gen=1_member=771,-0.297342,0.368994,0,0.241295
gen=1_member=772,-0.135709,0.302972,0,0.323794
gen=1_member=773,-0.205274,0.353095,0,0.330763
gen=1_member=774,0.236992,0.48316,0,0.274473
gen=1_member=775,-0.0146639,0.332725,0,0.288155
gen=1_member=776,0.0453429,0.403931,0,0.278477
gen=1_member=777,0.192474,0.357612,0,0.389418
gen=1_member=778,0.22535,0.41631,0,0.267346
gen=1_member=779,0.0189452,0.38642,0,0.29969
gen=1_member=780,0.0528663,0.337195,0,0.254537
gen=1_member=781,0.17426,0.365684,0,0.349645
gen=1_member=782,-0.0832265,0.431051,0,0.407374
gen=1_member=783,-0.134553,0.387492,0,0.267869
gen=1_member=784,0.00689885,0.423415,0,0.262626
gen=1_member=785,0.00612668,0.397927,0,0.342892
gen=1_member=786,0.140066,0.423964,0,0.338577
gen=1_member=787,-0.0298236,0.439223,0,0.243446
gen=1_member=788,0.235422,0.320072,0,0.181559
gen=1_member=789,-0.0772959,0.322547,0,0.270689
gen=1_member=790,0.000575453,0.419259,0,0.282663
gen=1_member=791,0.0621192,0.334943,0,0.263687
gen=1_member=792,-0.0144639,0.383317,0,0.353055
gen=1_member=793,-0.0212304,0.388505,0,0.394566
gen=1_member=794,0.115033,0.346508,0,0.296162
gen=1_member=795,0.0602467,0.34945,0,0.260052
gen=1_member=796,0.0977146,0.293075,0,0.328502
gen=1_member=797,0.177422,0.332107,0,0.29697
gen=1_member=798,0.155254,0.434381,0,0.30944
gen=1_member=799,0.095851,0.284538,0,0.300676
gen=1_member=800,0.0126384,0.38684,0,0.300215
gen=1_member=801,0.060569,0.3388,0,0.39553
gen=1_member=802,-0.194953,0.395763,0,0.388803
gen=1_member=803,-0.0874465,0.381986,0,0.20952
gen=1_member=804,-0.0824649,0.410188,0,0.300344
gen=1_member=805,-0.0895768,0.467106,0,0.257193
gen=1_member=806,0.0154904,0.292452,0,0.280304
gen=1_member=807,-0.029797,0.429318,0,0.33851
gen=1_member=808,-0.0911369,0.41709,0,0.402557
gen=1_member=809,0.11887,0.380411,0,0.265168
gen=1_member=810,-0.0688419,0.355528,0,0.251308
gen=1_member=811,-0.0590071,0.406916,0,0.309813
gen=1_member=812,0.0779278,0.430775,0,0.389511
gen=1_member=813,-0.0176309,0.390204,0,0.265421
gen=1_member=814,-0.0739387,0.399244,0,0.383883
gen=1_member=815,0.0291196,0.356922,0,0.319529
gen=1_member=816,-0.254448,0.40996,0,0.293639
gen=1_member=817,-0.0949371,0.351523,0,0.270261
gen=1_member=818,-0.0352994,0.326632,0,0.309768
gen=1_member=819,0.00680355,0.344779,0,0.337985
gen=1_member=820,-0.185912,0.429117,0,0.28326
gen=1_member=821,-0.00573358,0.26104,0,0.3838
gen=1_member=822,0.0408986,0.40916,0,0.275044
gen=1_member=823,-0.0624829,0.414789,0,0.330285
gen=1_member=824,0.0780988,0.288304,0,0.363378
gen=1_member=825,-0.0372257,0.359203,0,0.249734
gen=1_member=826,0.0229323,0.388092,0,0.316637
gen=1_member=827,0.268441,0.31393,0,0.20861
gen=1_member=828,0.0246147,0.30796,0,0.263731
gen=1_member=829,0.134999,0.380707,0,0.387611
gen=1_member=830,0.0306432,0.385665,0,0.324334
gen=1_member=831,-0.167729,0.369941,0,0.284246
gen=1_member=832,0.0987433,0.347966,0,0.416359
gen=1_member=833,0.170881,0.411325,0,0.244439
gen=1_member=834,0.0999857,0.403895,0,0.315815
gen=1_member=835,0.160881,0.380258,0,0.361544
gen=1_member=836,-0.0974672,0.420159,0,0.356876
gen=1_member=837,0.131002,0.382687,0,0.379301
gen=1_member=838,-0.224326,0.343327,0,0.503464
gen=1_member=839,0.0900253,0.309569,0,0.236324
gen=1_member=840,0.0383537,0.430432,0,0.496381
gen=1_member=841,0.088815,0.278787,0,0.324163
gen=1_member=842,0.112028,0.321198,0,0.32377
gen=1_member=843,0.047701,0.321397,0,0.355303
gen=1_member=844,0.134637,0.444956,0,0.300576
gen=1_member=845,0.0408544,0.431816,0,0.34325
gen=1_member=846,0.0214489,0.356514,0,0.375408
gen=1_member=847,0.0895729,0.298761,0,0.34166
gen=1_member=848,-0.0738119,0.365133,0,0.357711
gen=1_member=849,-0.0375574,0.359428,0,0.327515
gen=1_member=850,0.0425912,0.326328,0,0.244837
gen=1_member=851,-0.107794,0.407766,0,0.32717
gen=1_member=852,-0.140188,0.39285,0,0.341853
gen=1_member=853,0.171,0.341938,0,0.419302
gen=1_member=854,0.154407,0.377464,0,0.232718
gen=1_member=855,0.174155,0.301336,0,0.252915
gen=1_member=856,-0.0887174,0.382294,0,0.390161
gen=1_member=857,0.0409332,0.325044,0,0.313773
gen=1_member=858,0.0722891,0.377019,0,0.423725
gen=1_member=859,0.0796428,0.355903,0,0.331253
gen=1_member=860,-0.0797333,0.426028,0,0.434441
gen=1_member=861,0.21316,0.376565,0,0.275947
gen=1_member=862,0.235066,0.375548,0,0.50033
gen=1_member=863,0.114764,0.462459,0,0.424076
gen=1_member=864,0.0152108,0.370856,0,0.433216
gen=1_member=865,0.0307543,0.352114,0,0.358142
gen=1_member=866,-0.0755247,0.423709,0,0.358198
gen=1_member=867,-0.0901966,0.291298,0,0.372718
gen=1_member=868,0.0962997,0.364476,0,0.375158
gen=1_member=869,0.0390158,0.503312,0,0.367544
gen=1_member=870,0.0148623,0.417224,0,0.20441
gen=1_member=871,-0.11415,0.366334,0,0.249322
gen=1_member=872,0.0443504,0.420394,0,0.264533
gen=1_member=873,-0.0925378,0.381145,0,0.375962
gen=1_member=874,0.0464982,0.364139,0,0.360009
gen=1_member=875,-0.147334,0.338318,0,0.352496
gen=1_member=876,-0.276508,0.350112,0,0.342682
gen=1_member=877,0.0363586,0.393115,0,0.301841
gen=1_member=878,0.206634,0.312404,0,0.346743
gen=1_member=879,0.153063,0.327868,0,0.378178
gen=1_member=880,-0.0229729,0.338067,0,0.294521
gen=1_member=881,0.299803,0.243864,0,0.2614
gen=1_member=882,0.0169877,0.390315,0,0.347322
gen=1_member=883,-0.142292,0.444633,0,0.358062
gen=1_member=884,-0.0319012,0.36847,0,0.327054
gen=1_member=885,-0.107443,0.417575,0,0.345242
gen=1_member=886,0.0591925,0.342291,0,0.220858
gen=1_member=887,0.070211,0.337691,0,0.236132
gen=1_member=888,0.162854,0.332091,0,0.279569
gen=1_member=889,-0.080077,0.339301,0,0.339589
gen=1_member=890,-0.0154806,0.444392,0,0.391396
gen=1_member=891,-0.117719,0.368918,0,0.422834
gen=1_member=892,0.0105088,0.376938,0,0.28525
gen=1_member=893,0.176946,0.328194,0,0.261314
gen=1_member=894,-0.230101,0.365235,0,0.255094
gen=1_member=895,-0.0770694,0.413375,0,0.299325
gen=1_member=896,0.102573,0.299117,0,0.300483
gen=1_member=897,0.330935,0.282437,0,0.379261
gen=1_member=898,0.0230939,0.305064,0,0.229923
gen=1_member=899,-0.036852,0.352715,0,0.22036
