real_name,x1,x2,x3,x4,x5,x6,x7,x8,x9,x10
gen=0_member=0,2.54748,-4.63517,-2.01485,0.70527,3.57299,-3.0424,2.78675,0.8777,3.26306,3.08789
gen=0_member=1,4.02135,2.54121,2.74122,-2.20359,-0.412191,3.37762,-3.65779,-3.87623,-4.04635,2.2716
gen=0_member=2,-4.40281,-2.6557,-0.316612,-3.87557,0.628052,-2.24381,3.10215,-4.20474,1.36229,0.387682
gen=0_member=3,-3.4984,3.1955,0.23302,3.00782,-3.5994,-3.58323,-3.55448,0.698447,-2.94812,-4.46158
gen=0_member=4,-3.13195,-4.47448,-2.68815,1.69284,-2.3622,-0.253497,-1.27608,1.48705,3.56787,-3.15815
gen=0_member=5,4.42679,-4.20221,-3.50257,0.913278,3.17266,-1.10878,-1.01632,4.71143,-3.44384,0.40335
gen=0_member=6,-1.59494,3.8929,1.40044,1.72951,-0.193637,-2.35373,4.81735,-2.56442,-0.626231,4.26015
gen=0_member=7,-1.73774,3.768,4.95955,-3.62024,3.01011,-4.37813,4.26506,4.52863,-1.15543,-0.955873
gen=0_member=8,-1.98764,0.771134,-2.77825,-0.934671,-2.83566,2.70801,-0.724489,2.5873,0.807049,-2.14798
gen=0_member=9,-2.86782,0.367062,-0.522055,1.93487,-3.47513,-3.23497,-2.76178,-1.06599,4.90956,-2.87186
gen=0_member=10,1.00877,-3.11852,-0.488704,2.87504,-1.30038,0.271725,-1.14045,-1.82154,-4.15403,-0.502806
gen=0_member=11,-2.26673,-1.65237,-4.46008,-4.63202,3.61473,-3.4636,-1.57301,3.06052,4.71682,0.26109
gen=0_member=12,-3.80915,4.72684,0.153091,-2.15719,-1.43144,-2.4986,-0.0656523,2.18864,2.40661,3.29757
gen=0_member=13,0.565617,-4.34206,3.97555,3.67564,2.2918,4.21488,2.10635,-3.2513,4.66319,-3.31327
gen=0_member=14,1.7457,-3.52947,-1.75577,-2.82392,3.8585,1.57998,-4.5995,-3.35158,1.06144,3.50576
gen=0_member=15,-0.555542,1.14863,-2.32045,2.44707,1.13595,-0.804541,3.41103,-1.7812,4.493,-4.79559
gen=0_member=16,2.91429,-4.17246,2.12296,-4.20257,-4.01778,2.97531,1.14517,-0.989829,-2.65941,0.040626
gen=0_member=17,-3.61032,0.868378,-3.8835,-1.17389,-3.90384,0.959661,0.897125,-2.99666,-3.69663,-1.68614
gen=0_member=18,4.5916,2.25515,-3.37413,0.434866,-2.24343,2.36367,3.69749,-2.69413,1.98619,-2.03749
gen=0_member=19,-1.48265,4.06569,3.8765,0.275649,3.46972,-2.78626,4.13475,2.32708,1.26965,-0.883089
gen=0_member=20,2.4774,-3.72019,-0.660818,-3.79942,-4.92873,2.58578,-2.06546,-3.70951,-1.81244,0.873358
gen=0_member=21,2.1695,-3.84678,-4.29047,0.586034,3.23932,-2.84536,0.994046,-4.55277,2.99872,-1.04637
gen=0_member=22,2.21753,4.52698,0.774022,3.40438,0.435655,1.28054,4.96643,1.50853,-0.842348,2.40404
gen=0_member=23,-3.05256,-3.27482,-4.07072,4.56037,-4.30063,2.15626,-0.938929,1.94085,2.3375,0.108327
gen=0_member=24,-4.98109,3.51716,-3.68477,-0.0897448,0.321982,4.58365,-4.49892,-0.475926,3.48459,1.24488
gen=0_member=25,4.32727,2.81682,0.506476,1.34087,0.705521,4.08124,-4.10106,1.11842,4.13343,2.53613
gen=0_member=26,-0.666971,-1.86815,-4.18135,3.19131,-3.25457,4.77048,4.66533,0.738131,-2.78752,-2.50336
gen=0_member=27,-4.72397,-1.12214,-2.99259,-4.36263,-1.93543,-1.73126,-2.89998,-3.56994,0.642912,4.93813
gen=0_member=28,-2.66162,-1.06098,-3.72707,4.89458,-0.884946,-0.625087,-3.1575,-3.60345,-4.38039,3.72762
gen=0_member=29,-4.84563,-3.0084,1.53175,1.5008,1.31884,-2.17603,-1.32762,2.97709,0.527273,1.64612
gen=0_member=30,-4.17876,-3.45601,-1.42662,3.84449,-1.75641,-1.61307,-4.09506,0.464064,0.748698,3.88057
gen=0_member=31,3.99009,3.93457,-0.0838709,0.103239,-3.32827,-4.03888,2.04343,-3.06326,3.72074,4.6023
gen=0_member=32,-0.0760907,-0.214437,4.8374,-0.266922,4.54656,0.504638,-4.27378,-0.304967,4.56152,-2.2118
gen=0_member=33,1.30125,2.75651,4.25355,-3.27028,-0.0398529,-1.42505,1.55336,4.14598,-1.71859,2.83626
gen=0_member=34,3.47785,-1.48664,-4.84848,-3.32563,4.88883,-4.68904,3.0316,-2.33603,-2.34337,-0.305138
gen=0_member=35,1.81023,-1.2169,2.43263,4.29369,4.2732,3.03759,-3.40881,-1.45662,4.02873,2.32578
gen=0_member=36,3.56274,-4.96878,-3.95545,-0.1409,2.1759,1.73316,-3.07372,3.19612,-4.87774,-3.88389
gen=0_member=37,-4.54527,0.697919,-4.39744,-3.54231,-4.11476,-1.05537,2.99906,0.211904,2.87425,0.934179
gen=0_member=38,-0.966096,2.32772,3.53187,1.1528,-2.42652,-1.53367,-4.89988,3.81925,3.67139,0.55511
gen=0_member=39,0.250445,-2.75719,4.75411,2.12805,3.96728,-0.380007,0.0250821,2.40314,-3.55038,-1.54316
gen=0_member=40,-3.57448,-4.50461,4.13437,-4.83853,-1.56301,-0.457649,-2.24828,2.09646,0.936659,-4.56532
gen=0_member=41,4.83998,-0.137793,1.73482,4.35228,1.29377,0.816561,-2.40724,-2.45536,-0.523613,-4.93849
gen=0_member=42,0.610403,-1.76592,-1.88558,-4.18405,1.67347,-3.97663,1.02789,-2.7245,0.245065,3.13315
gen=0_member=43,-1.3139,-0.084428,4.31911,4.72351,-3.19915,3.67801,2.65341,-4.30398,-0.390443,4.07704
gen=0_member=44,4.25401,1.88096,2.26373,-2.96001,3.7833,1.39266,1.82194,1.77843,-3.03123,-3.20171
gen=0_member=45,-4.0703,0.0360422,-0.777081,-4.77771,4.40094,4.19925,-0.837765,3.7672,-2.01623,-2.75085
gen=0_member=46,1.13342,3.37436,3.7858,2.0986,2.47116,-2.51292,-0.223534,3.6473,-3.75786,1.09298
gen=0_member=47,3.71334,-2.38733,3.00741,-2.39032,-4.55844,-4.77288,1.28728,-1.20623,3.38628,4.18957
gen=0_member=48,0.985227,-0.55042,3.63202,2.9938,-0.901817,2.80124,-3.96854,-0.00248425,1.6761,-0.26387
gen=0_member=49,1.24493,-3.94718,2.51795,3.71465,0.984201,-3.79922,2.2011,1.27911,-0.14416,1.18889
gen=0_member=50,0.0832818,3.42146,-0.169214,4.68801,-1.84366,0.412096,4.7641,-3.14793,-3.87131,2.97882
gen=0_member=51,-2.3895,1.37531,-4.57544,4.46997,-0.685484,3.5214,0.498569,0.308844,-4.29861,4.89673
gen=0_member=52,3.84016,4.18259,1.37228,-4.54654,1.75977,-1.2067,-4.95312,-1.1078,-4.64973,-1.995
gen=0_member=53,-2.99249,3.23789,3.21898,0.863881,3.31447,2.40674,3.2758,0.597354,1.75859,-2.60518
gen=0_member=54,0.145741,-0.623051,2.87159,3.92695,2.53597,-3.61656,1.72663,-4.81128,0.0594592,-3.05429
gen=0_member=55,4.11609,-0.344611,-3.0158,-2.77692,-4.66376,1.11083,-1.40895,3.2891,2.11244,-3.64986
gen=0_member=56,-2.52425,-4.01111,0.903069,3.23825,0.053218,-0.50378,3.85426,-3.90517,-0.294949,1.93785
gen=0_member=57,0.355357,-1.33341,-3.16969,2.61331,-1.00474,1.61258,0.65514,-4.1247,-0.997372,-1.75676
gen=0_member=58,0.836354,1.25101,1.69836,0.311738,1.84494,3.49002,-0.687914,4.62993,-0.448596,1.50077
gen=0_member=59,1.58488,4.44457,2.9829,1.04663,0.202169,-2.68761,0.246496,-4.75661,-4.5297,1.45384
gen=0_member=60,4.95548,-3.60106,4.43736,-1.26291,2.3622,-4.45646,4.32093,-0.737851,3.97095,-3.54692
gen=0_member=61,1.489,0.576779,-2.8066,-0.680471,-1.63243,0.742435,4.04902,-0.106028,2.512,-1.26889
gen=0_member=62,-2.13859,-0.958165,0.449841,-2.67034,-2.67853,-4.56189,0.134451,-2.004,-2.54784,-0.472699
gen=0_member=63,0.770125,2.65917,-1.02825,-1.70764,2.70285,1.85503,-3.7876,4.84062,-1.01137,-3.42045
gen=0_member=64,-0.162454,4.89152,-0.291258,4.15474,0.538082,-4.89984,-0.135778,2.26739,3.06727,-4.15638
gen=0_member=65,-0.737467,-1.90775,3.40319,-1.54053,-0.344993,3.20514,4.55859,3.98435,3.1212,0.722222
gen=0_member=66,-0.412265,-2.594,1.22454,-2.0903,-0.519154,4.64733,-0.301483,3.38071,-1.3555,2.79892
gen=0_member=67,-1.84117,0.159032,-2.18617,-0.483452,-4.82552,-0.96999,1.61302,-4.64308,-1.26653,-4.6316
gen=0_member=68,3.30897,0.434682,-1.38221,-1.39813,-3.65248,0.0654355,3.50048,4.27107,2.60773,-0.0321754
gen=0_member=69,1.99932,-3.34842,2.33713,4.00127,2.86733,-3.83963,-4.38724,-2.29521,-3.9673,1.36247
gen=0_member=70,-4.25034,1.4783,-1.53943,2.21258,4.1439,2.01558,1.92137,-1.63985,-2.45953,-3.97743
gen=0_member=71,3.23311,0.996049,2.0389,0.0416171,-3.87382,-1.90287,3.37699,2.86202,1.11334,-4.06106
gen=0_member=72,-3.34554,-0.822537,-1.28976,2.31741,-4.25262,2.63064,0.348349,3.50791,-3.39263,-3.72788
gen=0_member=73,2.36735,1.69553,-3.28238,1.4517,-2.13739,1.45971,-2.33906,-1.54387,-3.24066,-1.30952
gen=0_member=74,-4.63233,-2.86615,-1.68955,-2.45918,0.164676,-0.039333,-1.96285,0.967403,4.34477,-4.34474
gen=0_member=75,1.60744,-2.94882,-0.978721,-1.98853,-1.24815,-4.12928,1.39544,0.0903251,3.89907,-0.624086
gen=0_member=76,4.60125,2.13568,0.855493,-4.04758,4.34562,-4.29066,2.84416,4.98768,0.139753,-2.93837
gen=0_member=77,3.65716,-2.23292,-2.52551,-0.548129,-0.214502,1.08767,2.33196,4.08818,-2.88744,4.54996
gen=0_member=78,-4.38608,1.9136,-3.49046,-0.804287,2.64264,-3.16283,2.5113,-2.13527,-4.4895,-2.32512
gen=0_member=79,2.6286,-0.496112,1.90213,0.655707,-2.75043,-3.36254,-1.67694,1.06874,-1.90217,3.97259
gen=0_member=80,-0.867769,2.42209,0.362968,-0.7065,-4.4905,-4.93296,0.564363,-0.521438,-4.77233,2.07316
gen=0_member=81,-3.25182,-4.85074,1.81258,-3.17851,4.75748,4.96461,-3.30663,1.3682,0.494491,3.36328
gen=0_member=82,-3.79396,4.68315,3.31387,2.75226,1.03249,0.384457,-3.88216,-0.237472,-3.10529,-0.787442
gen=0_member=83,-0.203528,-2.14744,4.02185,-4.92175,-2.09686,0.681408,-4.79882,4.46039,-0.0850705,-1.15934
gen=0_member=84,4.70363,4.97047,4.65963,-1.06909,1.99095,4.33932,-0.536838,-2.89939,2.22435,3.41973
gen=0_member=85,-1.25317,-2.40412,1.09492,-1.85682,-0.785987,4.82183,0.762636,4.33254,-1.4059,0.628323
gen=0_member=86,-3.94419,3.01044,2.6802,-4.46325,2.00343,3.83338,-1.86885,1.69083,1.56892,4.34891
gen=0_member=87,-1.67529,1.04132,3.13252,3.32519,-2.55375,-2.09895,-4.67344,3.43394,0.350066,2.64184
gen=0_member=88,0.466805,-4.7317,-2.42487,-3.42282,-2.90345,4.48158,-1.76819,2.7962,-2.10421,4.75155
gen=0_member=89,-0.328254,0.271427,-1.9262,3.53676,-3.77911,-0.766228,2.46872,-3.43813,-1.64013,3.69441
gen=0_member=90,3.16831,1.59933,-4.7903,-0.38222,-1.16733,3.79412,4.49468,2.65166,4.80254,-4.86444
gen=0_member=91,-2.01823,2.95836,0.0626579,-2.55408,0.854456,3.16951,1.47943,0.108059,2.79115,-2.44846
gen=0_member=92,2.06219,2.08219,-1.12243,2.59943,4.06248,-2.90055,-2.63872,-0.690472,2.07722,-0.137529
gen=0_member=93,-2.70141,-1.54219,1.15705,4.95248,1.5237,2.27711,-2.19419,-4.00045,-1.56584,-4.21868
gen=0_member=94,2.7772,4.26433,0.630037,-3.0291,-4.76693,-1.86996,-2.57673,-0.872488,4.26776,-1.89842
gen=0_member=95,-1.09509,4.39795,-4.63655,-1.4878,2.99156,0.148755,-0.408701,1.83882,-0.751485,1.8285
gen=0_member=96,-2.45024,-0.798349,-2.21188,1.28874,-3.05782,1.95022,3.77173,-1.90958,1.4486,4.42471
gen=0_member=97,3.05385,1.72834,4.53812,-1.69559,1.4076,-0.111171,-2.95609,-1.32265,-2.26092,1.73383
gen=0_member=98,2.86697,-2.02306,-0.812465,1.87461,4.9269,-1.38168,-3.2996,-4.93193,1.88446,-1.46648
gen=0_member=99,-1.19956,3.62235,-4.94245,-3.9886,4.65693,3.94316,3.94093,-4.44959,-4.92421,2.12159
gen=1_member=0,0.296664,2.26611,0.543908,3.08613,1.37099,0.207491,0.272752,1.95785,2.88732,3.03931
gen=1_member=1,0.394705,1.28098,3.1232,1.8225,1.72473,0.391361,1.86396,0.449991,1.89929,1.57614
gen=1_member=2,2.62046,2.57476,0.619832,1.42178,0.131443,3.12195,0.4649,1.81175,1.55001,2.45962
gen=1_member=3,0.964314,3.06471,0.733128,0.407423,1.72982,2.57617,2.09682,2.9174,1.03824,1.20061
gen=1_member=4,2.87026,2.17851,1.48424,3.07829,1.1649,0.187452,1.53357,1.358,2.14878,1.53609
gen=1_member=5,2.10366,1.41471,0.957236,2.96161,1.63972,0.867387,2.31037,0.106955,2.52944,2.66256
gen=1_member=6,1.36766,2.44653,1.86676,0.041069,2.1345,2.21195,1.23249,2.88084,1.71842,0.111691
gen=1_member=7,1.07741,2.92559,1.81635,1.12547,0.877401,2.85489,1.77627,2.71222,0.688737,1.16212
gen=1_member=8,2.39352,0.477748,0.848395,2.86229,3.09516,2.0093,2.63119,1.12148,3.06036,1.41787
gen=1_member=9,0.494803,1.12797,2.93753,0.776413,1.30272,2.88564,2.14661,0.596908,1.28329,0.679099
gen=1_member=10,1.48063,0.995033,0.507176,1.84006,2.22931,0.489607,1.28488,1.61948,2.4267,2.12507
gen=1_member=11,0.217547,3.06488,1.02162,3.09671,0.710782,1.00033,0.453615,2.94593,2.97808,2.4802
gen=1_member=12,3.04526,2.0926,0.386836,2.23154,2.78765,2.69017,2.40494,0.632744,0.732714,1.75312
gen=1_member=13,1.79,3.11013,0.173,0.440634,2.22206,1.1535,1.40696,1.48756,2.11969,0.686721
gen=1_member=14,0.988195,1.75928,1.1955,1.12192,0.993089,0.159251,0.597993,0.882892,0.151264,1.38555
gen=1_member=15,2.03028,2.87804,2.83154,1.27409,0.25682,2.13638,0.902461,2.02259,1.21557,1.70419
gen=1_member=16,1.08771,1.86395,0.644313,0.790265,1.64736,1.58263,0.992875,2.54674,2.54842,0.0551587
gen=1_member=17,1.61327,2.42035,1.26829,0.614842,0.091121,2.25349,0.24478,0.590288,1.48475,2.34276
gen=1_member=18,0.443067,2.50862,1.06668,1.68971,0.629282,0.945603,2.73168,1.2706,2.27558,0.345021
gen=1_member=19,2.32737,2.78006,1.52589,0.498266,1.2767,1.2287,0.132576,0.620844,1.98011,2.31409
gen=1_member=20,1.56013,0.421632,0.836189,1.17886,2.47174,2.84546,0.0375898,2.7498,1.19033,3.05122
gen=1_member=21,3.11564,0.343466,2.09233,0.227446,2.26019,3.03487,0.0933231,2.86664,2.94797,1.0775
gen=1_member=22,2.71029,0.217149,2.6944,0.71862,2.13216,1.2219,2.71527,0.183761,2.91985,2.89658
gen=1_member=23,1.90713,0.777585,0.712023,0.400444,2.58333,1.69804,0.770365,0.247822,0.295802,2.16981
gen=1_member=24,2.65717,2.056,1.85168,0.873539,2.09849,1.0397,2.579,0.0629213,0.045829,2.39243
gen=1_member=25,1.03516,1.66848,0.438153,0.242078,0.473458,2.28495,1.06884,0.334676,3.02561,1.90518
gen=1_member=26,1.04835,2.5676,0.208971,2.80793,0.502422,0.363624,0.160889,1.47271,2.3355,0.538084
gen=1_member=27,2.95215,2.72447,2.84014,2.88008,2.21531,0.105442,2.72961,0.371626,1.35737,0.807314
gen=1_member=28,0.0510275,1.65018,1.36729,1.08343,1.51866,1.19079,1.79621,3.04688,1.48928,2.87195
gen=1_member=29,1.09377,1.31546,2.82087,1.30462,0.126564,1.48111,2.07262,0.614223,2.44905,1.52775
gen=1_member=30,2.3544,1.54966,0.747416,2.70133,1.24878,1.68203,1.87969,0.721738,0.486775,1.80695
gen=1_member=31,1.93929,2.32095,1.47315,0.0844324,2.48481,0.749814,2.64959,1.07094,2.91582,2.9117
gen=1_member=32,2.51645,2.04322,0.290822,2.83248,2.33909,2.43562,1.76974,1.21157,2.21981,2.91741
gen=1_member=33,0.0819556,2.51046,1.14085,0.959464,2.88468,2.95438,1.85884,0.278923,2.26101,3.07287
gen=1_member=34,0.850572,0.564814,0.938533,2.77534,2.19082,1.81063,2.17005,2.90603,1.31796,1.50231
gen=1_member=35,2.55495,2.15477,0.463458,2.36089,0.196822,1.83823,1.71956,2.57619,2.60928,2.3266
gen=1_member=36,1.20188,3.02982,1.58027,2.68073,0.582597,1.22872,1.97229,0.0899178,1.0885,1.49814
gen=1_member=37,1.26484,1.29106,0.547669,1.90987,2.17749,1.66176,0.412709,1.977,0.227739,2.48893
gen=1_member=38,1.33262,2.70134,2.60606,1.32933,0.983005,2.83403,0.256414,2.59784,2.70038,1.26382
gen=1_member=39,2.10548,2.45633,2.38105,1.1184,0.80755,0.271398,2.97834,1.25482,1.42924,2.80373
gen=1_member=40,3.06746,0.911518,0.456391,2.79688,1.91941,2.98805,1.54304,1.7869,1.51488,0.985921
gen=1_member=41,2.34254,0.263795,2.57709,1.00234,0.116199,2.71175,1.04975,2.38675,2.9016,2.77369
gen=1_member=42,2.98572,3.12765,2.17698,1.96498,1.73526,2.35896,1.89192,0.678038,2.99865,1.96812
gen=1_member=43,1.52631,2.52602,2.37907,1.10116,1.69977,2.94282,2.81108,2.87341,1.29265,0.061901
gen=1_member=44,0.48279,0.188638,2.76977,2.52289,0.960895,0.697098,0.59406,2.55799,2.1312,0.906852
gen=1_member=45,1.45915,2.31115,0.00322218,0.622226,2.21859,0.143474,0.19902,2.61278,1.98391,2.93607
gen=1_member=46,2.93036,2.8935,1.04497,2.60061,2.89731,2.56727,0.718189,2.62393,2.98171,2.40411
gen=1_member=47,1.64091,0.525536,0.64688,0.509955,0.0386418,1.57225,1.20935,0.408868,0.226399,2.63238
gen=1_member=48,1.16872,2.83313,0.831044,0.169786,2.06145,1.49055,0.530455,0.792714,0.163725,0.0725387
gen=1_member=49,0.507815,2.22776,2.86235,2.63084,0.0722394,2.15218,0.388572,1.30564,1.8425,0.506059
gen=1_member=50,0.228528,1.73997,0.839625,2.59898,0.965688,0.410582,0.104296,2.58593,2.23887,1.72596
gen=1_member=51,0.259373,2.89899,3.00828,2.75856,0.299716,0.632661,1.75107,0.102736,1.37974,0.993334
gen=1_member=52,1.81479,1.63536,0.81465,0.551833,1.97839,2.27278,1.78518,1.02927,2.97069,2.38837
gen=1_member=53,3.13656,2.59385,2.90932,0.546522,2.27172,0.832596,1.29739,2.31776,1.30961,0.308113
gen=1_member=54,0.108596,0.661563,2.63389,2.73997,1.4535,2.06568,2.7643,2.61974,2.24749,0.517403
gen=1_member=55,1.90285,1.22372,0.586566,1.077,0.52355,2.72996,0.0605569,1.87763,1.8594,1.22152
gen=1_member=56,0.700527,0.16702,2.27941,0.208436,2.02585,2.9398,1.34209,1.71707,0.51223,0.935579
gen=1_member=57,0.231039,0.0907492,1.44401,1.92917,2.84063,1.98015,2.44204,0.394422,1.15106,2.0894
gen=1_member=58,0.638906,1.19925,1.48291,2.27197,0.82847,2.965,2.06154,2.11778,1.71593,1.99254
gen=1_member=59,2.89193,2.88585,2.93266,1.48871,1.16041,1.40944,0.22574,2.01213,1.08344,0.351149
gen=1_member=60,1.97838,2.67725,1.07014,1.23591,0.691258,0.734315,2.47435,0.821299,1.43313,2.9485
gen=1_member=61,1.02905,2.83892,2.56949,0.537051,0.171189,1.58502,2.94863,2.38308,1.26634,2.97431
gen=1_member=62,0.0453462,0.20939,1.35235,0.954992,2.96243,0.951474,1.76178,0.864095,2.77853,1.54922
gen=1_member=63,1.82725,0.902118,2.33327,1.36725,1.66436,0.660005,1.03642,1.66937,0.772988,1.60985
gen=1_member=64,2.88677,0.666544,0.51139,1.77603,1.47527,0.676801,1.98199,1.87206,2.73156,0.773506
gen=1_member=65,2.9026,1.57428,2.18354,1.67082,0.246689,0.659446,2.14843,0.859637,2.59252,1.33283
gen=1_member=66,1.43909,1.0264,0.770657,1.29477,0.773563,2.93001,1.69852,0.301236,2.95656,0.477276
gen=1_member=67,2.12665,0.314182,2.85336,1.21193,1.89264,0.853284,2.67933,0.713473,0.0377168,1.27934
gen=1_member=68,1.8352,1.6914,3.01762,1.35441,2.29479,0.515733,1.45392,0.998342,2.33518,1.1783
gen=1_member=69,0.361541,1.71689,2.09958,2.12695,3.09178,0.0470779,2.12527,0.118043,0.596708,1.09616
gen=1_member=70,3.08493,1.17472,2.24787,0.321715,2.76035,3.08885,0.939688,2.43555,0.913659,2.59015
gen=1_member=71,1.41445,1.00053,1.31714,2.72808,0.0890152,2.77814,2.60537,1.45169,1.11198,2.57082
gen=1_member=72,2.69953,0.134168,2.66392,0.82683,1.46992,1.1036,2.69434,1.65884,0.839114,1.00185
gen=1_member=73,2.90034,2.78787,0.5564,0.807755,2.95717,1.45473,0.171869,0.944197,2.07654,2.20939
gen=1_member=74,0.457153,2.46849,0.996174,2.05385,2.15563,2.70854,1.51032,0.322194,0.620424,0.0152018
gen=1_member=75,0.133524,0.606446,3.03169,2.49564,2.81323,1.96274,3.11336,0.282419,1.06814,1.69227
gen=1_member=76,0.777803,2.94459,0.986531,1.30889,3.1116,3.13708,1.99504,0.259501,0.971542,1.63871
gen=1_member=77,0.121603,2.46067,1.45239,1.13872,0.314527,1.64196,0.384544,0.701357,1.49069,2.637
gen=1_member=78,2.48804,1.14479,0.347488,2.7176,0.720601,1.21867,2.81644,2.04885,0.421861,2.46976
gen=1_member=79,0.711923,0.03248,0.921092,1.85551,1.93937,1.52035,0.295824,1.66221,1.97832,1.90925
gen=1_member=80,1.48845,0.395861,0.851757,0.855152,2.24281,0.485239,1.16523,1.99131,0.615405,0.19791
gen=1_member=81,1.19767,0.98123,1.49718,0.171487,0.00864656,0.547398,0.556514,0.0606193,2.51634,1.46583
gen=1_member=82,2.15953,1.07141,1.99571,1.50894,1.80327,2.68055,2.63938,0.351423,1.76967,1.6787
gen=1_member=83,0.470036,3.08234,2.75522,2.84181,0.813081,2.62389,0.649785,0.0324725,1.97444,0.357939
gen=1_member=84,2.90536,2.51785,2.89053,2.53544,0.533757,0.847144,1.4418,2.01055,3.08295,0.583907
gen=1_member=85,2.19788,1.91594,0.27623,2.88831,2.24694,0.11976,0.889527,1.09075,0.607786,1.99448
gen=1_member=86,2.52519,2.20694,0.699883,2.55784,1.64198,2.92022,1.61004,0.461683,1.82119,2.03675
gen=1_member=87,0.56658,1.80982,1.31321,0.692615,1.33852,2.93526,3.03831,2.23124,2.0628,0.93273
gen=1_member=88,2.60946,0.458486,0.468192,2.42866,0.643094,2.37566,0.227641,0.984984,0.285052,2.43768
gen=1_member=89,2.98179,2.76975,2.30323,0.258389,1.79398,1.52748,2.85693,0.481272,0.442647,2.23447
gen=1_member=90,2.07621,2.44868,2.87675,2.96501,2.57007,0.389475,2.64524,1.15583,3.13861,1.97397
gen=1_member=91,0.732571,1.59663,0.782405,0.382271,0.0258028,0.498439,2.69572,1.9601,0.408355,1.84884
gen=1_member=92,1.47259,0.2546,1.51512,2.16566,0.677461,1.8883,0.523485,2.65884,2.64097,1.91387
gen=1_member=93,2.85271,1.46987,1.27544,1.65003,2.2823,1.72506,1.00858,0.0560883,2.72864,2.50613
gen=1_member=94,1.75298,0.0963067,2.9727,2.3721,1.12406,1.35534,0.177327,2.8289,1.68873,0.597533
gen=1_member=95,0.0378952,1.57643,2.80308,2.57266,0.470508,3.08204,0.675666,2.93062,2.69277,2.27928
gen=1_member=96,1.18083,2.70381,1.68156,2.19901,2.77938,1.93946,1.19139,2.52051,0.47368,0.0948262
gen=1_member=97,1.56547,2.81271,0.303674,0.225879,2.01091,2.09993,0.567223,2.11977,3.00332,2.99763
gen=1_member=98,1.04636,2.03847,1.51304,1.83309,1.49703,0.505809,2.53885,0.160134,2.2165,0.220459
gen=1_member=99,1.98319,1.49222,1.56716,2.02693,2.83388,2.89418,1.65414,1.35153,1.43759,0.747757
gen=1_member=100,2.43691,2.03378,1.78811,0.91835,1.75224,2.76434,0.149954,1.34818,2.59984,1.91285
gen=1_member=101,1.17259,3.13587,1.25171,1.49298,2.45812,2.4148,2.67488,2.2991,1.25858,0.274607
gen=1_member=102,0.192863,1.96738,0.338448,2.45554,0.975871,1.3731,0.782302,0.745473,1.65273,0.265318
gen=1_member=103,1.26201,0.646379,0.680084,2.63979,2.954,1.28641,3.11943,2.13512,1.89627,2.92966
gen=1_member=104,1.23325,2.66413,1.15564,2.23554,0.429024,1.42298,1.51262,0.217604,2.75939,2.05695
gen=1_member=105,0.611968,2.81384,2.38777,2.16925,1.88831,1.51348,2.02236,0.568326,2.5386,1.52513
gen=1_member=106,0.30806,3.09923,1.66571,1.00831,1.85211,1.352,1.22432,2.76946,1.10774,1.47459
gen=1_member=107,1.75746,0.551986,1.51998,0.434425,0.029586,1.24831,0.286463,1.74141,0.325616,2.31996
gen=1_member=108,2.76472,2.71905,2.70443,1.54782,1.50921,2.27066,2.15408,1.51667,0.873439,0.621117
gen=1_member=109,1.52412,0.734975,2.153,2.48957,0.768795,0.0385311,0.440334,1.73648,2.00681,2.71763
gen=1_member=110,2.9334,1.52468,1.35985,2.11215,0.268499,0.781188,2.17174,1.7246,2.77245,2.073
gen=1_member=111,1.00421,1.95645,1.86864,1.89071,2.15956,2.08272,0.0488251,1.59216,2.823,0.00683492
gen=1_member=112,0.599508,0.730801,2.2711,1.58595,1.82895,0.687227,0.804513,0.0516284,0.707932,1.82765
gen=1_member=113,1.89466,0.703306,1.9678,2.07322,0.916175,2.55338,1.50207,2.1871,0.0664145,2.80086
gen=1_member=114,1.20883,0.516701,1.06178,0.609295,1.15876,1.75686,1.96759,0.0825255,1.7906,0.544908
gen=1_member=115,1.37577,2.698,0.941398,1.73266,2.7219,3.09947,0.0132828,2.49471,2.68793,2.88653
gen=1_member=116,0.5728,1.84879,3.07272,2.91185,2.97313,1.55602,0.249188,1.74832,2.23728,2.88155
gen=1_member=117,0.170539,0.0931887,0.075602,2.00248,2.92987,1.17716,1.77716,1.62459,0.702261,0.709158
gen=1_member=118,1.58833,1.64225,0.97622,2.74075,0.120299,2.38885,1.00135,2.61452,0.877156,2.26019
gen=1_member=119,2.22092,2.21681,2.09671,2.4428,2.23424,1.38903,1.93854,1.90435,1.83424,1.74745
gen=1_member=120,1.30915,2.39359,1.05377,2.66878,0.958038,0.320385,3.0084,2.84365,1.85637,1.64401
gen=1_member=121,0.338038,2.03101,2.03461,1.43106,2.70767,0.83985,0.505539,1.06536,1.00574,2.61285
gen=1_member=122,1.53665,1.92301,0.761796,0.912746,3.11454,2.21831,1.34858,0.867922,0.42612,0.856736
gen=1_member=123,0.6977,2.99165,2.45976,1.05569,1.43106,1.43499,2.62455,2.23973,2.31067,1.66001
gen=1_member=124,3.00028,1.72142,2.48258,2.55022,2.76483,0.0190827,0.944442,0.31359,0.639553,0.0187159
gen=1_member=125,2.28433,0.952359,0.791762,1.30148,3.06885,1.25846,0.923415,0.0720991,0.821565,2.70739
gen=1_member=126,1.9298,2.59936,2.23429,0.900768,2.14706,1.26111,2.11559,0.0979584,2.71017,3.04446
gen=1_member=127,1.36276,1.79465,1.94463,3.08148,2.46168,1.50891,0.636136,1.63992,2.84636,0.44192
gen=1_member=128,2.74748,0.447545,2.34359,1.94313,2.30187,2.73443,1.51775,0.129901,1.50068,0.304991
gen=1_member=129,1.67675,1.8913,2.89719,2.47966,2.34844,2.06094,1.16737,1.41838,2.32309,1.96057
gen=1_member=130,0.0250047,2.98518,0.366214,2.29269,2.14398,0.302648,3.03104,2.24234,0.264615,3.12514
gen=1_member=131,0.602299,2.16055,0.0347544,0.947864,0.114396,2.64913,1.41408,1.68809,1.53758,0.370784
gen=1_member=132,2.2043,1.46632,0.928008,2.917,2.32529,0.756432,0.117999,2.11131,2.50316,3.01419
gen=1_member=133,2.65436,0.428582,2.31527,2.47623,1.37663,3.13354,0.792018,0.524956,1.61783,0.823924
gen=1_member=134,2.07759,0.452242,1.93351,0.0736422,0.931387,1.27784,1.11208,2.52775,2.08699,2.13503
gen=1_member=135,2.22896,2.64908,0.989177,1.28836,2.16788,1.61009,2.3754,2.14896,3.07531,2.62555
gen=1_member=136,1.36115,0.749251,2.29874,1.93381,1.61699,2.91096,2.83286,0.692487,2.35047,1.35864
gen=1_member=137,2.79401,0.80499,1.59049,2.24695,2.68068,2.00187,0.186028,0.503747,1.69046,0.741469
gen=1_member=138,2.99506,1.99402,1.23371,1.01917,1.79015,1.86097,0.238535,0.362508,3.07922,1.72234
gen=1_member=139,1.88297,2.80996,2.0475,2.84117,0.650358,1.0168,1.91422,1.39267,2.13763,2.94275
gen=1_member=140,2.36789,0.472544,1.79427,1.97784,2.54667,2.00487,0.728493,2.79559,2.39689,0.211618
gen=1_member=141,3.00923,1.19043,2.02557,0.672567,1.3637,2.9569,1.71495,2.32452,1.87246,1.89849
gen=1_member=142,2.41918,0.642256,2.95296,0.176584,1.06971,1.69619,0.745595,1.13674,0.184051,0.0436288
gen=1_member=143,0.094508,2.55384,0.330603,2.0926,0.569559,2.8511,2.41994,2.62752,2.21147,2.60433
gen=1_member=144,2.75691,0.0131214,0.424449,3.06355,2.6115,1.2524,2.55465,0.292951,1.90948,1.85983
gen=1_member=145,1.35715,1.53762,1.28145,0.980802,2.0521,1.27629,0.336966,3.13249,0.722168,1.68942
gen=1_member=146,2.01176,2.6332,2.53145,2.5326,2.86853,0.100805,1.37643,0.57166,0.0447194,2.64991
gen=1_member=147,0.0336059,1.4534,0.202896,1.79572,0.0833805,2.46895,1.61383,2.33143,1.71376,2.35914
gen=1_member=148,0.373466,2.40878,1.55915,1.75789,0.241821,1.08458,2.53684,2.99283,1.51564,1.27252
gen=1_member=149,1.84194,1.6023,1.35478,3.06071,3.00084,1.19704,1.02145,0.819753,2.31938,0.387666
gen=1_member=150,1.69969,2.83479,2.91402,3.04665,0.218552,1.6558,0.464245,0.427556,0.300778,1.85038
gen=1_member=151,2.83321,3.13399,0.96529,1.77256,2.66148,2.15822,2.96989,1.2402,0.918527,1.23118
gen=1_member=152,1.43171,0.681677,0.741022,0.203136,0.0490821,2.21637,1.73943,2.35955,2.75137,0.611142
gen=1_member=153,2.46161,2.10134,2.5219,2.26483,0.969218,0.825377,1.6066,0.831841,1.66157,0.777757
gen=1_member=154,2.77112,3.11999,2.12069,0.292739,1.82316,1.83029,3.00136,2.88376,0.562438,0.705301
gen=1_member=155,0.0736964,2.77286,2.07007,0.4194,3.099,2.95255,0.512872,0.382584,1.58261,0.567588
gen=1_member=156,1.88692,1.10581,2.94542,2.0665,2.26407,1.65928,0.979029,1.88941,2.83335,0.524274
gen=1_member=157,0.587987,2.7144,1.66285,2.15748,2.74826,2.4886,2.16146,0.142683,0.671962,3.07131
gen=1_member=158,1.64632,2.25035,2.46436,1.79308,0.689256,1.96023,1.18464,0.435733,0.980098,0.459945
gen=1_member=159,2.16157,2.62093,0.0192338,0.0935589,3.10025,1.34017,0.41979,1.50081,1.77156,2.78234
gen=1_member=160,1.87932,0.935214,1.01618,2.89544,3.05955,1.87959,0.40043,1.50624,2.35763,1.54456
gen=1_member=161,0.563132,2.39977,1.28732,0.012056,2.5214,2.48468,0.896644,0.665922,1.63466,2.6666
gen=1_member=162,1.47825,2.75229,0.0361978,0.0468013,1.82053,2.71635,2.56048,1.37575,2.15521,1.22382
gen=1_member=163,0.744161,2.79885,0.0699213,1.04353,1.92826,2.87996,1.20064,0.760948,3.05166,1.40634
gen=1_member=164,1.95198,2.21281,1.84544,0.771543,1.19466,0.16684,1.06288,2.21061,2.17267,1.88736
gen=1_member=165,1.5741,2.4157,1.99168,1.18744,2.03844,1.12484,0.882402,0.846704,0.718838,0.792108
gen=1_member=166,0.715204,1.93943,2.76302,1.5782,0.884919,2.09569,1.61776,2.04427,0.498846,1.48048
gen=1_member=167,0.0616906,1.81619,1.50799,3.11828,2.00057,0.721029,1.78233,0.249698,1.52149,1.81832
gen=1_member=168,2.34778,2.39752,2.22233,0.879949,1.14613,1.81256,1.29894,3.08913,1.52205,0.523151
gen=1_member=169,1.66637,1.04733,0.650033,2.1571,0.140952,0.984109,0.23488,1.31336,0.915871,0.445322
gen=1_member=170,0.928353,3.01899,0.600364,2.86605,2.89395,0.670603,0.772096,3.09845,0.15976,2.57337
gen=1_member=171,1.80089,0.0652096,1.6846,1.89409,1.00555,1.00234,0.355531,2.41782,1.28712,2.07557
gen=1_member=172,3.0212,2.22662,1.96241,0.249031,1.55222,0.605711,2.31774,2.56215,1.5558,1.35071
gen=1_member=173,0.992886,0.0783891,0.490701,0.688054,2.64003,0.714434,0.704084,2.90264,0.177072,2.09278
gen=1_member=174,2.49653,1.59398,2.6385,0.105911,2.55051,0.15543,2.86163,0.736784,2.05646,1.93157
gen=1_member=175,0.1311,1.84275,1.30828,0.839033,2.70496,2.31599,0.0179896,2.15118,2.15755,0.456347
gen=1_member=176,2.37505,2.5442,1.26655,2.71158,2.21241,2.47514,2.65755,1.61989,1.15492,1.18616
gen=1_member=177,3.08981,2.95148,1.22674,2.5544,1.71109,0.901259,0.694764,0.996333,0.443652,1.59772
gen=1_member=178,2.40711,0.865927,0.97762,2.48235,2.17984,2.76927,1.57308,2.2863,1.35353,0.348628
gen=1_member=179,2.51687,2.88058,1.20887,1.37669,1.27923,2.11008,1.59563,0.896992,0.338914,0.296795
gen=1_member=180,1.96656,0.9574,0.880419,2.11751,0.259331,3.10906,1.35123,0.573341,2.2281,2.5883
gen=1_member=181,0.922215,0.443654,0.0615059,1.1152,2.40888,0.456279,0.302672,2.46564,2.53553,1.25336
gen=1_member=182,2.3144,1.83556,2.2831,1.395,1.67731,0.182625,2.99632,1.08449,1.75559,2.14408
gen=1_member=183,0.198912,0.809235,2.16916,0.354497,1.75835,1.17509,1.52012,1.3696,3.06383,0.551397
gen=1_member=184,2.11599,2.32528,2.27539,2.40706,2.11008,2.53367,0.893208,3.00183,1.23974,1.24939
gen=1_member=185,3.06147,2.45138,1.59759,0.403693,0.0837928,1.70232,3.09779,2.27057,0.13407,1.67465
gen=1_member=186,1.76557,3.11664,0.636485,1.22511,1.66543,2.28932,3.02201,0.893194,2.95843,1.16621
gen=1_member=187,1.3708,0.676114,1.75051,0.00136512,0.282756,0.936948,3.08387,2.19318,3.05524,0.0813599
gen=1_member=188,3.08816,0.792599,2.82936,0.216038,1.01949,1.58987,1.56893,2.98246,2.43499,0.128893
gen=1_member=189,1.73586,2.90993,2.61583,0.927289,0.201639,0.843583,0.713076,1.81085,1.90582,1.43601
gen=1_member=190,2.21722,1.48785,1.13347,0.083603,3.07935,1.76947,1.39706,1.39721,0.812251,2.28118
gen=1_member=191,1.0683,2.88878,0.875675,1.6047,0.936887,2.24348,2.07967,0.492496,0.24643,1.79049
gen=1_member=192,1.99459,2.57049,1.00028,1.76278,0.43448,2.91804,2.51535,1.18349,2.9882,2.36232
gen=1_member=193,2.70509,2.90169,2.39148,1.81146,0.066154,1.97127,1.52481,2.08117,1.43857,1.06611
gen=1_member=194,3.00397,0.831844,1.37065,0.350149,3.13761,1.90172,0.376649,1.56774,2.81063,2.18464
gen=1_member=195,1.91592,0.980632,2.56649,0.0724096,0.699064,0.2766,1.09526,2.1033,1.9171,0.621508
gen=1_member=196,2.91619,1.86419,1.07699,1.38951,1.08855,0.446762,2.34262,1.37943,3.00806,0.069324
gen=1_member=197,0.950954,0.199474,0.493892,1.57005,1.52878,2.22864,1.41168,2.05833,3.04784,0.47825
gen=1_member=198,2.39082,1.89337,0.185717,1.88501,1.02366,0.0555282,2.11968,0.872739,0.944885,2.30576
gen=1_member=199,2.73918,1.94821,1.67743,2.00473,2.94291,2.34803,0.569661,1.94949,3.01179,0.17537
gen=1_member=200,2.50307,1.06421,0.433884,2.31377,2.62663,0.74519,0.168641,2.94816,1.34759,2.51806
gen=1_member=201,0.222179,2.66824,1.02396,2.6948,3.04538,0.552691,2.04405,1.94025,2.64338,2.91892
gen=1_member=202,0.543175,0.0180206,2.92196,0.8465,2.69149,0.863199,0.4394,2.85382,2.45928,0.602721
gen=1_member=203,0.735828,2.68571,2.11241,0.471311,1.10262,0.499952,0.365407,1.83545,2.66617,0.554132
gen=1_member=204,0.783121,1.91218,2.19683,1.85296,2.42369,2.87036,2.98256,0.728673,0.79684,0.649994
gen=1_member=205,1.8055,2.53939,0.705365,1.80093,0.918209,0.935428,0.497195,2.66364,1.14122,1.66542
gen=1_member=206,0.32895,2.44265,0.133977,0.129227,2.5768,1.36349,0.19251,1.98309,2.7136,0.645852
gen=1_member=207,1.42214,0.709454,1.90785,1.8451,1.44872,2.74551,3.04444,2.02851,0.55789,0.681708
gen=1_member=208,0.439384,1.2351,2.36465,2.94401,0.0530441,2.08635,2.97178,0.0251291,2.02899,0.771202
gen=1_member=209,3.03097,1.95988,0.528094,0.41819,0.755417,0.579103,2.61164,1.84925,2.52664,1.42141
gen=1_member=210,0.142163,1.82554,0.106896,0.734629,2.19274,1.52224,2.57174,3.1005,2.98631,2.28864
gen=1_member=211,2.59399,2.66275,1.16163,2.1419,3.10855,0.335325,0.27798,1.4837,2.37874,1.01745
gen=1_member=212,2.99341,2.2626,1.73307,0.632135,1.6531,0.689257,2.782,2.46963,0.314329,2.86583
gen=1_member=213,0.842166,1.72577,0.412674,2.31054,0.759671,0.255449,1.52701,0.843112,1.30217,2.72118
gen=1_member=214,0.378643,0.838514,1.64556,0.816216,0.542106,0.886275,0.562116,1.92794,1.84569,0.424289
gen=1_member=215,0.620662,1.71817,2.10314,0.628099,2.51479,2.5421,3.0495,1.73098,0.136233,2.42611
gen=1_member=216,1.4684,2.2723,2.56486,1.44731,0.380022,0.601997,1.02619,0.0942978,0.692573,1.04014
gen=1_member=217,1.32639,0.498846,2.96637,3.09228,3.01386,1.05878,0.0957394,1.9453,0.890712,1.55208
gen=1_member=218,0.895684,2.82921,1.03653,2.33298,1.21587,1.99256,3.12511,2.51426,0.959592,2.24655
gen=1_member=219,1.12927,0.65302,2.78599,1.63507,0.323302,3.0536,0.327114,2.33641,2.42478,2.96868
gen=1_member=220,2.81716,1.12393,1.8357,2.0082,0.103399,1.86508,0.802446,0.0403743,2.08969,1.17126
gen=1_member=221,3.11344,0.862262,0.197197,2.53797,0.838169,1.9876,1.271,0.48448,0.76821,0.0477771
gen=1_member=222,1.74462,1.2208,1.34651,1.82801,0.462814,2.61513,0.622978,2.09933,2.38668,3.04966
gen=1_member=223,3.12814,1.5455,1.49296,2.24946,0.1816,1.31562,1.07681,1.78813,1.95317,1.65643
gen=1_member=224,1.65855,0.561106,2.31822,2.81154,2.33204,0.548276,0.506847,1.84365,0.101402,0.634261
gen=1_member=225,0.741081,2.36842,0.585604,2.7075,0.816945,0.132812,1.99809,1.40319,0.173659,0.326671
gen=1_member=226,2.92551,1.5877,2.25854,0.113712,1.49316,1.55913,1.66898,1.77247,1.98842,2.77037
gen=1_member=227,2.23541,2.11028,0.265581,1.06193,2.87741,0.48176,3.05473,0.549942,0.260498,0.645381
gen=1_member=228,0.0155141,2.01524,2.58029,0.664525,2.02969,1.84796,1.26482,0.587762,1.31282,2.18933
gen=1_member=229,2.77887,1.85921,1.18135,3.10948,1.81077,1.15755,1.76592,2.98901,1.79965,0.316301
gen=1_member=230,0.478602,0.596989,0.224456,3.02734,1.35236,1.96762,1.6572,1.54774,1.17079,0.260936
gen=1_member=231,1.2141,0.260106,2.48706,1.32362,2.50957,2.12862,2.44536,0.962336,0.298382,2.25282
gen=1_member=232,0.78888,0.404621,2.72149,2.43125,1.31327,0.524797,0.669387,0.345313,2.45151,1.11888
gen=1_member=233,0.13652,1.4991,0.744442,2.13487,0.673162,1.07094,0.775002,0.736524,2.36288,2.95958
gen=1_member=234,0.487256,2.58119,1.06108,2.51859,1.19809,1.3839,2.01533,1.65634,2.13455,0.921714
gen=1_member=235,2.82453,1.75378,0.535965,0.895887,0.0981479,2.85966,2.04574,1.93592,0.590904,0.225728
gen=1_member=236,1.5101,0.962604,1.11186,1.87773,0.0370344,0.110036,0.951906,0.900772,0.358236,2.09976
gen=1_member=237,2.79032,2.37515,1.21464,2.354,0.815938,1.91379,3.05104,1.13097,0.803361,0.887617
gen=1_member=238,1.67951,0.417579,1.53534,2.38738,3.13179,2.38752,1.92524,1.52792,2.57373,0.848688
gen=1_member=239,1.00561,1.56941,2.96246,1.8492,2.20242,2.80483,0.24303,1.22794,3.1115,2.83792
gen=1_member=240,2.00104,1.77686,2.95413,0.75821,2.83036,0.433412,2.50188,0.750169,1.38717,1.3357
gen=1_member=241,1.02066,1.39185,2.4418,0.649163,2.64892,2.63324,0.884194,2.3705,1.60636,2.39746
gen=1_member=242,1.19114,0.625571,1.10152,2.90486,1.60939,0.939505,2.09145,3.11279,1.99941,0.251988
gen=1_member=243,1.50213,0.0080117,2.29143,1.31734,1.30928,3.0935,1.21136,1.44292,2.0543,2.55007
gen=1_member=244,1.24217,0.334769,1.04737,1.99865,1.68615,0.729991,0.0882364,0.717832,2.67988,2.02473
gen=1_member=245,0.932946,2.61371,2.34179,1.26373,2.99819,2.62894,1.16022,2.80651,2.30107,0.883626
gen=1_member=246,1.45225,0.0861015,0.155152,0.236444,0.54837,0.176333,0.837848,2.99608,1.0272,3.11754
gen=1_member=247,2.02368,1.46283,0.564542,0.282718,0.366112,0.612353,2.7083,3.0729,0.816162,2.80682
gen=1_member=248,2.52254,0.931458,0.475007,0.844096,0.573251,1.2073,1.87,0.47278,1.87594,0.462381
gen=1_member=249,0.649189,1.64602,0.778726,1.9222,1.96669,0.0339957,2.71966,1.73353,0.0140502,1.91737
gen=1_member=250,0.335065,2.36519,1.10367,3.09301,0.67631,1.07751,1.293,1.25262,1.90734,0.1466
gen=1_member=251,2.46635,1.88381,3.05315,0.891808,2.31561,0.31508,1.66692,1.93118,1.3689,3.13504
gen=1_member=252,1.27017,0.85031,1.09557,2.72213,1.80073,1.18805,2.87794,1.01473,1.44764,1.21057
gen=1_member=253,0.412723,0.357374,1.81299,0.563372,1.46263,2.62728,3.0179,2.98028,2.73594,0.199426
gen=1_member=254,2.42939,0.154633,2.68576,2.5868,1.56128,1.79539,0.356311,0.134341,0.52978,2.97144
gen=1_member=255,3.06041,1.29167,0.561814,2.17577,1.29797,2.10628,0.825399,1.16399,0.266533,2.55177
gen=1_member=256,2.6775,0.644659,3.04468,1.56624,0.553704,1.90921,1.7993,1.65451,3.13077,1.94976
gen=1_member=257,1.40075,0.110446,0.409458,2.24179,1.68456,2.87612,0.478881,0.00654846,0.547719,0.313258
gen=1_member=258,0.820036,2.92947,1.4791,0.430031,0.234721,0.569499,0.749437,2.45577,0.598245,0.835693
gen=1_member=259,2.57662,2.01834,3.06781,3.08275,1.43793,0.180013,0.602737,1.07973,2.48497,1.45476
gen=1_member=260,1.55595,3.11199,1.89164,2.04528,2.7399,0.169258,0.291319,1.92316,0.143926,1.04755
gen=1_member=261,0.289165,1.42369,0.417219,0.652314,1.89796,0.960782,3.13652,2.09097,2.81845,0.57679
gen=1_member=262,1.58616,2.85624,0.806318,1.68662,2.23197,1.80041,1.0134,1.57472,2.27064,1.08054
gen=1_member=263,2.15428,2.81917,0.67555,0.675989,2.92686,2.86889,0.0636658,0.916876,3.01775,0.898404
gen=1_member=264,0.210989,0.129985,2.3362,0.414656,1.65662,3.03973,1.30308,1.7496,2.8626,2.74909
gen=1_member=265,2.4512,2.13349,0.515061,0.374807,3.08713,1.04653,1.35653,0.559621,2.80505,1.86498
gen=1_member=266,0.633675,2.76145,2.03657,0.561218,1.32086,2.4947,1.01901,0.325336,2.62188,0.96594
gen=1_member=267,0.0775867,2.43739,0.96744,1.96008,1.81415,0.917332,0.909329,2.06934,1.49449,2.32216
gen=1_member=268,2.17142,1.24455,0.253711,1.02899,2.96945,2.99802,1.39094,2.47663,2.46951,0.183864
gen=1_member=269,2.90977,1.52587,2.40234,1.93645,2.69569,0.426819,1.83004,0.672344,1.64449,0.813166
gen=1_member=270,2.84984,2.1064,1.95736,0.231279,1.25982,0.353519,0.0746657,1.90172,2.94179,0.467838
gen=1_member=271,0.35804,0.348758,2.30438,1.73679,2.58007,1.61787,2.33312,3.06096,0.69498,2.40817
gen=1_member=272,1.17709,1.51461,0.0082633,0.427279,1.1812,1.7869,1.66254,2.50538,2.60191,2.33631
gen=1_member=273,2.62893,2.37997,2.42379,0.0596501,0.617462,2.57521,1.25871,0.487759,1.92952,1.8148
gen=1_member=274,0.631759,1.67752,0.774035,0.0944828,2.5952,2.68086,1.1039,0.585949,0.64957,1.92475
gen=1_member=275,2.06132,1.39771,3.11785,2.46844,2.84463,1.92717,1.91048,1.94266,2.29681,0.755526
gen=1_member=276,0.279477,1.43787,2.68037,2.28608,1.51154,1.2348,2.23489,1.1983,1.96722,1.76706
gen=1_member=277,0.854689,1.58091,1.90177,2.32796,2.25363,0.575264,0.297413,0.530432,2.1275,0.00773897
gen=1_member=278,1.44473,1.88766,2.33126,1.44481,1.71955,1.77776,2.13582,2.98463,0.061904,3.08926
gen=1_member=279,0.537139,2.49026,3.0499,0.14662,1.08203,2.14815,0.125672,3.12477,2.28884,1.61991
gen=1_member=280,1.84772,2.48559,0.523349,0.697089,2.97504,0.965942,0.625177,0.121264,1.29943,1.36453
gen=1_member=281,1.73205,0.687733,1.66993,0.862316,0.105347,3.00498,2.49049,2.66872,1.14602,1.08563
gen=1_member=282,0.116612,1.99256,2.14477,2.93416,2.44421,0.629284,2.47959,1.90735,2.37484,1.35338
gen=1_member=283,2.54437,0.530704,0.244008,0.257772,0.205578,2.1657,0.483793,1.96216,1.0155,1.44053
gen=1_member=284,2.69103,1.16012,1.80406,2.28832,0.505425,0.988506,2.93263,1.33974,0.542632,3.13931
gen=1_member=285,0.164487,1.0143,0.201078,0.288858,0.803497,1.93463,1.34016,0.287792,0.765981,2.08558
gen=1_member=286,0.102014,2.49797,2.08195,1.28048,0.367539,0.262532,1.25581,0.682987,0.49077,1.48356
gen=1_member=287,2.80794,2.72186,2.98808,1.8669,0.331756,2.30339,3.10359,2.68722,0.100413,1.1818
gen=1_member=288,0.554068,3.01087,0.117219,1.15277,1.5915,0.556245,0.86881,0.16183,2.31595,2.19475
gen=1_member=289,2.08696,0.77329,1.83641,2.97305,1.98028,1.17085,2.75017,0.941242,3.13753,1.61701
gen=1_member=290,2.71856,3.07188,1.82034,1.61363,0.355191,0.0940255,0.370053,2.42421,2.68584,1.65245
gen=1_member=291,1.16532,0.240902,2.42054,2.4219,2.20874,1.69128,0.906126,1.82714,1.05267,0.287135
gen=1_member=292,1.32887,0.92179,0.0455346,0.567168,1.59618,2.82448,1.28086,1.9728,2.58185,1.93953
gen=1_member=293,2.84755,1.55255,0.860321,0.726354,1.11807,0.450908,1.67252,0.971054,1.77403,2.49849
gen=1_member=294,2.97662,2.30673,1.39673,2.71502,2.60339,1.61352,2.59354,0.656285,1.46134,1.87596
gen=1_member=295,1.61222,2.54511,1.55662,2.11911,0.238153,2.9842,2.80196,0.64374,2.32723,1.16378
gen=1_member=296,0.595328,0.0577411,1.42022,1.74749,0.775429,0.341012,0.109872,0.258289,0.200994,0.13749
gen=1_member=297,2.33035,2.87006,1.70956,1.81957,2.8149,0.218648,0.733698,1.31706,2.19959,0.488405
gen=1_member=298,2.2457,1.51114,0.427371,1.4175,1.86296,2.78937,2.91177,0.991499,3.04668,0.975046
gen=1_member=299,0.175175,0.818245,0.400012,1.91561,2.28904,0.589562,2.07541,1.37262,1.2501,2.20205
gen=1_member=300,2.86297,2.06528,1.47152,0.313304,0.0581507,2.59713,2.11228,1.69566,1.52737,1.10432
gen=1_member=301,0.680285,2.73957,0.442083,2.17389,0.160801,3.06228,1.99059,1.41714,0.647049,0.692471
gen=1_member=302,0.171276,2.08894,2.7179,1.41509,0.846319,0.930261,2.21054,0.339082,0.469871,0.230173
gen=1_member=303,2.28888,1.97316,0.994024,3.05059,3.12157,0.294743,0.134818,1.39599,2.17699,2.24862
gen=1_member=304,1.50615,1.07311,1.30964,0.889586,1.0048,0.608856,2.2423,1.84106,2.40909,0.218831
gen=1_member=305,0.874066,0.618489,0.119903,0.254224,2.78988,2.04806,2.64622,1.22388,0.74889,0.801161
gen=1_member=306,0.545905,0.377804,1.8242,2.19501,1.93158,1.26773,1.58446,0.884895,1.40997,0.117932
gen=1_member=307,2.60345,0.224892,2.39594,0.539232,3.12026,3.11518,0.15657,2.93509,0.221101,1.58403
gen=1_member=308,1.57948,1.76301,0.194276,1.46878,1.22582,2.18941,0.794058,1.77934,1.72918,1.28206
gen=1_member=309,1.77533,2.77591,1.20322,1.03093,2.68825,2.81251,2.5557,2.48079,0.1868,1.99745
gen=1_member=310,0.877314,0.884927,1.69665,2.09696,2.91377,1.51514,1.80564,2.60612,2.3734,2.72572
gen=1_member=311,0.748254,0.787505,1.95444,1.01985,2.35225,1.93181,0.347727,1.02269,0.0219832,2.79926
gen=1_member=312,2.08951,1.25171,1.28857,0.051661,2.97878,3.14083,1.1422,1.82193,2.01339,2.27506
gen=1_member=313,0.891023,2.86195,1.17454,3.12552,0.633298,2.03968,1.31542,2.67384,1.14204,1.73941
gen=1_member=314,2.33751,2.58448,0.446894,0.936476,1.91425,0.96777,1.48094,2.10761,1.80711,0.999095
gen=1_member=315,2.64856,2.73424,2.45317,0.741367,1.60454,2.04425,3.04237,2.20278,1.45503,0.783923
gen=1_member=316,1.6694,1.27334,2.74302,2.09902,2.99132,0.374931,2.36019,0.197364,2.86058,0.241183
gen=1_member=317,3.13127,1.23147,2.62666,0.897369,0.825497,0.642331,2.52104,2.11451,2.79816,2.47774
gen=1_member=318,2.65034,1.35056,2.88018,2.5066,0.188737,2.97687,2.53368,2.83786,1.64392,2.99339
gen=1_member=319,1.11436,1.13949,1.09888,2.36573,1.20957,1.08829,2.89049,3.13099,1.23765,0.255212
gen=1_member=320,0.871833,2.14006,2.17929,0.492552,1.12833,2.72619,0.377459,0.139183,0.463297,1.2983
gen=1_member=321,2.21312,2.47715,2.01461,2.01428,2.37655,1.90582,2.41256,1.21501,3.03936,0.436888
gen=1_member=322,1.00939,2.61593,3.00955,2.4674,1.54531,1.16919,2.73593,2.46381,2.34259,3.12859
gen=1_member=323,2.28016,2.86261,3.10295,0.987733,2.09415,1.54977,1.88477,1.32458,0.155664,2.6586
gen=1_member=324,2.17535,0.0173047,0.0961583,0.747542,0.0741125,3.10408,2.08501,0.607836,2.39166,1.6474
gen=1_member=325,1.14957,2.65955,0.294094,1.46299,0.669722,0.986754,1.68462,2.59273,0.95526,2.72835
gen=1_member=326,2.84043,2.58977,1.65969,0.0641106,1.55862,2.94706,1.94289,0.958756,0.518446,1.77163
gen=1_member=327,1.37308,2.37059,1.1656,2.82655,3.01855,0.163686,2.76572,0.557351,2.51312,2.49378
gen=1_member=328,1.41124,0.462925,1.46056,1.5009,1.24517,2.5633,1.95173,1.76765,1.40234,1.63681
gen=1_member=329,0.931063,0.322655,2.68371,1.07876,0.170866,0.198047,1.94913,0.212638,2.89144,0.721595
gen=1_member=330,0.388886,1.42849,2.40849,0.392876,2.3924,2.17303,2.10191,1.17311,1.28993,2.78615
gen=1_member=331,0.0034523,0.120453,2.14242,2.0595,0.179111,1.80337,0.542281,1.55118,0.0820762,0.248862
gen=1_member=332,1.85392,1.09658,0.906787,2.86242,1.69602,2.79529,2.33148,2.00647,1.74411,0.953364
gen=1_member=333,1.05298,2.35121,0.801263,2.94072,1.12079,0.0582223,2.75938,0.171658,1.75975,0.909365
gen=1_member=334,2.29311,1.37512,0.753107,1.76369,0.279754,0.423931,1.33554,0.397004,2.19835,1.32421
gen=1_member=335,1.06756,0.500837,2.21097,0.124404,0.0428147,2.33092,2.48286,2.26436,1.36354,2.15323
gen=1_member=336,2.94927,2.34848,1.39209,2.92381,1.36116,1.18454,2.9393,2.56731,0.0252664,1.74978
gen=1_member=337,2.60688,1.85162,2.25405,1.1108,2.30615,1.20784,2.71135,2.27301,1.1022,2.25829
gen=1_member=338,2.02614,1.43309,2.75859,2.15165,1.31774,2.87759,2.33572,0.0197971,0.911043,1.23967
gen=1_member=339,2.41873,3.04059,2.0638,1.65343,2.08732,1.65169,1.00304,2.81832,2.50958,0.236491
gen=1_member=340,2.82859,0.482624,3.07771,2.78506,1.2314,0.283591,0.61175,0.423051,2.78885,0.530267
gen=1_member=341,0.789195,1.87001,2.64036,2.55987,2.55941,2.18315,0.835629,1.95466,1.26728,2.94102
gen=1_member=342,0.107185,0.569349,1.54917,3.01257,1.83282,2.05115,0.545623,2.8513,2.75494,1.67187
gen=1_member=343,3.04943,1.7808,2.4281,2.8279,1.38625,2.93821,0.0322545,0.42218,0.600799,2.40001
gen=1_member=344,1.83861,1.301,1.21774,2.78684,2.44099,2.29849,2.94327,3.13919,1.78417,1.02794
gen=1_member=345,0.908567,0.0287695,1.87468,2.02899,1.18461,2.14392,0.514036,0.541914,2.20321,0.0489807
gen=1_member=346,0.724211,1.62706,2.59556,2.25554,1.15165,1.81963,1.32565,0.912484,2.27821,2.1427
gen=1_member=347,1.84446,2.28176,1.4123,1.66125,2.39811,1.09307,1.05382,2.23684,2.02057,0.701645
gen=1_member=348,0.797163,2.52986,0.395639,1.26816,1.9417,2.89013,2.28547,2.83306,2.82562,0.860644
gen=1_member=349,1.97397,0.158245,3.07012,1.62058,2.43759,1.71624,2.00647,2.76208,1.13024,0.392533
gen=1_member=350,2.96134,1.70037,0.209803,1.05043,2.52571,2.14107,2.42325,0.675309,1.19765,2.563
gen=1_member=351,0.255381,0.623124,2.35787,1.00112,1.38457,1.71227,1.7313,1.80295,0.580271,3.08592
gen=1_member=352,2.96758,0.106905,0.432092,2.22836,2.6511,0.743367,2.47053,1.14764,3.06635,1.44248
gen=1_member=353,0.363184,0.890258,0.870821,2.43521,1.63632,2.44523,0.0163525,3.09105,0.1919,2.78035
gen=1_member=354,1.65445,2.76628,1.41506,1.91682,0.590584,1.39754,0.139988,3.07975,2.92798,1.71973
gen=1_member=355,2.76103,1.44731,1.53189,0.660441,2.8478,0.665653,2.20461,1.42072,1.30662,0.715795
gen=1_member=356,2.16921,3.10403,2.55523,0.597666,0.194915,1.71034,0.93223,1.00573,1.59313,2.70175
gen=1_member=357,0.251295,2.35841,3.13859,2.51142,1.17879,2.53553,2.85188,0.437785,1.27107,1.39811
gen=1_member=358,0.184734,1.51989,2.13387,0.971343,1.23894,1.85848,2.17568,3.04847,1.05631,1.37035
gen=1_member=359,2.32293,1.80662,1.89833,1.28183,1.17419,2.5506,0.403357,0.761882,2.55184,2.12668
gen=1_member=360,2.97787,1.45606,2.98743,2.0822,1.24996,2.52808,1.0301,2.9395,0.687574,0.607545
gen=1_member=361,1.39898,2.96009,0.798168,0.524905,0.300582,0.0878854,2.95317,2.06369,0.0554581,2.4563
gen=1_member=362,0.327205,1.11183,3.11531,0.262083,1.50153,2.43096,2.79873,2.73739,1.99638,3.10317
gen=1_member=363,0.398195,2.75535,2.61311,2.35886,1.0178,0.0872514,0.0266589,0.224855,1.25398,2.44294
gen=1_member=364,2.13751,2.33887,1.71436,2.20052,1.97025,0.32506,1.90911,1.36429,2.28214,2.84954
gen=1_member=365,2.72369,1.82622,0.613604,0.470976,1.59188,0.887011,2.96406,1.19041,0.583411,2.988
gen=1_member=366,3.10458,0.0539994,0.608991,1.10444,0.276228,0.350808,0.349795,1.4793,0.129693,1.50854
gen=1_member=367,0.955885,1.0792,2.12418,1.02459,0.954973,2.26858,2.46211,0.627897,1.16607,2.888
gen=1_member=368,2.85811,2.84945,1.76283,2.06431,2.75197,0.0666531,1.11585,1.03107,2.47736,1.83926
gen=1_member=369,1.99698,0.993706,0.973831,2.54604,0.718542,0.153018,0.219081,1.12047,0.412294,2.73972
gen=1_member=370,1.22226,1.34351,2.7736,1.58297,1.62229,2.6439,2.61615,0.0430089,1.27946,2.68238
gen=1_member=371,0.225929,0.706405,1.85943,0.270314,2.50578,0.562391,0.311267,2.0895,2.189,2.69027
gen=1_member=372,1.68263,1.74518,2.20467,2.89266,1.57719,2.25708,0.114984,0.0218331,2.7034,1.74263
gen=1_member=373,0.766828,2.42684,1.58144,1.98915,0.90849,2.6873,2.05469,0.966448,2.62839,0.340739
gen=1_member=374,0.0406665,2.84189,2.22489,1.69375,1.04763,1.20007,0.664878,2.58193,0.164657,0.472004
gen=1_member=375,0.263911,0.406573,2.22939,1.99148,2.74537,0.265903,1.49979,3.09524,0.425327,1.70201
gen=1_member=376,2.53963,0.339708,2.41151,1.09792,1.25439,0.467469,0.767626,1.10338,2.96257,2.59988
gen=1_member=377,0.0886208,0.233932,2.58558,0.77869,1.03506,0.995763,0.261065,1.91113,1.33898,0.130622
gen=1_member=378,2.92449,1.80033,2.47536,1.03808,0.787344,1.63433,1.15482,1.43918,0.835862,1.36697
gen=1_member=379,2.43454,2.18375,1.93025,0.577649,2.10628,2.12949,1.50535,2.81615,0.398234,1.96944
gen=1_member=380,1.68708,3.04858,0.343011,1.88306,2.30029,0.463357,1.2281,3.12247,1.70979,0.694781
gen=1_member=381,0.423576,1.05498,0.533053,1.53085,1.75958,1.34833,0.485607,0.606168,2.07922,1.43203
gen=1_member=382,0.751167,0.411189,0.297734,0.859155,0.37653,0.625292,1.75735,1.27775,0.192622,0.662098
gen=1_member=383,2.13067,0.330188,1.85643,1.50724,0.944526,1.73779,2.19353,1.5608,0.852945,2.11296
gen=1_member=384,0.946965,1.30912,0.320013,0.762289,1.02998,2.79948,3.10851,0.764619,2.17907,0.376697
gen=1_member=385,2.58003,1.60211,2.84495,0.216953,2.2382,1.58018,2.30196,0.640869,2.87499,0.30023
gen=1_member=386,2.95435,0.294486,1.28078,0.0883689,2.85442,0.346903,2.35379,3.08479,2.76588,1.42627
gen=1_member=387,1.89747,1.97728,1.72036,2.14878,1.52229,2.99948,2.28766,1.53141,2.54362,2.66821
gen=1_member=388,2.45945,0.764774,2.91774,1.54478,0.15628,0.251342,1.60123,1.63479,1.46688,0.563767
gen=1_member=389,0.0936155,2.33373,2.01929,0.636144,1.67309,2.42076,2.50555,1.08652,0.438189,0.122426
gen=1_member=390,1.74768,1.13681,2.41829,2.52725,0.516512,2.32173,2.22747,1.12676,0.432404,0.947579
gen=1_member=391,0.123046,2.05553,0.284127,2.30584,0.488576,0.310913,3.02703,0.125456,1.68115,2.9807
gen=1_member=392,0.426376,0.791507,0.316858,0.0798349,2.06458,1.88315,0.16557,0.595276,1.00971,2.1761
gen=1_member=393,2.11416,2.01044,2.53038,1.47814,0.228518,1.67096,0.591704,1.70896,1.50603,0.591163
gen=1_member=394,0.502418,2.29442,0.702562,0.268342,1.87138,2.5833,1.3646,0.66909,2.44678,1.37741
gen=1_member=395,2.69571,1.92401,0.351041,1.24954,2.8573,1.92433,1.3862,2.55309,1.16409,2.76569
gen=1_member=396,1.22537,2.17158,1.75443,2.95769,1.19064,3.01971,0.12502,0.285136,1.96914,2.93426
gen=1_member=397,1.45831,2.12991,3.12818,1.50349,2.40811,2.46218,3.1415,2.45784,2.33977,0.896003
gen=1_member=398,2.87987,1.6189,1.97993,1.98384,1.11296,1.43268,1.1774,2.00106,0.52111,2.18597
gen=1_member=399,0.189386,0.502983,0.404918,0.244985,2.16181,1.94978,1.18691,1.62728,2.87252,2.17219
gen=1_member=400,2.3206,2.7459,0.0572753,1.60893,0.853088,0.760682,0.710558,1.16763,0.255559,1.83959
gen=1_member=401,3.02329,1.60974,1.50737,2.30005,2.94093,2.78335,1.49262,2.66099,1.95119,1.45915
gen=1_member=402,2.18599,1.14951,0.94989,2.3154,1.08408,0.0433169,2.28287,1.34632,2.81439,2.85749
gen=1_member=403,0.41681,0.633956,2.67602,1.78131,1.91214,0.728121,2.13896,0.805222,2.09565,0.168519
gen=1_member=404,1.54835,2.29286,1.69211,1.12959,1.42346,2.27978,1.14028,0.00903518,2.96716,3.03566
gen=1_member=405,0.905827,2.48085,1.93808,2.32396,0.995475,0.560502,2.80606,0.649274,1.4218,1.67963
gen=1_member=406,1.33725,1.03554,1.01142,2.88627,1.28471,1.10281,2.89486,0.269007,1.75118,0.434796
gen=1_member=407,1.87677,2.99914,2.04413,2.07625,2.99348,2.11981,0.877512,2.74216,1.93865,1.51757
gen=1_member=408,1.59844,2.08721,2.31239,2.6227,0.92328,1.00885,2.87623,1.05577,2.88412,2.31746
gen=1_member=409,0.901413,2.27439,1.57711,1.74933,0.639616,0.0787943,1.54866,1.49138,0.16849,0.42232
gen=1_member=410,2.98897,2.43305,0.0986749,1.13142,0.404085,0.0135426,1.29006,0.150271,0.38119,0.794822
gen=1_member=411,1.62999,0.781134,0.250196,0.802732,3.10567,2.77288,0.0589259,1.48169,0.611117,0.147457
gen=1_member=412,0.0211133,2.96748,0.886031,1.38378,2.37884,0.974616,1.79172,2.13743,2.4866,2.61731
gen=1_member=413,0.313836,1.97991,3.01283,3.0562,0.926061,1.09096,1.63207,2.40327,2.7834,1.27656
gen=1_member=414,2.77759,2.30133,2.47197,0.905498,1.55549,0.0953636,2.88318,2.86201,1.5696,2.02006
gen=1_member=415,0.435416,3.09058,0.306882,0.720091,2.19711,2.35202,0.656486,0.838079,2.61152,2.67279
gen=1_member=416,2.04781,0.829874,2.26664,1.62626,2.763,1.71884,1.32941,0.431036,0.251543,1.46812
gen=1_member=417,1.85944,1.71025,0.0385872,1.39633,2.32109,3.04162,2.54462,0.826358,0.120531,1.49696
gen=1_member=418,0.27632,0.86007,2.53652,3.12353,0.61264,0.358982,0.0998384,2.63651,0.106402,0.670884
gen=1_member=419,1.60624,3.12103,2.72309,1.1599,0.635462,0.493525,1.97875,1.35759,1.09438,1.1904
gen=1_member=420,0.380757,2.27876,0.843043,2.9083,2.44897,0.773156,2.91633,0.214953,2.10215,0.536931
gen=1_member=421,2.8148,2.53359,1.88539,0.0214611,2.1032,1.10694,1.3932,2.95186,0.30769,1.33972
gen=1_member=422,2.24082,1.97218,1.37352,2.33765,0.557727,2.61225,1.14936,1.85443,2.35535,1.25171
gen=1_member=423,1.85032,2.84635,0.595943,1.64708,0.890908,2.97273,1.82639,1.00441,1.70636,1.11161
gen=1_member=424,1.60482,2.189,3.08133,0.707614,2.69833,1.40226,1.42782,1.49408,1.81486,2.76116
gen=1_member=425,2.57157,2.6302,0.149457,1.17363,0.484245,1.13299,1.59414,1.5379,2.47853,2.82024
gen=1_member=426,2.12429,1.05238,2.84216,0.993168,3.0728,1.2135,0.00218568,1.20445,2.17033,1.6089
gen=1_member=427,0.808904,2.48496,0.164142,1.68277,1.34776,2.65636,2.45083,0.778334,2.84461,1.8739
gen=1_member=428,1.2986,1.63352,2.3752,1.81243,2.68549,2.47252,2.82347,1.30034,2.55595,0.363365
gen=1_member=429,1.33484,3.14053,1.84921,1.5234,2.07134,1.81751,2.43576,2.12434,0.0407422,2.06611
gen=1_member=430,2.66476,1.68423,2.84987,0.518502,2.32179,3.01705,3.10072,0.490443,1.50275,3.0652
gen=1_member=431,2.41139,1.89645,2.80893,1.512,1.26241,1.2394,0.722371,1.78202,0.858954,0.957031
gen=1_member=432,2.81004,1.34588,0.392563,1.17273,0.393414,0.457312,1.20664,1.89405,0.676125,1.21589
gen=1_member=433,0.590994,0.908407,0.0635863,2.05115,0.647317,0.56775,1.44789,0.400653,1.36093,1.53226
gen=1_member=434,0.899283,1.03891,2.49353,2.87938,0.253862,2.58666,2.43826,0.53212,2.70694,0.84101
gen=1_member=435,1.98968,0.613835,0.0267794,2.87448,2.02425,1.80505,2.25296,2.78412,1.13176,0.625976
gen=1_member=436,0.16316,2.14717,0.0696833,1.59149,1.95807,2.71963,0.538503,0.853122,2.39943,0.939932
gen=1_member=437,1.80863,0.424626,0.728686,0.321086,1.5477,0.36843,1.4903,2.12954,1.32472,0.507008
gen=1_member=438,1.23712,1.38075,1.3269,2.18025,0.940159,1.49706,1.83475,1.76217,2.87914,3.05925
gen=1_member=439,0.203863,2.85308,2.44393,2.9694,1.24059,1.02803,1.17472,2.28144,0.293069,0.105479
gen=1_member=440,2.07343,0.670669,2.82725,1.7438,2.88714,1.74324,0.574782,2.8134,2.25298,2.38307
gen=1_member=441,3.03629,0.150884,2.05594,0.408571,1.20325,1.29758,0.817739,1.14423,1.75805,2.69804
gen=1_member=442,0.178625,0.858522,0.0836108,0.346458,1.9884,1.41764,0.322472,0.177802,3.09226,2.6771
gen=1_member=443,0.941227,1.32298,1.50427,2.92004,2.4527,1.04925,2.24092,2.87816,0.745916,2.89205
gen=1_member=444,0.0533466,2.60584,2.42988,1.98049,1.8366,1.82888,0.449855,0.274177,1.85215,2.13948
gen=1_member=445,1.40992,2.966,1.09157,0.14067,1.6,2.5097,0.381029,1.61555,0.88299,1.62622
gen=1_member=446,0.857047,2.62369,2.9034,1.07352,2.573,2.0134,0.761487,0.781652,2.04883,0.0226679
gen=1_member=447,2.86125,1.28365,2.64377,1.05957,1.99555,1.00556,1.47137,1.33087,2.91412,2.86726
gen=1_member=448,1.25586,1.5021,0.259946,3.03547,3.02352,2.49852,1.84207,3.03856,2.56868,0.381931
gen=1_member=449,2.10062,2.82131,0.483924,2.34058,1.7847,2.70491,0.211364,2.09574,1.01974,2.22013
gen=1_member=450,1.771,1.24867,2.011,2.22296,0.506232,0.53041,2.16619,0.869365,2.11284,1.1457
gen=1_member=451,0.99785,1.35756,1.62521,1.56112,1.74665,2.98729,0.00367744,0.498556,1.15696,2.21853
gen=1_member=452,0.707416,3.0158,2.36861,1.70572,1.5372,2.71258,1.63993,1.71782,0.657718,2.79412
gen=1_member=453,2.31308,2.65109,2.73325,2.47211,2.2789,0.791603,2.83908,0.40351,1.06271,1.98685
gen=1_member=454,1.71243,0.174742,0.21924,2.80525,1.15493,1.30759,2.3832,1.13885,3.12241,0.428194
gen=1_member=455,1.72992,2.62798,0.516833,2.2041,2.17201,0.836902,0.584875,0.991244,1.56286,1.34218
gen=1_member=456,2.91245,0.308481,0.736807,1.66287,2.75604,0.650576,0.495273,2.15932,0.586898,1.45631
gen=1_member=457,2.57265,0.587433,0.269776,2.9898,2.46797,2.89731,0.644544,2.51882,1.0727,1.4891
gen=1_member=458,0.272409,2.2559,2.7931,2.37606,0.213861,0.654552,2.21314,0.630986,0.577051,0.872376
gen=1_member=459,1.27652,0.888661,1.15185,2.38216,2.49259,1.7906,1.15578,2.73111,0.755595,2.20284
gen=1_member=460,2.09483,0.920464,0.845705,2.79054,2.65945,2.01993,2.0411,0.235952,1.95715,0.779572
gen=1_member=461,0.350894,1.72857,0.693989,0.327204,2.41254,1.57647,2.88405,1.71188,0.149802,1.41701
gen=1_member=462,1.75075,0.742976,2.79692,0.939345,3.00735,2.12546,1.75276,2.93816,2.74247,1.50657
gen=1_member=463,1.38906,3.0698,0.812081,2.318,2.03466,1.67236,0.198447,2.64646,0.846358,1.2679
gen=1_member=464,2.7079,1.56205,0.623323,1.2953,3.05331,0.814481,2.37947,3.03044,1.46959,2.51508
gen=1_member=465,0.187331,1.98683,1.75677,0.681619,1.81759,0.912806,2.84375,1.01071,2.63121,2.68651
gen=1_member=466,1.17332,1.84528,3.00242,1.01544,1.07536,0.682216,1.5897,1.19408,1.96327,1.83197
gen=1_member=467,1.62357,2.94752,0.124248,2.27918,2.67345,0.331572,0.760619,2.16233,1.34115,2.41138
gen=1_member=468,1.9423,0.488987,0.538619,1.96738,2.36248,0.0715403,0.361552,0.886953,0.0965505,3.08079
gen=1_member=469,1.1414,1.43892,0.767875,2.8519,2.6323,2.85864,0.181471,2.53835,0.792185,0.798525
gen=1_member=470,1.82542,1.1479,1.24264,2.33146,0.562183,0.78262,2.40857,2.72046,1.07963,0.402241
gen=1_member=471,0.886737,0.271215,1.01459,1.95075,0.90024,2.33869,2.60304,1.46186,1.24866,0.202537
gen=1_member=472,1.15389,1.35175,0.775341,2.73327,0.233339,2.02205,1.18259,1.99569,2.60521,0.091102
gen=1_member=473,2.00895,0.277169,1.54231,1.4313,1.34445,2.58022,2.32242,2.49606,0.72771,1.68473
gen=1_member=474,1.93083,2.26112,2.02197,2.38909,0.626997,0.14264,2.41679,1.28735,2.22449,0.657686
gen=1_member=475,2.36284,0.826437,0.806395,1.34225,1.93422,0.753139,2.0117,2.96317,0.653683,0.881957
gen=1_member=476,0.153918,1.04058,2.1302,0.35797,0.450348,3.02377,2.13979,0.635527,0.00479881,2.5227
gen=1_member=477,2.19124,1.00928,2.09015,1.83076,2.87487,0.245704,0.427368,2.57277,0.982941,1.56063
gen=1_member=478,1.74177,0.480947,0.828305,0.737534,1.00059,2.96177,1.09976,2.70182,1.68324,2.53867
gen=1_member=479,0.860048,1.96507,1.32424,1.78769,2.1422,0.817527,2.4276,1.38292,2.28989,2.53248
gen=1_member=480,0.610768,0.55081,1.4214,1.27169,2.9064,0.450284,0.536532,0.536082,2.02162,1.1295
gen=1_member=481,2.23366,2.12376,2.9969,0.0267576,0.0787481,2.6959,1.57782,0.984326,2.56008,2.22627
gen=1_member=482,2.44757,1.77183,2.039,1.03408,1.30199,0.286321,0.183548,1.18774,1.11749,1.66174
gen=1_member=483,1.10762,1.95242,1.82605,2.84804,1.06231,0.806779,2.98873,1.22899,0.887043,1.71572
gen=1_member=484,2.86779,1.32786,0.176993,1.62919,0.143469,0.0268401,0.92735,2.35279,0.0129603,0.0383976
gen=1_member=485,1.44551,0.389589,2.38717,1.44146,1.04112,2.50025,2.90034,1.98834,1.19624,2.03871
gen=1_member=486,0.241186,2.52148,0.86731,1.67655,2.67648,1.37539,2.66443,1.22009,1.77765,1.89372
gen=1_member=487,1.06147,0.304793,2.51129,1.80451,0.619459,2.26356,2.43188,3.05187,2.79976,0.629206
gen=1_member=488,2.63936,1.20398,1.9351,0.308363,0.683095,2.22611,2.74597,2.42862,1.88264,2.45387
gen=1_member=489,3.0088,0.506672,0.685671,0.575446,1.14123,0.248571,0.0834893,0.621651,1.44294,1.40102
gen=1_member=490,0.475837,2.24767,3.08839,1.00901,2.9868,2.492,0.0522803,1.43027,3.10594,0.675531
gen=1_member=491,0.517147,0.927142,0.340435,2.63224,2.16602,0.992716,0.990033,2.82741,2.74536,2.86218
gen=1_member=492,2.73498,2.25187,1.89286,2.10476,1.50646,2.4093,0.634968,2.95669,2.38979,0.828771
gen=1_member=493,1.321,1.03092,0.65618,0.594574,2.63809,2.50611,2.32747,0.513759,1.82735,0.385715
gen=1_member=494,0.911256,1.18627,1.59459,2.08901,0.207103,2.20243,2.09054,0.384821,0.0764512,2.43306
gen=1_member=495,1.78442,0.55711,2.69728,1.45185,0.695955,1.87271,2.26484,2.41549,0.475404,1.06379
gen=1_member=496,2.87351,0.338183,2.26208,0.990068,2.05729,2.52428,0.341078,0.905494,3.06914,2.98369
gen=1_member=497,2.05846,2.20427,0.496925,2.41449,1.86491,3.04723,3.069,1.57218,1.21362,0.653782
gen=1_member=498,0.40556,2.56237,1.43361,0.368196,2.03891,0.384052,2.3116,2.19579,3.02956,0.929375
gen=1_member=499,0.504758,2.16281,1.72327,0.0680652,2.31296,0.623278,0.870105,0.936971,1.8292,1.57781
gen=1_member=500,2.67606,1.00792,0.716848,0.520791,0.874554,0.5173,1.06589,1.60863,0.344861,1.20688
gen=1_member=501,2.2116,0.0276616,2.40078,0.293715,0.842779,0.227454,1.81229,0.512227,2.25779,1.55531
gen=1_member=502,2.66096,1.17231,1.08685,2.6207,1.87519,2.40729,0.445481,0.336921,1.02277,0.0310082
gen=1_member=503,1.78046,1.77647,2.30919,1.71027,1.6478,0.38251,2.86309,1.40356,1.62904,0.190357
gen=1_member=504,1.86184,1.73604,0.359377,1.47027,0.904986,0.291592,0.968888,1.11076,0.404741,2.43093
gen=1_member=505,1.04277,1.21651,0.233516,2.18839,2.15364,2.5478,2.82875,0.811737,1.48313,1.89952
gen=1_member=506,1.22007,2.33788,0.309345,0.856718,1.53558,1.56704,2.83563,1.70104,0.350697,2.87575
gen=1_member=507,2.15254,0.183789,0.574579,0.116018,1.84331,2.05465,2.26879,2.01608,0.270811,2.90529
gen=1_member=508,1.28067,2.65546,1.7827,1.19459,1.09705,2.4045,2.24588,2.40964,1.22978,2.0346
gen=1_member=509,1.77689,1.1524,1.38317,0.57989,0.767025,1.48805,0.98106,0.110169,0.306566,1.88037
gen=1_member=510,0.466888,1.74765,1.17935,2.73119,1.4477,1.42577,0.688687,0.149747,0.458296,3.04299
gen=1_member=511,2.84259,0.142,2.55374,1.67545,1.39575,3.00582,1.42574,2.19002,2.66868,0.011412
gen=1_member=512,2.0045,2.31643,1.91458,2.1457,1.53156,0.795055,2.73743,1.53389,0.500816,2.47213
gen=1_member=513,2.1647,0.197788,2.95803,0.339168,0.715026,2.84235,1.43264,1.60419,2.79177,3.13217
gen=1_member=514,2.71521,1.36467,2.90525,2.49654,2.1837,2.13319,2.00064,2.97091,1.61367,0.17169
gen=1_member=515,1.28313,1.28676,0.680914,1.57467,2.7366,2.39221,0.42483,2.44914,1.50938,0.617498
gen=1_member=516,0.151675,0.699065,1.05534,2.93868,0.125289,1.85362,0.434205,1.29054,2.78,1.12132
gen=1_member=517,0.490049,2.80393,1.70664,1.28733,1.84681,1.84228,2.48654,2.53436,0.321844,0.867734
gen=1_member=518,2.55882,0.728902,1.20733,3.12769,0.605675,1.14415,2.06925,2.36094,1.04376,1.55749
gen=1_member=519,0.234909,2.60781,0.60442,0.121709,0.339613,2.66083,2.81898,2.57207,2.46749,1.1333
gen=1_member=520,1.70708,0.299587,1.99873,2.27944,2.05259,2.53797,2.9504,1.55728,1.12147,2.82848
gen=1_member=521,0.14949,0.69455,2.82035,1.13729,2.86083,2.09002,1.22138,0.207741,2.66115,1.97962
gen=1_member=522,1.41794,0.267612,0.66388,1.48421,3.06553,1.01559,0.95676,0.310235,1.89291,2.46526
gen=1_member=523,2.91836,0.755493,0.930943,0.709039,2.4041,1.09813,1.45606,1.45259,1.33115,2.02221
gen=1_member=524,1.13715,0.51647,2.50267,0.787976,1.85721,0.239701,1.36716,1.1609,2.5958,1.86149
gen=1_member=525,1.5948,1.65915,1.11513,2.61418,0.588203,1.15119,2.40563,2.22318,1.41107,3.106
gen=1_member=526,2.18184,1.52936,1.84284,2.89788,2.66366,3.11776,2.51861,2.6946,2.61963,0.466185
gen=1_member=527,0.52749,1.78666,1.46557,2.95369,1.09376,0.580261,0.406144,2.49953,2.64634,2.0625
gen=1_member=528,0.254399,1.27552,0.890526,0.528246,0.389937,0.802785,0.953076,2.26677,0.84912,1.38975
gen=1_member=529,1.24271,0.59194,2.15487,1.74156,2.41631,1.32316,0.707107,2.01882,0.844568,2.31068
gen=1_member=530,2.58742,0.302387,0.0217647,1.36228,0.0026294,2.74247,0.411089,2.0254,0.62505,1.08398
gen=1_member=531,1.49915,0.541271,1.74013,2.9507,0.602859,0.599001,1.09915,2.38901,1.94625,0.00121049
gen=1_member=532,0.793795,1.35839,0.374768,0.477216,1.22305,0.13745,2.09826,0.771335,2.99405,1.28625
gen=1_member=533,2.08105,0.455224,2.76808,1.33888,2.01816,2.7272,0.558705,2.25162,1.76558,0.0378178
gen=1_member=534,1.79682,1.93406,1.29518,0.446047,2.46684,2.65684,1.74605,2.88853,0.53164,0.263352
gen=1_member=535,2.94283,1.26908,1.58588,2.58512,1.42681,1.04269,2.4927,2.17374,2.89931,0.0577562
gen=1_member=536,0.727956,1.31723,1.2293,1.24354,2.09672,2.73766,2.91926,2.85589,2.86845,2.26696
gen=1_member=537,2.14346,1.94771,0.792808,1.64045,2.71802,0.419632,2.34867,0.47797,1.23243,0.916765
gen=1_member=538,0.0592574,2.32418,1.87331,1.09403,2.30993,1.39388,2.10851,1.15276,2.67193,1.04053
gen=1_member=539,3.04342,1.07603,3.04237,2.93005,0.491827,0.9222,3.06401,0.696169,2.02555,1.80406
gen=1_member=540,2.42477,0.0500961,2.992,2.9259,1.68966,0.616019,3.01591,1.81585,2.54559,0.15118
gen=1_member=541,2.37269,1.88007,1.69527,2.90207,0.889714,0.724753,2.69966,2.82252,0.411501,2.65521
gen=1_member=542,0.0191037,1.687,2.59002,2.68481,2.93424,0.636873,0.152897,1.04745,2.47312,2.54768
gen=1_member=543,0.316549,0.071075,0.353709,0.332618,1.35508,0.0747956,2.29599,0.205268,0.503982,0.74681
gen=1_member=544,2.22404,0.752387,1.14362,1.21645,1.65869,0.333009,3.0258,0.232583,0.234843,1.59481
gen=1_member=545,1.54544,0.136291,0.857383,2.72548,2.73176,1.30286,0.742841,0.789728,1.57501,2.15578
gen=1_member=546,1.31751,3.05258,0.758159,2.81421,3.00939,2.56035,0.397729,3.10757,1.69715,2.85218
gen=1_member=547,0.538377,0.16958,1.4096,1.22611,2.67035,1.66608,1.87643,1.70578,0.00796152,2.3785
gen=1_member=548,1.38069,0.651209,0.0430163,0.186445,2.9463,2.55532,2.08072,3.0035,1.34641,2.54203
gen=1_member=549,2.47917,0.145932,2.89011,0.87027,2.3317,0.0635409,1.60397,0.305519,0.573655,0.816694
gen=1_member=550,0.800634,0.287971,1.92361,0.127525,0.856974,2.92743,1.73824,0.551737,0.989016,1.78245
gen=1_member=551,1.30488,0.172782,1.61838,0.714315,1.6702,3.0905,1.52897,0.520701,2.80728,0.862749
gen=1_member=552,0.463594,2.90613,1.04251,2.76807,1.54277,2.20582,1.12189,1.59781,2.9953,2.92204
gen=1_member=553,0.0673337,2.89507,2.35187,1.72184,0.989478,0.101457,0.915239,2.4406,0.0628867,0.78643
gen=1_member=554,0.531287,2.19229,2.12722,0.654231,1.3729,1.12948,0.552255,1.33527,0.991578,0.97279
gen=1_member=555,1.12582,1.51554,1.29207,1.69858,1.90629,1.75555,2.19596,0.500865,2.43714,0.581276
gen=1_member=556,2.96405,1.30521,2.19372,2.03579,0.273917,1.65012,1.84307,1.27558,2.20843,2.37399
gen=1_member=557,1.53985,2.1165,1.82982,2.77451,0.686585,1.38036,1.08896,3.07174,1.41911,2.71345
gen=1_member=558,0.344607,1.16783,0.756793,0.756424,1.84242,0.0310021,2.37295,2.71488,1.80449,0.367134
gen=1_member=559,0.937091,2.04771,0.150747,0.629924,2.71408,1.62212,2.18353,2.27701,1.54463,2.48224
gen=1_member=560,0.27134,2.15071,3.0019,2.82119,2.4559,2.16346,1.67852,1.24482,1.61188,2.00105
gen=1_member=561,2.27852,2.32905,1.16797,0.969781,0.707014,1.13451,2.31913,2.05015,2.18461,1.92171
gen=1_member=562,3.12733,0.327136,1.2581,1.2529,1.3432,1.77212,0.474333,1.03448,1.53094,0.901597
gen=1_member=563,2.43091,0.00351101,0.713753,0.583286,0.329445,2.5928,3.07431,1.21078,2.52212,2.74093
gen=1_member=564,0.764214,2.49537,1.92228,3.13803,2.91476,0.890426,1.91884,0.967977,2.84039,0.804982
gen=1_member=565,1.67295,2.46314,2.75357,2.57213,2.96484,2.23468,1.36876,0.898602,0.949502,2.05011
gen=1_member=566,1.13174,1.54127,0.688136,2.04758,0.866265,1.24375,0.738985,1.88552,2.11773,0.102812
gen=1_member=567,1.09784,0.292044,2.28791,2.63848,0.0606847,1.68346,2.01903,0.0528854,0.678371,0.0855045
gen=1_member=568,1.52957,1.04467,1.6298,0.766997,1.26761,1.44634,1.63629,0.444136,1.79633,2.16637
gen=1_member=569,2.46864,2.36064,2.92547,0.701373,2.51983,0.439412,1.27586,1.1138,2.14176,0.736668
gen=1_member=570,1.25867,0.853203,1.27294,0.484528,1.88101,0.298227,0.966498,1.6826,0.330194,3.02874
gen=1_member=571,1.86633,1.75057,3.12619,1.40666,0.294938,2.34277,2.50802,1.89563,1.0011,1.03546
gen=1_member=572,1.97075,2.5057,1.67388,1.5552,0.344826,2.33906,2.00844,3.06455,1.20578,1.4791
gen=1_member=573,1.10247,0.104714,2.10724,2.34233,2.13914,0.583945,3.06788,3.1178,0.113616,1.02393
gen=1_member=574,0.0470204,0.4874,3.05992,2.8189,0.220836,2.80038,1.38328,0.415478,3.09372,2.68081
gen=1_member=575,3.10831,0.0815996,1.00621,0.462137,0.859616,1.27377,0.813813,0.0941236,1.82554,2.50713
gen=1_member=576,2.67038,3.12633,2.32584,2.20825,1.63026,2.74738,0.0772265,1.20241,1.24336,1.52082
gen=1_member=577,0.402729,2.16595,2.87278,1.45844,0.44353,1.59777,1.24192,2.0766,0.969371,1.24581
gen=1_member=578,1.56899,3.03283,1.79112,1.33218,0.789742,2.32752,0.430369,1.69906,1.3283,0.496712
gen=1_member=579,2.63844,2.12605,3.13447,2.67231,0.38079,2.67184,0.0298187,1.38769,1.04978,2.74389
gen=1_member=580,1.46352,0.246915,1.76661,1.31418,1.10803,1.33479,1.24922,2.5598,1.57287,1.187
gen=1_member=581,2.03678,2.02495,1.25435,0.459429,2.5321,0.28166,2.34053,1.6777,3.01477,0.359956
gen=1_member=582,2.47802,0.353991,1.63651,2.3514,1.40408,2.81443,3.0929,2.63174,3.13269,2.02811
gen=1_member=583,1.06078,2.53764,2.16645,1.89705,0.835177,0.0512324,2.39182,2.12604,1.70273,0.515729
gen=1_member=584,1.39263,1.90652,0.50476,0.465642,1.8548,1.72133,2.15201,0.464959,2.93106,1.7359
gen=1_member=585,1.76178,1.4072,1.33294,1.65572,0.752137,1.06549,0.550402,1.09959,1.44995,0.64003
gen=1_member=586,1.01562,0.987117,2.55136,0.877136,1.04517,2.42803,1.46386,1.16971,1.4637,2.57694
gen=1_member=587,0.961795,1.26052,0.0534243,0.612463,2.80685,1.36982,2.68248,2.8627,1.0768,2.33479
gen=1_member=588,1.7231,1.11694,2.73224,2.65671,2.24822,0.19011,2.51166,1.79116,0.635713,0.500316
gen=1_member=589,1.42907,2.67234,2.18817,1.55688,2.34559,0.00297369,0.587058,2.20182,0.793681,0.21376
gen=1_member=590,2.40163,0.0469624,0.670958,0.685144,1.01452,1.85348,0.0685587,0.786478,1.5475,1.00629
gen=1_member=591,1.61765,0.746597,2.6736,0.621065,1.9926,0.403668,0.682552,2.29003,2.65159,0.978304
gen=1_member=592,0.00540893,0.677734,2.32323,0.396147,2.6313,1.62687,1.04486,1.50363,1.93223,2.81341
gen=1_member=593,1.34766,2.80082,0.111233,1.72623,2.89164,2.6055,0.457079,0.222219,1.92076,1.05338
gen=1_member=594,0.353596,0.760606,2.94005,2.18357,0.188019,0.872501,0.754527,3.07573,2.95102,0.713248
gen=1_member=595,1.51748,1.01789,0.381384,0.22131,2.6451,2.69253,2.5476,2.77796,3.03234,1.76026
gen=1_member=596,2.77319,2.79163,2.03136,3.03841,0.464919,0.0227074,0.865312,2.73606,1.37268,2.73418
gen=1_member=597,2.44001,2.16822,2.78123,0.152729,2.85157,1.86931,1.25244,0.239252,2.31163,1.31633
gen=1_member=598,1.70557,2.49957,1.19029,2.21558,0.456895,2.45631,2.65387,1.60993,0.934512,2.50015
gen=1_member=599,1.15913,2.86898,0.914925,0.53306,0.251306,0.805123,0.974918,0.836691,1.73938,1.58679
gen=1_member=600,0.976013,0.240229,0.552629,0.379882,1.38003,2.8361,2.21661,1.03789,2.0813,0.32417
gen=1_member=601,0.829242,0.118555,3.10729,2.50252,2.53886,0.521413,1.96102,0.752767,2.04972,2.55708
gen=1_member=602,0.969746,2.0042,1.0381,3.01628,0.00408759,0.48117,2.7822,2.36579,1.04262,1.69397
gen=1_member=603,2.25819,0.782137,0.591061,3.10569,2.51089,1.50197,1.92019,1.3033,0.372691,1.09311
gen=1_member=604,3.01732,2.04977,0.213156,1.41028,2.00471,2.59513,0.797146,2.14253,0.62231,2.10469
gen=1_member=605,1.86754,1.87657,0.0889129,1.25376,2.62073,3.04958,1.21535,0.0363929,2.26559,1.45122
gen=1_member=606,1.40476,2.97175,1.78437,0.212459,0.583985,0.037396,3.1343,2.54464,2.19435,1.5329
gen=1_member=607,2.38495,2.64039,2.27642,2.57621,2.82473,1.34672,2.79012,0.453868,2.38212,1.60495
gen=1_member=608,0.663417,0.57547,1.54565,2.98621,3.07807,0.149338,1.89978,2.6526,1.65801,1.4088
gen=1_member=609,2.49401,2.9385,1.8824,2.05805,2.07714,1.45964,1.86717,1.284,0.827398,2.42209
gen=1_member=610,2.78516,1.08453,1.07312,0.237887,2.60816,2.3072,0.854287,1.67241,2.51977,2.07736
gen=1_member=611,1.01879,0.739587,0.634401,1.23358,0.287788,2.60877,0.846889,0.773218,2.74732,1.1739
gen=1_member=612,1.93442,2.92333,1.70234,0.678309,1.70718,2.11617,3.03607,1.40763,0.761829,1.15321
gen=1_member=613,2.53111,0.874989,2.77672,0.743558,1.21981,2.92271,2.29213,2.70774,0.872133,0.24781
gen=1_member=614,2.55713,0.953865,2.07929,1.21109,0.527877,0.241015,2.97464,0.647104,2.0983,2.62861
gen=1_member=615,0.812755,0.391667,2.45739,0.8202,0.665939,2.19498,0.490509,2.7911,2.24321,0.0318155
gen=1_member=616,1.11189,0.940888,0.923558,2.76919,1.10631,1.43072,2.58439,0.227638,2.72436,2.2304
gen=1_member=617,3.07019,2.78365,1.26196,1.59787,0.952768,2.78205,1.89339,0.954703,1.05848,2.36501
gen=1_member=618,2.30624,1.41248,2.66915,0.360887,0.362088,2.48011,1.62137,0.074282,2.1438,2.21514
gen=1_member=619,2.26147,0.846874,1.2,2.29597,1.06717,2.60272,0.144311,2.78824,1.47811,0.762214
gen=1_member=620,2.18051,1.15858,2.5172,1.61936,2.80349,1.25495,0.232603,3.02448,1.09065,1.10123
gen=1_member=621,2.76182,0.906075,0.93401,0.423799,1.49037,2.07298,2.23275,0.830329,0.0510544,2.41318
gen=1_member=622,2.95863,1.83063,1.72694,1.94025,3.03216,0.470503,2.52595,1.46753,0.0773043,2.84702
gen=1_member=623,1.79108,0.988381,0.0116002,0.702378,3.04824,2.99296,1.03909,0.442718,1.65809,0.571033
gen=1_member=624,2.24376,0.607857,2.74697,2.94798,1.70148,1.5941,1.70274,2.32482,0.868022,1.85366
gen=1_member=625,1.27386,2.01339,3.10539,0.0207176,2.04457,2.51337,0.787887,1.47636,2.93609,2.23986
gen=1_member=626,0.737954,2.64406,1.33494,1.97107,0.621479,2.90214,1.42064,2.07881,0.336082,2.64844
gen=1_member=627,1.30751,1.65311,0.642208,2.54289,0.431685,0.0074316,1.62467,1.58586,1.11624,1.73008
gen=1_member=628,0.624399,1.70637,2.16018,1.43699,2.93897,1.54341,3.12873,1.9134,0.940834,0.92709
gen=1_member=629,1.45183,2.24033,1.19259,2.65327,3.14073,2.69835,2.52911,1.26712,2.69486,2.36896
gen=1_member=630,0.806185,1.23609,1.23681,0.102394,0.480125,2.29608,0.270051,2.48842,1.39469,2.29726
gen=1_member=631,0.868254,3.08039,0.144249,1.20271,2.79258,0.595043,2.20725,2.22436,0.907541,0.76089
gen=1_member=632,2.2006,0.203843,0.0848023,1.81839,1.75491,2.45391,2.96001,2.18328,1.88657,2.2937
gen=1_member=633,2.37734,2.87405,1.0039,2.97608,2.74342,1.83551,1.68169,0.00156602,1.36677,0.333993
gen=1_member=634,1.57455,0.576608,1.56124,0.19812,0.947025,0.692349,1.30682,2.14529,2.48895,2.24379
gen=1_member=635,2.89724,2.47303,3.03559,2.13798,2.11641,2.52055,3.12398,0.156612,0.0879467,0.206424
gen=1_member=636,1.6351,0.0613281,0.221996,1.06485,1.28155,2.37264,1.97196,1.8242,2.56454,1.25976
gen=1_member=637,2.8876,0.311927,2.59064,0.604966,2.06751,0.73665,1.32015,0.414962,1.58549,1.06951
gen=1_member=638,0.94532,2.75026,0.658804,0.39092,1.19023,2.0165,1.46931,0.946591,0.783969,2.71077
gen=1_member=639,0.826334,1.37749,2.50604,2.02289,1.48251,2.78614,1.13617,2.44655,0.418752,1.94306
gen=1_member=640,2.52733,1.42466,0.901454,1.90753,1.92556,0.0594864,0.342871,1.44785,1.22374,0.29508
gen=1_member=641,2.78714,1.98481,1.98353,2.70412,0.796209,0.897055,1.58706,3.11666,0.927805,0.943022
gen=1_member=642,2.56374,2.0977,2.20251,0.163828,2.29097,0.0148252,1.84951,2.06171,0.6633,0.753507
gen=1_member=643,2.6918,0.566911,1.49787,2.44929,1.5728,3.11296,0.0857758,0.453567,3.08923,1.07227
gen=1_member=644,2.51015,0.81114,3.08464,0.301927,1.3064,2.43978,1.9829,0.268582,2.71602,2.81411
gen=1_member=645,0.0715924,0.546221,0.1699,2.25282,1.92132,2.83919,0.30716,2.75233,0.23123,1.15851
gen=1_member=646,2.01861,3.04715,1.24746,1.70329,2.53485,0.260781,1.6892,2.37477,0.714787,3.12198
gen=1_member=647,2.13508,2.59257,2.00925,2.3689,1.11526,0.205385,1.74529,1.85848,1.74857,0.557769
gen=1_member=648,2.27155,1.46088,1.65108,2.01139,0.498218,2.2086,2.18655,0.389201,0.724812,0.380197
gen=1_member=649,2.30167,0.879297,1.65148,0.666848,3.05695,3.07384,1.14537,0.578258,1.7374,2.58005
gen=1_member=650,1.12032,0.227895,0.139138,1.36118,0.307029,1.12111,2.60023,2.80645,1.01618,0.412737
gen=1_member=651,0.814218,2.23533,2.11062,0.455171,2.22502,0.22614,2.22486,2.28715,1.2627,2.41802
gen=1_member=652,0.387349,0.593841,3.09897,0.201401,0.524279,0.417266,2.46045,1.24652,0.124009,0.406351
gen=1_member=653,3.09399,2.07537,0.388794,1.37226,0.421958,2.3599,0.215934,0.12691,0.213812,0.996887
gen=1_member=654,0.44867,2.9533,0.724758,3.00333,0.656831,0.798602,2.25804,2.69501,0.780196,1.05497
gen=1_member=655,2.66718,2.03966,0.909332,0.910589,0.702181,0.898612,2.70426,1.7235,0.0871044,0.39902
gen=1_member=656,0.848148,2.69274,2.23386,3.11692,2.35289,0.646473,3.08847,0.725797,1.6941,2.92665
gen=1_member=657,0.614794,1.76929,2.48919,2.45128,1.76377,2.6369,3.07827,2.1688,2.22166,3.01126
gen=1_member=658,2.61704,1.3354,1.62306,3.00064,2.37254,1.97655,1.19613,3.02888,0.205546,0.962751
gen=1_member=659,2.04217,0.415281,1.60973,0.886569,0.149906,0.128451,1.47691,1.75713,0.669478,1.05931
gen=1_member=660,2.26231,2.601,1.77553,2.99711,0.0945442,1.47376,1.87117,0.013184,2.63764,0.72589
gen=1_member=661,1.34274,0.386891,1.46697,1.59189,1.40279,1.46803,2.63414,1.18224,2.73773,0.83264
gen=1_member=662,0.419125,2.21437,1.12913,2.42405,1.01211,0.199669,2.74122,0.950138,1.03632,3.06267
gen=1_member=663,2.41366,1.80199,2.62136,2.2192,2.92219,0.0818338,2.85054,2.43923,2.23208,1.823
gen=1_member=664,1.20493,0.162146,2.43813,1.04716,0.540688,1.28319,1.70734,2.50777,0.493371,1.8212
gen=1_member=665,1.69057,2.91803,2.73817,0.724015,1.76845,0.769136,0.699889,0.705023,0.115406,0.319506
gen=1_member=666,0.77422,0.716812,2.46795,2.30124,0.167047,1.53206,0.996192,1.51483,0.375153,0.153845
gen=1_member=667,0.268572,0.823088,2.21594,1.63039,2.28477,1.39145,1.55702,1.99759,0.31185,2.11985
gen=1_member=668,1.98027,2.02319,0.912249,0.284104,1.47715,1.75074,3.00457,0.294037,2.30009,3.11201
gen=1_member=669,1.7007,2.92031,1.61466,0.645552,0.0697531,1.62413,1.64756,2.42172,1.86519,0.449832
gen=1_member=670,0.580021,2.5561,2.17359,2.25935,0.269098,2.35421,0.458014,2.63309,2.01037,1.03058
gen=1_member=671,1.96124,0.28354,1.73069,0.810367,0.150714,2.5103,2.49805,3.04297,1.00301,0.285615
gen=1_member=672,2.82328,1.00216,2.70557,0.82178,2.49145,2.33505,1.01138,2.18106,1.10399,0.726678
gen=1_member=673,2.26838,2.5616,1.02741,0.850076,2.61472,0.926075,2.19979,0.729891,2.49334,0.821078
gen=1_member=674,1.28769,2.28654,2.9823,2.44402,3.03643,1.53288,1.31242,2.21783,3.09733,0.165268
gen=1_member=675,0.636533,2.38786,0.548994,2.12355,0.733401,1.99894,1.04166,2.5106,1.99308,1.51389
gen=1_member=676,1.08077,2.13644,0.0930344,2.56223,0.822354,2.0275,2.30439,2.91006,3.11781,0.594526
gen=1_member=677,2.87657,2.40358,0.571623,1.87397,0.971255,2.17077,1.17142,1.74273,1.29825,0.0998427
gen=1_member=678,2.53455,2.19947,1.65792,1.53325,1.74379,1.68909,2.5628,1.13358,1.91378,1.04578
gen=1_member=679,0.675753,1.39398,0.140099,0.153759,1.20561,1.84406,0.392605,2.30268,2.41882,1.56539
gen=1_member=680,2.05525,0.768697,2.541,0.273621,0.98056,1.94774,2.68524,0.254081,3.11684,2.83434
gen=1_member=681,0.201337,2.06681,1.40527,1.76893,1.58607,2.66804,0.0438074,2.68333,1.32136,1.96199
gen=1_member=682,3.039,2.99541,0.500278,2.83465,1.56521,2.07555,1.69154,1.76542,1.72307,1.32683
gen=1_member=683,1.15847,0.254901,0.66883,2.78067,1.58076,0.828745,0.972728,2.9221,2.76961,0.230967
gen=1_member=684,2.04184,2.93992,2.16151,0.794991,0.728918,0.787512,2.75534,2.78075,0.219891,2.79175
gen=1_member=685,1.00031,1.99829,0.263519,0.184454,0.370312,0.640626,1.72775,2.08499,0.523633,1.70709
gen=1_member=686,0.670571,0.725596,1.39546,0.138717,1.8705,1.9198,3.01078,0.356445,0.334551,0.276558
gen=1_member=687,2.19314,1.20831,2.11817,2.66377,1.88376,2.51728,2.96055,1.10734,0.901598,2.60104
gen=1_member=688,1.05586,0.231645,0.45376,1.59979,0.608651,1.76043,1.26804,2.72795,2.79366,0.0266997
gen=1_member=689,2.14234,0.899637,3.06466,2.07946,1.05151,2.4481,1.64175,0.297999,0.248317,1.21321
gen=1_member=690,0.32325,0.79883,1.45591,0.731778,2.90887,1.77671,0.0211036,0.367655,0.377907,1.41046
gen=1_member=691,3.09948,2.00237,1.40285,0.448913,2.83528,2.39949,2.39495,0.188656,0.661675,2.35183
gen=1_member=692,0.368101,0.948238,1.38747,1.1997,1.0581,0.873857,1.65976,1.32034,1.55805,2.30351
gen=1_member=693,1.23027,3.05693,0.402299,1.64256,1.99772,2.37946,0.30907,0.187094,1.59811,2.29056
gen=1_member=694,2.97087,1.36633,1.12079,2.41676,1.8896,2.18024,0.620957,1.01835,0.863007,1.86938
gen=1_member=695,2.79864,1.62204,0.127799,2.66094,1.3927,0.907302,0.873458,2.33935,0.633794,0.064766
gen=1_member=696,1.24743,2.97504,2.60213,2.61549,0.17632,1.11747,1.73291,2.39451,0.196103,1.5731
gen=1_member=697,1.0388,0.036072,3.0283,2.04057,1.33558,2.36721,2.0573,1.17672,1.09682,1.58971
gen=1_member=698,2.27563,0.113751,0.420765,1.1629,1.40972,2.42367,1.94505,2.15501,1.18149,1.83437
gen=1_member=699,3.12193,0.430248,0.946052,0.977315,0.872427,1.60764,0.577696,1.06367,1.54278,2.27049
gen=1_member=700,0.970477,1.60678,1.44094,0.144873,2.12324,2.96961,1.5506,0.907972,0.000200321,2.73091
gen=1_member=701,2.9392,2.10296,2.65601,1.66626,0.109057,0.230753,0.69324,1.07382,0.514848,2.84451
gen=1_member=702,0.579391,1.08976,3.11295,1.46073,1.67988,2.90507,2.47724,3.00714,2.9749,0.141706
gen=1_member=703,1.02284,1.30869,2.00518,0.0311816,1.70349,1.73159,1.56061,0.796332,3.12512,1.3124
gen=1_member=704,1.29024,0.97041,1.37554,1.68151,1.7239,0.678288,1.283,0.808483,2.82805,0.950468
gen=1_member=705,1.31572,0.122353,1.22056,1.15675,2.8212,2.3963,1.81647,1.6327,1.56459,1.7744
gen=1_member=706,0.58621,2.67951,2.07623,0.592,1.21203,1.26479,1.80391,1.09565,2.12549,1.23366
gen=1_member=707,1.87178,1.48109,2.81138,1.9256,1.32944,2.75398,1.48595,2.31298,0.356033,0.575837
gen=1_member=708,0.206173,0.249835,2.97732,0.513885,1.28893,1.95634,2.39985,0.460537,1.12706,0.731403
gen=1_member=709,0.983816,2.93455,0.465376,0.0566391,0.662534,1.79414,2.12807,0.314669,0.455369,3.09319
gen=1_member=710,2.06861,1.40188,0.158348,2.69383,1.46811,2.41665,2.92432,1.80556,3.10855,2.61903
gen=1_member=711,0.917271,2.74109,1.98852,3.14118,2.12744,2.80998,2.80903,2.58772,2.49587,0.354997
gen=1_member=712,2.83719,1.02243,2.06924,3.11349,1.95257,0.305197,1.92712,0.756412,1.94297,1.94722
gen=1_member=713,1.76698,2.40826,1.9606,2.79536,2.80166,1.95433,1.42293,1.92606,2.45553,1.80963
gen=1_member=714,0.666848,1.08746,0.625585,0.194889,2.42095,1.92132,1.85275,1.83131,2.01461,1.63
gen=1_member=715,2.74561,2.82573,1.6064,2.37849,3.12635,2.19563,1.89611,2.67889,0.449355,3.07629
gen=1_member=716,0.561378,1.63787,1.80592,1.1475,1.90264,1.97516,2.928,0.711231,2.94487,1.78672
gen=1_member=717,0.978457,0.668048,0.445794,0.343628,1.23467,2.29119,2.36469,2.22914,1.62634,2.48714
gen=1_member=718,2.93733,2.42387,0.378823,0.488296,2.55342,0.97288,0.73142,0.169912,0.606601,2.98807
gen=1_member=719,0.303481,1.71149,2.97052,0.867794,2.38476,1.46292,2.88829,1.51018,2.85799,2.19809
gen=1_member=720,2.20738,2.17815,2.59946,2.99153,2.43472,1.59873,0.582785,1.57877,0.757957,1.76306
gen=1_member=721,0.769354,0.125891,3.02141,2.0181,0.862314,0.472107,1.85466,2.72569,0.938154,1.84495
gen=1_member=722,0.98604,0.9675,1.44955,0.922833,0.359332,2.07861,2.92904,1.80012,1.60389,2.26302
gen=1_member=723,3.02953,0.815652,0.616583,3.03216,1.33322,1.87657,2.03832,0.193209,2.42964,0.69882
gen=1_member=724,1.29637,2.51608,2.92154,3.04066,1.41793,0.43115,0.191563,1.26308,0.832232,2.63963
gen=1_member=725,2.72083,2.29856,2.54242,0.966901,2.58691,0.2118,2.90507,1.54334,2.18565,1.61509
gen=1_member=726,1.48558,0.400436,0.0515248,0.984187,1.13175,2.38273,2.35232,1.26371,1.83686,0.160186
gen=1_member=727,0.284295,2.41252,1.34233,0.387113,2.62307,1.53943,1.82038,0.0786752,1.15979,2.01688
gen=1_member=728,2.54517,2.28401,1.80069,0.771086,3.06332,3.01273,2.38785,3.01956,2.57079,2.87924
gen=1_member=729,1.14481,0.0683107,1.74408,1.72902,2.36811,2.89175,1.96259,2.89644,2.15055,1.22628
gen=1_member=730,0.0107418,3.00769,0.878343,0.950213,0.764,1.72862,0.82156,1.04656,2.72225,1.38078
gen=1_member=731,1.18997,0.362887,0.818647,1.75328,0.0336435,0.861355,1.54283,1.43675,2.09157,2.11704
gen=1_member=732,2.59267,1.22605,3.0567,1.23064,2.08921,1.33022,2.4543,2.9676,0.74306,2.44499
gen=1_member=733,0.570217,1.65707,0.239961,1.08767,0.327979,0.954198,2.62682,1.05344,2.06597,0.410561
gen=1_member=734,2.6454,1.17946,2.71329,1.3536,2.52936,1.32069,0.947413,0.9245,0.386623,0.843594
gen=1_member=735,2.61182,1.25999,2.51557,3.09991,0.387365,0.112932,0.320073,1.86171,3.02266,2.05474
gen=1_member=736,3.0577,3.03359,2.83508,0.0165266,3.00331,1.98538,2.56594,1.34085,0.884826,0.76477
gen=1_member=737,1.18452,0.529152,0.359967,1.52858,0.138766,3.09971,2.98679,2.03804,2.90526,0.877983
gen=1_member=738,0.650714,0.0424958,0.478875,2.51536,2.72807,1.49911,0.913976,1.04072,0.0300564,2.46275
gen=1_member=739,0.02833,0.58409,2.41364,1.38149,0.264316,1.44007,1.24442,2.79901,3.03413,3.00308
gen=1_member=740,2.62322,1.32097,3.03771,1.1807,1.73482,1.03663,1.35802,1.60167,2.3063,1.26255
gen=1_member=741,0.863948,2.97884,2.69089,3.01228,0.21015,0.372316,0.929735,2.7017,1.63339,2.75313
gen=1_member=742,3.08219,1.1097,2.44855,0.00538502,1.71734,2.36626,0.157269,2.34626,2.46102,1.65103
gen=1_member=743,0.498711,1.13158,0.104676,2.67393,2.20492,1.89889,0.268109,3.10442,0.142777,0.415651
gen=1_member=744,2.49223,0.936217,1.44517,2.22613,0.749561,1.41369,1.69472,1.87921,1.4764,1.30866
gen=1_member=745,2.80147,3.02109,2.54636,0.929343,2.91911,2.46713,0.334902,1.31004,0.452255,1.92992
gen=1_member=746,2.45451,2.98299,2.57319,0.79686,1.77698,1.11102,1.09197,2.60117,1.8176,0.0785728
gen=1_member=747,0.408857,1.59091,0.228017,1.55017,1.95066,1.88988,0.857577,2.45304,2.0352,0.988993
gen=1_member=748,2.7273,0.0415752,1.90538,0.337786,2.0767,2.63985,1.37352,2.43105,0.280265,2.15991
gen=1_member=749,2.14918,0.915761,1.14544,1.83898,2.08255,1.67855,0.609638,2.40778,2.42062,3.10806
gen=1_member=750,1.34575,2.72902,2.88647,1.36908,2.71026,0.855536,0.204169,0.376039,0.737691,2.09528
gen=1_member=751,0.781213,0.216142,0.893968,2.10864,1.95937,0.543504,1.53715,0.516771,0.481618,2.77592
gen=1_member=752,1.43623,1.93196,0.862726,1.95795,1.57006,2.75543,1.46178,2.20794,1.22694,1.77913
gen=1_member=753,1.42456,1.4514,1.55121,2.57978,0.518431,0.706835,2.67156,2.30799,1.72729,2.06661
gen=1_member=754,0.645447,2.1209,1.81017,2.64274,0.308574,2.45852,1.10765,3.06586,0.243924,0.112232
gen=1_member=755,1.95705,0.628537,0.823828,2.48758,0.398655,2.03849,2.22232,2.65405,0.0335039,1.57058
gen=1_member=756,0.662984,0.834674,1.52457,3.02638,0.723526,1.05244,1.93171,0.179074,0.111577,0.119464
gen=1_member=757,0.882338,2.54964,0.695759,1.77943,0.226206,1.48667,0.984868,0.047487,0.986024,2.82438
gen=1_member=758,2.63454,0.00276417,0.112765,1.4069,1.9754,0.413254,1.05923,2.64445,2.96459,3.00721
gen=1_member=759,0.756237,1.47337,1.43044,2.19022,1.44221,0.323467,2.78727,0.365221,0.976066,1.14928
gen=1_member=760,3.0532,0.186321,0.488117,1.71809,1.29316,2.31907,0.369733,2.67441,1.18934,1.1359
gen=1_member=761,1.80171,2.24164,1.12047,2.6093,1.49923,2.82306,1.43483,0.800553,0.0181741,1.7133
gen=1_member=762,1.19424,2.14458,2.56027,0.314516,2.43287,1.6051,0.831474,2.25521,2.11177,1.01481
gen=1_member=763,1.91966,3.07571,0.255778,3.13281,1.43212,1.41405,0.121705,2.48474,0.508135,2.33878
gen=1_member=764,0.160177,0.714051,2.8147,2.80299,1.13511,2.86494,1.82245,2.91344,2.36753,3.08242
gen=1_member=765,1.58249,1.73386,2.1501,2.56572,0.312103,0.214736,1.88527,0.933827,1.96151,3.09661
gen=1_member=766,0.144199,1.50587,2.86795,0.165555,1.77354,1.07215,2.66281,1.79631,1.89057,1.79797
gen=1_member=767,0.43068,1.38478,2.79111,1.34801,1.0542,3.05899,1.12851,2.39547,1.53288,0.134667
gen=1_member=768,2.58611,0.319914,2.25079,1.20579,1.90121,1.40653,2.77527,0.784925,2.85359,1.39387
gen=1_member=769,1.38554,1.18827,0.472376,2.39204,0.320483,1.63864,0.284667,1.32861,2.53313,0.606355
gen=1_member=770,1.53354,0.373796,2.65183,3.06698,1.4839,1.34171,0.615825,2.03173,0.364292,1.79462
gen=1_member=771,0.113799,0.539112,1.1271,1.57237,1.41111,1.7389,1.13134,3.01127,0.0925378,0.18032
gen=1_member=772,0.525062,1.94196,0.00671655,1.09252,2.90302,2.75873,0.5323,1.64429,1.92368,2.04317
gen=1_member=773,0.605667,0.194579,1.53664,0.659561,3.03961,1.44402,1.31839,2.3499,1.65015,0.688804
gen=1_member=774,2.47473,0.0739158,2.69917,1.42688,2.49796,2.03063,2.03256,0.9748,2.58989,3.02269
gen=1_member=775,0.681221,0.1473,2.6099,1.06902,3.12844,0.117266,2.84493,1.52484,0.802612,1.59981
gen=1_member=776,1.66284,1.23958,1.1532,2.40144,1.61601,0.00511904,3.11389,3.05581,1.03221,2.83777
gen=1_member=777,0.692481,3.09336,0.943978,1.25854,0.987108,1.53619,1.9048,2.2967,0.536817,2.62213
gen=1_member=778,1.71766,0.764412,0.324552,2.85107,0.566697,1.44909,2.90867,1.15045,0.751021,2.90792
gen=1_member=779,0.472558,0.522,1.77802,2.74544,1.62687,0.910184,2.27865,1.29404,3.04373,1.23704
gen=1_member=780,0.39106,1.40598,2.1915,0.488945,1.26684,2.2332,2.2702,2.91882,0.179106,2.35563
gen=1_member=781,1.07228,1.91692,2.93086,0.995928,1.27211,2.57206,1.34608,1.86892,1.13749,2.38516
gen=1_member=782,1.65072,2.91363,0.372712,1.97512,2.65428,0.540008,0.607094,0.708499,0.550207,1.31364
gen=1_member=783,0.760288,1.12577,0.16143,1.51693,0.848822,0.192258,1.45042,2.54845,0.824072,0.918264
gen=1_member=784,2.35916,2.35572,0.0795949,2.24061,0.417122,0.767851,1.23112,2.34433,2.93495,0.542706
gen=1_member=785,2.11183,2.22297,2.23954,1.90112,0.535808,1.89254,1.81064,1.43395,0.393326,1.02275
gen=1_member=786,2.01693,1.10137,3.09117,1.99593,0.833381,2.27649,2.3691,0.507492,0.71028,2.50986
gen=1_member=787,3.07834,1.29706,1.38171,0.570381,1.78065,3.05729,2.76817,0.978883,0.389991,0.239939
gen=1_member=788,2.56566,1.47978,2.43542,0.0993027,1.96419,3.12503,3.06031,0.0870581,1.88091,2.28338
gen=1_member=789,1.51414,1.85565,2.80275,2.87194,2.86518,1.30051,2.57974,1.36598,0.807589,1.10723
gen=1_member=790,1.49096,3.08648,3.13766,1.86318,1.98383,2.24812,2.90219,2.87212,0.683813,0.635545
gen=1_member=791,3.01285,1.92769,1.97461,1.71564,1.03908,1.35798,2.55011,2.8976,0.997067,1.757
gen=1_member=792,2.29945,2.38439,2.72629,2.50566,0.801181,1.47132,2.13258,2.59615,1.58965,0.510255
gen=1_member=793,1.1046,0.894639,2.86219,2.62755,0.598813,1.5635,2.9933,2.71604,2.50178,1.12476
gen=1_member=794,1.81795,0.210591,2.0606,1.14939,2.56809,1.31749,2.04995,2.49063,0.735274,2.76046
gen=1_member=795,0.511071,0.844489,1.9479,2.45888,2.01588,0.882002,2.6355,0.3179,2.16428,2.14856
gen=1_member=796,0.703842,0.802242,2.21681,0.49986,0.785084,0.508163,1.37883,3.13472,3.07289,0.820155
gen=1_member=797,0.722021,3.05908,3.09345,1.21948,0.351846,0.361822,2.2493,2.96621,2.40606,1.95146
gen=1_member=798,1.55087,0.720042,2.87493,2.46275,2.5645,0.700437,2.57415,0.538521,1.84925,1.30321
gen=1_member=799,2.34097,2.68947,1.32156,0.134151,2.27493,0.876874,1.11827,2.37999,2.8803,0.733927
gen=1_member=800,2.39709,1.69463,2.20635,1.4534,0.91441,1.21788,0.105778,1.07802,2.34821,2.00999
gen=1_member=801,0.291671,1.48364,1.07947,1.19104,0.459342,0.822259,1.40349,2.04066,1.37776,2.17911
gen=1_member=802,0.522302,0.685802,0.60239,2.683,1.09249,0.273517,1.33199,2.97728,2.68428,1.20187
gen=1_member=803,1.65558,2.71135,1.86324,1.78689,2.5423,1.70581,0.851125,1.46416,1.63849,1.34582
gen=1_member=804,0.833841,1.49686,0.822463,1.80485,0.409405,2.91422,1.57482,1.58317,0.78827,1.97871
gen=1_member=805,1.98789,3.02332,0.0308104,2.10668,2.42924,0.22227,1.12689,1.54196,1.27416,0.855182
gen=1_member=806,0.44371,2.11327,0.961957,0.27697,0.510186,0.398929,1.98841,2.24861,1.67153,1.14283
gen=1_member=807,2.3077,2.07097,1.60206,0.297217,0.737367,0.977412,3.0912,1.02401,0.930867,0.394607
gen=1_member=808,0.657211,1.67934,0.983325,2.13228,0.159622,0.709871,1.78962,2.21375,2.76452,0.193423
gen=1_member=809,0.318017,1.66356,2.74829,0.00995199,2.72297,0.949168,1.08077,0.0147829,2.61767,2.44802
gen=1_member=810,0.213653,0.179824,2.05205,0.329588,1.07274,2.06989,2.29716,0.468787,1.79192,1.3871
gen=1_member=811,1.62147,2.75987,1.29945,0.827502,0.54478,2.83072,1.77133,1.52156,2.26427,1.2908
gen=1_member=812,1.92506,2.07883,1.427,0.836819,0.438631,0.813088,1.55483,0.377522,1.1763,1.14031
gen=1_member=813,0.655414,0.512586,0.900161,1.90569,1.17235,1.31061,3.07926,2.83994,0.629544,0.26897
gen=1_member=814,0.885993,2.68083,1.43516,0.364167,1.80559,0.344098,0.477594,0.143363,0.567991,0.981293
gen=1_member=815,2.73126,1.18071,1.97861,3.05266,1.44011,0.702817,1.02813,2.92565,0.962348,2.90092
gen=1_member=816,0.374292,1.20503,1.18498,2.52625,0.495248,3.08494,0.685146,0.91928,0.435609,0.330342
gen=1_member=817,0.29937,0.535102,0.0166036,3.00565,0.442956,2.03463,1.71046,2.16625,0.273008,0.453087
gen=1_member=818,0.306224,1.67407,1.73689,3.07215,2.39751,2.24617,0.841878,1.06053,2.10496,1.69736
gen=1_member=819,1.63167,0.468773,2.37337,1.4025,0.730689,1.55076,1.05452,2.30427,1.80947,1.73299
gen=1_member=820,1.71615,0.383557,0.18109,0.917485,1.39664,3.07755,0.898579,1.83756,0.348221,0.337202
gen=1_member=821,0.00796375,2.43036,1.74873,0.550301,0.781185,2.09433,0.806488,2.75835,1.39718,1.54067
gen=1_member=822,2.04924,0.438288,2.97916,0.543496,1.46069,1.02612,0.263525,0.164612,2.04475,1.29157
gen=1_member=823,2.80541,0.942573,0.579778,2.76127,0.746857,2.18637,0.139234,0.347117,0.278214,1.37517
gen=1_member=824,2.09332,1.19636,2.2939,1.85842,0.577937,2.64987,0.0537512,1.66767,2.65949,2.70278
gen=1_member=825,1.1206,0.350408,1.63955,1.71284,0.413517,0.441631,0.52447,2.31901,0.923678,0.289939
gen=1_member=826,1.59937,0.366359,2.05617,2.40964,2.78446,3.02765,2.19213,0.616757,1.06746,1.79215
gen=1_member=827,2.74342,2.08194,1.22227,0.50499,2.68305,2.05756,2.71695,2.17652,1.87072,2.96074
gen=1_member=828,0.0643696,1.81189,1.9188,2.75312,1.62496,0.477586,0.828339,1.86556,1.39272,2.9668
gen=1_member=829,1.29476,1.76044,0.23456,1.5385,2.36522,0.511435,2.62061,0.929513,0.240383,3.11681
gen=1_member=830,2.3634,1.25338,0.332396,1.14349,0.44963,1.82398,1.49437,1.23399,2.41337,2.37116
gen=1_member=831,1.25198,1.21433,1.10928,0.189065,2.7986,0.619941,2.02461,2.36949,1.20785,0.587037
gen=1_member=832,2.35268,1.0658,1.57409,2.27572,0.79427,1.18242,2.68957,2.80186,1.45674,3.0015
gen=1_member=833,0.0846232,0.273233,0.244697,2.16415,0.653371,0.534527,2.82654,1.23906,1.41651,2.56207
gen=1_member=834,2.5086,2.72999,2.46713,0.784752,2.26732,1.28812,2.77439,2.95529,1.33561,0.481794
gen=1_member=835,1.08276,1.26596,1.34018,0.109789,0.346987,1.11672,2.26069,2.76695,1.3824,2.23105
gen=1_member=836,1.94732,0.435696,2.85716,2.43752,0.901227,1.56825,0.962372,0.545217,0.856702,1.01193
gen=1_member=837,3.13913,0.493449,0.191336,1.1073,0.292934,1.94244,0.208599,2.40025,2.67558,3.05706
gen=1_member=838,1.35409,1.09443,2.36295,2.74821,1.14394,0.172224,0.778612,0.654716,2.07137,0.0760517
gen=1_member=839,0.237854,1.66894,1.36342,0.93214,2.81917,1.08037,2.44743,1.69248,2.65433,1.19674
gen=1_member=840,1.81908,2.05988,2.49672,2.2661,2.48841,0.12434,1.62695,0.687069,2.28382,2.04863
gen=1_member=841,0.55682,0.603085,2.71165,0.804127,2.59817,1.32881,0.921016,0.690444,0.946568,2.60775
gen=1_member=842,0.347909,1.79382,2.00252,0.043278,0.405977,2.22266,1.6487,3.0173,1.67469,2.53653
gen=1_member=843,1.90955,1.61538,1.57027,2.40287,1.51756,2.67553,1.20362,0.660772,1.58018,3.03337
gen=1_member=844,2.48496,0.221608,2.64621,0.160428,0.742166,1.4768,1.40029,2.64188,2.83515,2.00583
gen=1_member=845,1.56246,0.0212252,0.721615,2.69032,2.38412,0.379383,0.64057,1.09707,0.70036,2.82272
gen=1_member=846,0.340106,0.637465,1.03109,2.64978,0.0137746,3.01124,1.95636,0.406487,1.59921,2.08332
gen=1_member=847,0.451739,3.10299,1.91118,0.556637,2.8803,1.06427,2.27548,0.264983,1.66775,2.16406
gen=1_member=848,3.11907,2.38267,0.660906,0.033543,2.50076,0.761094,0.0082661,2.07049,0.0592085,0.49059
gen=1_member=849,0.835535,1.78769,0.732971,3.02153,2.18627,0.957275,2.46728,1.97956,2.03904,2.21068
gen=1_member=850,1.49588,2.70697,1.77206,0.600833,0.425627,2.81712,1.23868,0.856617,2.6347,2.0131
gen=1_member=851,1.39553,0.0979898,0.567907,2.98192,1.41561,1.45796,2.38493,1.41266,1.40359,2.64358
gen=1_member=852,1.72449,1.55909,1.6029,2.85582,0.133787,3.03268,2.18015,0.878084,0.484317,0.891449
gen=1_member=853,0.685689,1.4201,2.47917,1.24172,1.36793,1.50648,2.58778,2.84627,2.40288,2.56828
gen=1_member=854,1.94898,0.614683,2.24183,0.641999,2.11919,2.15621,2.75154,0.0303219,1.93447,2.75566
gen=1_member=855,0.91982,1.38604,2.66116,0.305403,1.45597,1.16257,0.0726028,0.563809,0.0703464,2.59591
gen=1_member=856,1.96373,0.2798,1.68688,1.32137,1.0283,3.06978,2.93848,0.329545,0.64336,0.6658
gen=1_member=857,1.14598,1.83736,1.71316,1.49437,0.596085,2.62126,0.662259,0.0685893,2.24833,2.10661
gen=1_member=858,2.68744,2.95848,1.64096,2.64834,0.0212401,1.02072,1.70666,2.68882,0.464994,1.88468
gen=1_member=859,0.691119,1.58283,2.94761,1.4744,1.60717,1.23724,0.519929,0.579956,0.551664,1.49135
gen=1_member=860,2.03235,1.34007,0.52686,0.587565,0.0456819,1.78353,2.35876,1.296,2.89618,0.493339
gen=1_member=861,2.24975,2.46624,1.08278,2.39661,0.932846,0.668045,2.60983,1.85147,1.8637,2.33164
gen=1_member=862,0.459387,2.7928,1.94275,2.21244,0.395783,0.309174,2.06562,1.25923,2.58627,2.95579
gen=1_member=863,2.06333,0.871533,2.35432,0.436831,2.87249,2.11371,2.72421,1.56694,2.3634,0.162917
gen=1_member=864,0.626884,1.90106,0.458498,1.87845,0.476673,1.76305,0.725953,1.97038,0.126002,0.8456
gen=1_member=865,2.333,1.62533,1.17033,3.06908,2.55627,1.64414,2.10652,0.601125,1.42421,1.47055
gen=1_member=866,0.246063,0.581413,2.90014,2.6067,2.11239,0.396044,1.26321,2.89297,3.10138,2.89989
gen=1_member=867,0.717755,0.36849,2.08458,1.26176,2.59017,1.90943,0.314603,1.96593,0.321023,1.9855
gen=1_member=868,2.44419,1.90481,1.76093,0.47977,0.880345,0.851212,0.647799,0.851544,0.899554,2.52556
gen=1_member=869,2.38073,1.36886,3.02342,1.18478,1.83114,3.06491,2.03122,1.88384,2.5787,1.35607
gen=1_member=870,1.90105,2.57756,2.50661,0.50673,2.77597,2.10436,0.500099,1.64212,0.819044,0.0888532
gen=1_member=871,0.957041,1.1198,0.183167,1.94575,0.558512,0.234342,2.15854,1.68034,0.569293,0.561656
gen=1_member=872,2.29429,2.30786,2.78424,1.1678,1.77204,2.17509,0.253272,1.6506,0.395544,0.969894
gen=1_member=873,1.83109,2.63611,1.30508,2.34594,2.47913,2.44066,0.677481,2.4743,0.774953,0.669403
gen=1_member=874,2.62531,2.34527,1.34793,2.97963,2.77391,3.12768,1.07398,0.925582,0.560645,1.42835
gen=1_member=875,0.127262,1.55593,0.132583,1.05142,2.76942,2.31337,0.28123,2.24606,2.90886,1.44752
gen=1_member=876,0.5146,1.53327,0.313993,2.59565,3.02258,2.66493,2.79282,3.03521,1.21877,0.532737
gen=1_member=877,0.100961,1.81984,0.286242,2.75681,2.95223,0.130598,1.56605,0.200337,0.369932,2.58324
gen=1_member=878,2.39953,1.87338,0.955269,0.452868,0.894721,0.404954,0.331519,2.746,0.966288,3.02529
gen=1_member=879,2.75197,0.974402,0.369243,1.61202,1.32346,2.98032,0.65431,3.01283,2.06712,2.34699
gen=1_member=880,1.09,3.00477,2.25637,1.86952,2.60441,0.592231,2.86773,1.77338,1.17734,1.11587
gen=1_member=881,0.550068,0.964532,0.88828,1.34407,2.47527,2.25912,0.673216,0.242721,0.36068,3.0185
gen=1_member=882,0.840295,0.44192,2.13909,0.0556784,1.1674,2.76587,1.47634,0.353311,0.540163,0.913472
gen=1_member=883,2.55098,2.18767,0.62956,1.31219,1.79526,1.20282,0.0393741,0.114776,0.210752,1.32132
gen=1_member=884,1.89001,0.696068,2.63078,0.962523,2.39057,0.531361,0.938656,1.58827,2.00211,1.09205
gen=1_member=885,1.52158,1.44319,0.325905,1.33591,1.58207,1.0324,1.44152,2.53289,2.034,0.874271
gen=1_member=886,1.92149,1.05989,0.274923,0.179982,3.02699,2.23964,2.66985,2.25968,1.67794,1.6319
gen=1_member=887,0.820384,3.0402,1.13699,1.38655,1.73869,2.3084,0.631806,2.52693,0.286967,1.95505
gen=1_member=888,1.03191,2.23063,2.62364,0.75141,1.945,1.1387,1.93395,2.77366,1.18547,2.95016
gen=1_member=889,2.25432,1.16267,1.49011,1.95394,2.2584,0.921206,0.418843,2.60824,1.20391,1.30142
gen=1_member=890,2.68203,0.371411,1.24565,2.08475,2.98406,1.05625,1.72201,1.42466,1.62118,1.93514
gen=1_member=891,1.47345,1.02475,2.6593,1.52021,0.0166932,1.14786,0.469872,1.45853,0.896204,0.432749
gen=1_member=892,2.49933,1.69692,0.788024,1.54058,2.35935,1.63022,2.86941,1.55432,1.73467,2.1102
gen=1_member=893,1.21608,2.19669,1.88058,0.945448,3.04292,0.776364,1.83812,0.740243,2.92321,2.13171
gen=1_member=894,2.59779,0.466192,2.52706,2.59065,2.00904,0.718213,2.59462,1.75393,0.20897,0.279356
gen=1_member=895,3.07242,1.56562,1.97082,0.831266,2.04555,1.74825,0.753075,0.81452,1.78271,0.187187
gen=1_member=896,3.10021,0.881591,0.577763,0.370263,3.08357,1.1607,1.08232,1.91983,2.44262,2.52794
gen=1_member=897,1.64006,2.98996,2.34711,0.0354194,2.3365,1.36797,0.223026,2.05563,2.16245,2.69155
gen=1_member=898,1.69607,1.3334,1.63014,2.03169,0.018748,1.99423,0.812651,2.75601,2.32914,2.42573
gen=1_member=899,2.12217,0.659054,0.279583,1.48293,0.336502,1.29459,0.862186,2.3332,2.84902,1.89039
