real_name,func,func_sd
gen=0_member=0,-0.266932034940924,0.00977990917491159
gen=0_member=1,-0.393763861962368,0.00977990635048851
gen=0_member=2,0.218844762899912,0.00977990911505996
gen=0_member=3,-0.518222099953434,0.00977990949441257
gen=0_member=4,0.127459838351169,0.00977990430654954
gen=0_member=5,-0.523505663394124,0.0097799083213227
gen=0_member=6,0.936040060991874,0.00977990793498536
gen=0_member=7,0.991648317736698,0.00977990566424946
gen=0_member=8,-0.336039208055505,0.00977990752080429
gen=0_member=9,-0.724031326695817,0.00977990923611238
gen=0_member=10,-0.00526186889607789,0.00977990612873227
gen=0_member=11,1.54934528445031,0.00977990951769574
gen=0_member=12,0.356406781005573,0.0097799094727283
gen=0_member=13,0.359165325261676,0.00977990953478962
gen=0_member=14,-0.511878666633111,0.00977990950160899
gen=0_member=15,0.873302151079074,0.00977990897828996
gen=0_member=16,-0.62771812486802,0.00977990490078522
gen=0_member=17,-1.19605421504276,0.00977990527670673
gen=0_member=18,-0.16895040830004,0.00977990151344349
gen=0_member=19,-0.580481532037828,0.0097799045382277
gen=0_member=20,-0.15628748148676,0.00977990491932327
gen=0_member=21,-1.15881580615183,0.00977990873796588
gen=0_member=22,0.252282976532173,0.00977990896338949
gen=0_member=23,0.596349067756464,0.00977990720946064
gen=0_member=24,-1.27571278305542,0.00977990952592643
gen=0_member=25,-0.213411626649534,0.00977990927172258
gen=0_member=26,0.220739360187166,0.00977990929688698
gen=0_member=27,-0.147212620941406,0.00977990950770328
gen=0_member=28,-1.08586896071982,0.0097799092420438
gen=0_member=29,-0.234180289616395,0.0097799089040862
gen=0_member=30,0.578547458800637,0.0097799088275886
gen=0_member=31,1.14904497885024,0.00977990948958328
gen=0_member=32,0.913477104354258,0.00977990943579608
gen=0_member=33,0.578869594746124,0.00977990890381746
gen=0_member=34,0.715569761458465,0.00977990933879507
gen=0_member=35,0.0787101622174469,0.00977990898778022
gen=0_member=36,-0.310353530613399,0.00977990846539771
gen=0_member=37,-0.690415734379584,0.00977990941187497
gen=0_member=38,-0.183643582360779,0.0097798993267721
gen=0_member=39,0.368217422329162,0.00977990929791853
gen=0_member=40,-1.1908594147187,0.00977990891881294
gen=0_member=41,-0.0735362633803621,0.00977990942108292
gen=0_member=42,-0.550497699468915,0.00977990876892054
gen=0_member=43,0.045490473042626,0.00977990945551769
gen=0_member=44,-1.17478132073906,0.0097799094237188
gen=0_member=45,1.33306577835906,0.00977990945012649
gen=0_member=46,0.0776953767528955,0.00977990896258325
gen=0_member=47,-0.512541080036419,0.00977990938286941
gen=0_member=48,-0.343701792785695,0.00977990876702303
gen=0_member=49,-1.76229249956125,0.00977990916072777
gen=0_member=50,0.019680403389484,0.00977990441732181
gen=0_member=51,0.30537266946994,0.00977990939154801
gen=0_member=52,-0.429218405977034,0.00977990929201426
gen=0_member=53,-0.506880019630887,0.00977990605609211
gen=0_member=54,-0.196877494047119,0.0097799094578604
gen=0_member=55,-0.0590672737377756,0.0097799090063237
gen=0_member=56,0.54106866092007,0.0097799091023746
gen=0_member=57,0.43466969102758,0.00977990502223403
gen=0_member=58,0.344817850729752,0.00977990655178474
gen=0_member=59,-0.582475509241266,0.00977990933817342
gen=0_member=60,1.62460731586733,0.00977990952782122
gen=0_member=61,0.480607479069968,0.00977989681664094
gen=0_member=62,0.71656208411915,0.00977990721316336
gen=0_member=63,-0.271736589966937,0.00977990924361284
gen=0_member=64,-1.28254193437977,0.00977990948405363
gen=0_member=65,-0.357925605746968,0.00977990895075028
gen=0_member=66,-0.656685401634809,0.00977977766767314
gen=0_member=67,1.11842335080359,0.00977990523380508
gen=0_member=68,0.52012087489844,0.00977990500969526
gen=0_member=69,0.161206897472823,0.00977990945381021
gen=0_member=70,-1.14096592723538,0.00977990912284545
gen=0_member=71,-0.280267124472067,0.0097799084024487
gen=0_member=72,0.709678969567271,0.0097799085800491
gen=0_member=73,-0.98725800013741,0.00977990734236506
gen=0_member=74,0.515592034474884,0.00977990673297659
gen=0_member=75,0.145763116082082,0.00977990885488125
gen=0_member=76,0.489918727999713,0.00977990944620388
gen=0_member=77,0.790339084152805,0.00977990928017587
gen=0_member=78,-0.484965870909433,0.00977990927832993
gen=0_member=79,0.00624506293585851,0.00977990895581574
gen=0_member=80,-0.101647255927753,0.00977990724375969
gen=0_member=81,0.13107409594742,0.00977990945950002
gen=0_member=82,-0.379891036499268,0.00977990947798106
gen=0_member=83,0.0716000793298496,0.00977990896088934
gen=0_member=84,1.05798392403566,0.00977990946561603
gen=0_member=85,-0.322712535158891,0.00977978125435046
gen=0_member=86,0.47365662549919,0.00977990950166871
gen=0_member=87,-0.56097034163428,0.00977989910097366
gen=0_member=88,-0.894895059855926,0.00977990663503087
gen=0_member=89,0.712811368692335,0.00977990314228424
gen=0_member=90,-0.907262834925254,0.0097799089172249
gen=0_member=91,-0.406235043421057,0.00977990665964964
gen=0_member=92,-0.0392942245897963,0.00977990875190539
gen=0_member=93,0.976434714441651,0.00977990926677657
gen=0_member=94,-0.399419197237952,0.00977990951787491
gen=0_member=95,-0.624246044681377,0.00977990948947741
gen=0_member=96,0.918894437037798,0.00977990683715506
gen=0_member=97,0.226060116660202,0.00977990586427256
gen=0_member=98,-0.533535391253819,0.00977990809586922
gen=0_member=99,-1.11184892178167,0.00977990953788427
gen=1_member=0,0.0116836917747273,0.689637647556767
gen=1_member=1,-0.0370445664839617,0.687613017757408
gen=1_member=2,0.072332586673086,0.67482948269679
gen=1_member=3,0.0898996521656909,0.657699226637207
gen=1_member=4,0.0247011169655417,0.685122690977527
gen=1_member=5,0.0415176497425852,0.687142635429695
gen=1_member=6,0.0468834157978782,0.655085627057531
gen=1_member=7,0.125159197294549,0.64639420979753
gen=1_member=8,0.0105099667356203,0.690378201463095
gen=1_member=9,-0.0294859812160082,0.680776054590962
gen=1_member=10,0.0171666400436699,0.687077698317522
gen=1_member=11,0.022624258231251,0.688308475492719
gen=1_member=12,0.061126136130783,0.680911215207254
gen=1_member=13,0.00773742242277817,0.684458270797614
gen=1_member=14,0.0373174057294336,0.680779747264266
gen=1_member=15,0.101652231646643,0.673147252093267
gen=1_member=16,0.0224636740216977,0.675430463486825
gen=1_member=17,0.065778554169724,0.681593697442867
gen=1_member=18,0.0126299331115802,0.679637355766168
gen=1_member=19,0.0725909948421891,0.684503724616779
gen=1_member=20,0.134195924447445,0.629574092598604
gen=1_member=21,0.0569792701776709,0.673844430784441
gen=1_member=22,0.01007745853654,0.690912927548252
gen=1_member=23,0.0430533954809788,0.683745190854063
gen=1_member=24,0.0792545062863069,0.680052393557423
gen=1_member=25,0.0346232726106323,0.686135921872541
gen=1_member=26,-0.0117768085134736,0.687208197669513
gen=1_member=27,0.011475947828458,0.682478407786468
gen=1_member=28,0.0856850905383132,0.671022735736931
gen=1_member=29,0.0117290191862174,0.687685344569865
gen=1_member=30,0.0797113552236996,0.673845960829886
gen=1_member=31,0.0329915830561886,0.689557977268447
gen=1_member=32,0.0495431686370125,0.685866641229995
gen=1_member=33,0.0296879119402299,0.688918849966191
gen=1_member=34,0.050140428805996,0.677600734911142
gen=1_member=35,0.0721112686618006,0.683687135556368
gen=1_member=36,0.0865587702734025,0.668958426978879
gen=1_member=37,0.108884243391528,0.657777671144469
gen=1_member=38,0.0644038406980921,0.669110209006641
gen=1_member=39,0.0969824863723484,0.675239194926462
gen=1_member=40,0.0508129535655035,0.684658616188747
gen=1_member=41,0.0203143421588705,0.683630756178651
gen=1_member=42,0.06014889396526,0.687356607171113
gen=1_member=43,0.024054953785274,0.673450485451282
gen=1_member=44,-0.0492152479264123,0.682698663060951
gen=1_member=45,0.0428560908173703,0.683680664166146
gen=1_member=46,0.0358746310187153,0.685990302922063
gen=1_member=47,0.0798552772158904,0.684550091924023
gen=1_member=48,-0.0344941479135515,0.677536272015522
gen=1_member=49,-0.0193311593003145,0.6816187315896
gen=1_member=50,0.0103543670284052,0.683957824785645
gen=1_member=51,0.00798417585634345,0.685229057798027
gen=1_member=52,0.0424573231498907,0.687376404075662
gen=1_member=53,0.0195227734157321,0.683816052389075
gen=1_member=54,-0.0368920569697481,0.684156619690794
gen=1_member=55,0.0578613383739972,0.662128505458971
gen=1_member=56,0.039170996834339,0.648993632287429
gen=1_member=57,0.00667805612735811,0.688429019986507
gen=1_member=58,0.0642386760805667,0.675652753578417
gen=1_member=59,0.053750922086972,0.679907877575194
gen=1_member=60,0.129678407547808,0.671047523426316
gen=1_member=61,0.103765510708548,0.676733031651109
gen=1_member=62,-0.0268955239972155,0.688620541378873
gen=1_member=63,0.0391627074566711,0.676275466318365
gen=1_member=64,0.031198493588584,0.688059398601534
gen=1_member=65,0.0358622150577973,0.688061653993696
gen=1_member=66,0.02106811823146,0.685951333819316
gen=1_member=67,-0.0201158967462511,0.686762935156738
gen=1_member=68,-0.00658743181826774,0.687923486185947
gen=1_member=69,-0.0523949975910002,0.684930667441429
gen=1_member=70,0.12360695194026,0.657721386057372
gen=1_member=71,0.0814128187183533,0.678877178606517
gen=1_member=72,-0.00745044749908181,0.685958933342715
gen=1_member=73,0.0386041145554731,0.685535492336318
gen=1_member=74,-0.0269431362361964,0.680491892975626
gen=1_member=75,-0.0196976038850097,0.688128701460532
gen=1_member=76,0.0231017070537412,0.684311840793035
gen=1_member=77,0.0602886060081794,0.684128448051093
gen=1_member=78,0.110404245486242,0.663949630043027
gen=1_member=79,0.0228699925867774,0.67803809253246
gen=1_member=80,-0.000783766988600171,0.678124016725876
gen=1_member=81,0.0258444905067076,0.687828611572708
gen=1_member=82,0.0398809586932525,0.686752873491624
gen=1_member=83,-0.0218503439141849,0.686765593303869
gen=1_member=84,0.00784270450792621,0.689507406834335
gen=1_member=85,0.0268458519713331,0.683154775324244
gen=1_member=86,0.0587411396071224,0.683978425199171
gen=1_member=87,0.00291974586007487,0.676106511607218
gen=1_member=88,0.0435325071209481,0.682346413407013
gen=1_member=89,0.0907122528101438,0.679415537804425
gen=1_member=90,-4.08060891406266e-05,0.688764167242625
gen=1_member=91,0.126170304298739,0.677096134295214
gen=1_member=92,0.0303994104606508,0.677438907514386
gen=1_member=93,0.0376326549015893,0.688494944687764
gen=1_member=94,0.00802518302843057,0.673165478791928
gen=1_member=95,0.0372621948551103,0.679025380029246
gen=1_member=96,0.0497309264964821,0.665202978065476
gen=1_member=97,0.0444309622324545,0.683599844677589
gen=1_member=98,-0.00781198330998909,0.684263494542293
gen=1_member=99,0.0446347023045309,0.680275495393949
gen=1_member=100,0.0624277204122388,0.674716696807289
gen=1_member=101,0.0106970732487117,0.673412835475856
gen=1_member=102,-0.00277162011134778,0.685029382994588
gen=1_member=103,0.0226862757089577,0.687603160802386
gen=1_member=104,0.0565074623537802,0.686671612803783
gen=1_member=105,0.000552133469919689,0.685298760170795
gen=1_member=106,0.0767618613216416,0.659239475713132
gen=1_member=107,0.0789366482406277,0.667249699781558
gen=1_member=108,0.0580004054009946,0.677992322196592
gen=1_member=109,-0.026796070063686,0.687284557184246
gen=1_member=110,0.0517254432181337,0.686707489580522
gen=1_member=111,0.00240684700936002,0.680839940424682
gen=1_member=112,-0.000955455084564256,0.686266865636761
gen=1_member=113,0.108794521745332,0.663601764008787
gen=1_member=114,0.0219776940265004,0.684140786985101
gen=1_member=115,0.0660182086456678,0.674342789575802
gen=1_member=116,0.0310003233817414,0.686657924313632
gen=1_member=117,-0.00902405782670394,0.685375609778322
gen=1_member=118,0.106527266805968,0.666734920063198
gen=1_member=119,0.0523593797437263,0.680431346713543
gen=1_member=120,0.0587531058806612,0.67039377926969
gen=1_member=121,0.0494526230239302,0.682141974806131
gen=1_member=122,0.024747292739432,0.678181508353094
gen=1_member=123,0.0102256720639632,0.680506117910786
gen=1_member=124,-0.0251458796074528,0.688044901520094
gen=1_member=125,0.0338028905240639,0.688062354838282
gen=1_member=126,0.0634463762213579,0.688972546696165
gen=1_member=127,0.000339611548888693,0.68697867936811
gen=1_member=128,0.0107765425373336,0.688655019255756
gen=1_member=129,0.0388869424852173,0.68524900325547
gen=1_member=130,0.0936955258573999,0.663404324435426
gen=1_member=131,0.0312325367854664,0.673592459956738
gen=1_member=132,0.0207223890455363,0.68708451909872
gen=1_member=133,0.01043403138229,0.684582077164985
gen=1_member=134,0.0663240563999255,0.67445078149619
gen=1_member=135,0.0473278066424894,0.686606079661545
gen=1_member=136,0.00738153209127487,0.687508057409475
gen=1_member=137,0.0166942936378267,0.684598906496459
gen=1_member=138,0.0315021459953874,0.684135650644774
gen=1_member=139,0.0722653772016009,0.677944420584726
gen=1_member=140,0.0449271521197271,0.677900072435573
gen=1_member=141,0.0821693774049093,0.674221593707761
gen=1_member=142,0.00937284839464062,0.677603778592201
gen=1_member=143,0.0695586910561909,0.681674254428998
gen=1_member=144,0.000341417490930965,0.689730054332814
gen=1_member=145,0.168603687078948,0.606940649810248
gen=1_member=146,0.0474027232532623,0.683196457784694
gen=1_member=147,0.0815308650936493,0.67850813972067
gen=1_member=148,0.058809802608072,0.675037257227033
gen=1_member=149,-0.00120620007188379,0.687816629110851
gen=1_member=150,0.0426592645239378,0.683860848758835
gen=1_member=151,0.07001832667066,0.666466469767899
gen=1_member=152,0.0514694242122037,0.675830443883503
gen=1_member=153,0.0205629394744493,0.685242703488288
gen=1_member=154,0.0514306222182007,0.675566443653604
gen=1_member=155,-0.0310236360582692,0.677494925331652
gen=1_member=156,0.00882002699114024,0.685681218347264
gen=1_member=157,0.0683319580949558,0.682593576976063
gen=1_member=158,0.0236173376350988,0.682827125673182
gen=1_member=159,0.0353305011531576,0.684917481108448
gen=1_member=160,0.0275626747407039,0.684276290977244
gen=1_member=161,0.0590200194606808,0.682087835388667
gen=1_member=162,0.029470274305704,0.682829485163483
gen=1_member=163,0.000286822235841038,0.686170643061921
gen=1_member=164,0.0576330580446293,0.68366450289094
gen=1_member=165,0.0307976731002813,0.67898261019199
gen=1_member=166,0.0891528487186115,0.661190888138457
gen=1_member=167,0.015815766353883,0.686276633490614
gen=1_member=168,0.0930921753676773,0.663352394230113
gen=1_member=169,0.00331709364651124,0.681574661712733
gen=1_member=170,0.0712862469485983,0.676976614350867
gen=1_member=171,0.0298025403403406,0.671352035867301
gen=1_member=172,0.0648798610678466,0.682929821326156
gen=1_member=173,0.085007868390779,0.657822012923451
gen=1_member=174,0.00604226471549633,0.689314548231126
gen=1_member=175,0.0371326871427138,0.659273228630861
gen=1_member=176,0.07737796765813,0.667458642339344
gen=1_member=177,0.0583183128140101,0.679962113428505
gen=1_member=178,0.0608611424641767,0.677415614201834
gen=1_member=179,0.0476103043870537,0.676603564515165
gen=1_member=180,0.0450097799517976,0.687254166566023
gen=1_member=181,0.0181721259042745,0.683183988671158
gen=1_member=182,0.0360093431754354,0.682507620313525
gen=1_member=183,-0.0500674247892327,0.683199421925941
gen=1_member=184,0.118962230346581,0.654325430908092
gen=1_member=185,0.128796881154777,0.66706233919632
gen=1_member=186,0.0377118654717624,0.684038552810229
gen=1_member=187,0.00234647657726784,0.677550284312572
gen=1_member=188,0.0257618773521725,0.683654726324089
gen=1_member=189,0.0589534601753643,0.683370468676955
gen=1_member=190,0.0715852872074643,0.677885521843682
gen=1_member=191,0.103909784829059,0.66404701315014
gen=1_member=192,0.0609355251192998,0.684995013597231
gen=1_member=193,0.0770148321361412,0.678481757224643
gen=1_member=194,0.0408281593187365,0.685227528745241
gen=1_member=195,0.0221503877211125,0.683202854232947
gen=1_member=196,0.0362779290474027,0.687528200036462
gen=1_member=197,0.0193594247280251,0.684030067413025
gen=1_member=198,0.0919771622993334,0.676220146525048
gen=1_member=199,0.0235586940024468,0.686062799859403
gen=1_member=200,0.0595816495466095,0.678925504350806
gen=1_member=201,0.0126097865899253,0.688398743265005
gen=1_member=202,0.0179923913613503,0.678819300651251
gen=1_member=203,-0.0095108700418449,0.683923218081062
gen=1_member=204,-0.011206788286958,0.678920315844803
gen=1_member=205,0.0948902600772917,0.668634620279102
gen=1_member=206,-0.020210616526193,0.679778522568298
gen=1_member=207,0.0392766368149058,0.676507668742785
gen=1_member=208,0.0182228926793118,0.68717801714655
gen=1_member=209,0.0941587458072574,0.684260681101202
gen=1_member=210,0.0241255255895785,0.686537464325849
gen=1_member=211,0.00903146240947262,0.685248443594692
gen=1_member=212,0.117187528229382,0.673566316333427
gen=1_member=213,0.0812394625647423,0.683535060536851
gen=1_member=214,-0.00476316963232868,0.676260833285126
gen=1_member=215,0.0634932012608069,0.675987637083558
gen=1_member=216,0.032745132820126,0.685203522130875
gen=1_member=217,0.019532105347544,0.681242829017926
gen=1_member=218,0.121759849979398,0.640939509839853
gen=1_member=219,0.0341027390122141,0.674655260218391
gen=1_member=220,0.0129789653712266,0.686987063217218
gen=1_member=221,0.0229465070401881,0.687123375806407
gen=1_member=222,0.0568324012224558,0.677939350369351
gen=1_member=223,0.0472926106561216,0.684791041921504
gen=1_member=224,-0.0105456806443508,0.679213480332091
gen=1_member=225,0.0276280950236029,0.67455653336589
gen=1_member=226,0.079849434207128,0.684656048046406
gen=1_member=227,0.0108896828235249,0.681932120689975
gen=1_member=228,0.0365863200945786,0.68242861162044
gen=1_member=229,0.0373330867059258,0.684633324728383
gen=1_member=230,0.026033823349753,0.684953544252323
gen=1_member=231,0.0301000346470861,0.684004547413061
gen=1_member=232,-0.0548205463610219,0.687206353253736
gen=1_member=233,0.0462723198541145,0.688523000957331
gen=1_member=234,0.0235331900379743,0.680374683739891
gen=1_member=235,0.0813716464220396,0.677384317431352
gen=1_member=236,0.0323321252840456,0.683895907570434
gen=1_member=237,0.101011817549601,0.650246465090693
gen=1_member=238,0.0115597975509217,0.687760275197243
gen=1_member=239,0.0392348684970917,0.684904725556511
gen=1_member=240,-0.0172746034653054,0.686894323980656
gen=1_member=241,0.121424259400942,0.645232388452574
gen=1_member=242,-0.000875760291119194,0.685678768462775
gen=1_member=243,0.0295764325877573,0.679111125059046
gen=1_member=244,-0.010357875159511,0.6863480274468
gen=1_member=245,0.0507298785838007,0.667850356074454
gen=1_member=246,0.0905548963118695,0.680041287370385
gen=1_member=247,0.151840795059764,0.678248507291415
gen=1_member=248,0.0740516884394044,0.681723582199935
gen=1_member=249,0.0474892655947549,0.673483432327634
gen=1_member=250,-0.00713981071718181,0.685572241174662
gen=1_member=251,0.0623395785587691,0.686197165544149
gen=1_member=252,0.0209440518984142,0.682777964708211
gen=1_member=253,-0.0697922965011866,0.665543598795361
gen=1_member=254,0.0120232793779315,0.687133964241665
gen=1_member=255,0.0774606692298782,0.680332634799561
gen=1_member=256,0.010129559405497,0.688828694721319
gen=1_member=257,0.00985356070346417,0.685248926902682
gen=1_member=258,0.0793469489720214,0.670980180436179
gen=1_member=259,-0.00699665239998335,0.689324888309965
gen=1_member=260,0.0341874971599719,0.675423022896318
gen=1_member=261,-0.0132821565110166,0.68358009656118
gen=1_member=262,0.0348319399193272,0.681805645221046
gen=1_member=263,0.0153045786042197,0.684025604590877
gen=1_member=264,0.00263306097540579,0.680225584710639
gen=1_member=265,0.0218278979287157,0.689360647250779
gen=1_member=266,-0.00882712676403012,0.683175687862865
gen=1_member=267,0.0542829857371191,0.678345668757861
gen=1_member=268,0.0401180406235582,0.680366468206648
gen=1_member=269,-0.00671353208724082,0.688559741159321
gen=1_member=270,0.0225432844327069,0.687401314665583
gen=1_member=271,0.0493643239362045,0.671742057285161
gen=1_member=272,0.0732336109912595,0.680695443037206
gen=1_member=273,0.0940597537125108,0.685365537253783
gen=1_member=274,0.0421392082766203,0.676346424259398
gen=1_member=275,0.00902209816610203,0.687034243880046
gen=1_member=276,-0.00690640247202465,0.685186210251937
gen=1_member=277,-0.0334254208132928,0.685121539845638
gen=1_member=278,0.147280453065768,0.657963906893617
gen=1_member=279,0.105239939603889,0.653921156111932
gen=1_member=280,0.0122147637739113,0.685927821344646
gen=1_member=281,0.0621117305603472,0.667463124619479
gen=1_member=282,-0.0415701694966886,0.685247794065217
gen=1_member=283,0.0829091636144322,0.669045869503601
gen=1_member=284,0.0853902849307725,0.670902413218508
gen=1_member=285,0.057346288282014,0.683326697354155
gen=1_member=286,0.048856004954188,0.682858192025291
gen=1_member=287,0.0964730710379554,0.663699527894519
gen=1_member=288,0.0296400068451139,0.687772718466592
gen=1_member=289,-1.65800097534051e-05,0.689602904882721
gen=1_member=290,0.0318478619971896,0.687953921522425
gen=1_member=291,0.010075359879223,0.67620957138376
gen=1_member=292,0.0549141607802633,0.677621480228095
gen=1_member=293,0.0715595709431431,0.686794928615041
gen=1_member=294,0.0596617153732222,0.677288148729871
gen=1_member=295,0.054106031682055,0.681459191925634
gen=1_member=296,-0.0648038711246547,0.683705010704429
gen=1_member=297,-0.00597669334943372,0.686496328529583
gen=1_member=298,0.037062362903802,0.687771952694034
gen=1_member=299,0.0169421737761188,0.686093371993898
gen=1_member=300,0.0833538968839977,0.680987618497845
gen=1_member=301,0.0666531869575004,0.673473414022742
gen=1_member=302,-0.0423911306251032,0.680709425003516
gen=1_member=303,0.0108123318095544,0.686104565377581
gen=1_member=304,0.0132519651505077,0.683862458640165
gen=1_member=305,0.00616573433436062,0.683610776886766
gen=1_member=306,-0.0415480490016867,0.684952353302318
gen=1_member=307,0.158917837944622,0.607135542191127
gen=1_member=308,0.072183744774479,0.671383586807922
gen=1_member=309,0.113097233271528,0.661334470329924
gen=1_member=310,0.034052161527166,0.683924884585493
gen=1_member=311,0.0868909616961144,0.667246231466442
gen=1_member=312,0.0775874595810942,0.672654788731394
gen=1_member=313,0.0930809685157551,0.669235366778682
gen=1_member=314,0.0539963332829743,0.681066110540694
gen=1_member=315,0.0431645150417856,0.679368355156367
gen=1_member=316,-0.0444574067449348,0.689206127076649
gen=1_member=317,0.0324374360361506,0.689129422454273
gen=1_member=318,0.0560124689615997,0.684300691908222
gen=1_member=319,0.0269852860483429,0.680193708220585
gen=1_member=320,0.0506137069966268,0.676604425118904
gen=1_member=321,0.00339900436171867,0.687882311183486
gen=1_member=322,0.0387723499345834,0.683951017145887
gen=1_member=323,0.11214269670686,0.677746898991012
gen=1_member=324,0.0649135392748986,0.685688184821059
gen=1_member=325,0.122822288832992,0.670173006908551
gen=1_member=326,0.0926808324690268,0.679515043745421
gen=1_member=327,0.0229152164645585,0.686288248796342
gen=1_member=328,0.0585563836163733,0.673030742723997
gen=1_member=329,-0.0315513219086179,0.689009189136755
gen=1_member=330,0.0471292067817116,0.681821939168937
gen=1_member=331,-0.0190461753494569,0.673610747239291
gen=1_member=332,0.055013824031085,0.681987554331728
gen=1_member=333,0.0605541010817673,0.677468909484131
gen=1_member=334,0.0506164139082052,0.686744046187466
gen=1_member=335,0.0230295899545694,0.670448911113724
gen=1_member=336,0.119697256903736,0.632221509754582
gen=1_member=337,0.0710513096155708,0.678685650646447
gen=1_member=338,0.040369828473235,0.685593490246502
gen=1_member=339,0.0332508209207536,0.682728173271365
gen=1_member=340,-0.0447067960203505,0.688842308191005
gen=1_member=341,0.0775934763782909,0.676177952466081
gen=1_member=342,0.0286439348777641,0.680655433914705
gen=1_member=343,0.0517421012176544,0.684266454592634
gen=1_member=344,0.0492769724789043,0.681882445366312
gen=1_member=345,-0.0275728680501249,0.681845499722622
gen=1_member=346,0.0240823915145065,0.685987694605472
gen=1_member=347,0.0344078561906769,0.679159074808051
gen=1_member=348,0.0258589073418779,0.681526730661918
gen=1_member=349,0.0163278252064982,0.677858644321392
gen=1_member=350,0.064042900930387,0.685246228228457
gen=1_member=351,0.0637008485513313,0.674196847565355
gen=1_member=352,-0.00265917601108166,0.690146791856147
gen=1_member=353,0.14910682312654,0.619322921564291
gen=1_member=354,0.0462292040124695,0.680439003864663
gen=1_member=355,-0.00166777329498901,0.686489717461719
gen=1_member=356,0.107953499429073,0.684430641859291
gen=1_member=357,0.0116051390821591,0.681313345530334
gen=1_member=358,0.067458408490494,0.653857297624035
gen=1_member=359,0.0497227196080242,0.681444430061509
gen=1_member=360,0.0926988245328136,0.664138701245946
gen=1_member=361,0.163126520945045,0.659112213240514
gen=1_member=362,0.0126821125779146,0.678106947960666
gen=1_member=363,0.022941545951636,0.68810749790299
gen=1_member=364,0.0446006587250531,0.685010378514805
gen=1_member=365,0.106011009756363,0.677937493248814
gen=1_member=366,0.021640832684203,0.684073677999846
gen=1_member=367,0.0649020703698717,0.684328272110502
gen=1_member=368,0.0199579682981992,0.688260966528216
gen=1_member=369,0.0126189928744468,0.685024257855491
gen=1_member=370,0.0515557206524637,0.686833844449376
gen=1_member=371,0.039687663841423,0.680952472241552
gen=1_member=372,0.0077604250249185,0.684329383302947
gen=1_member=373,-0.00700024588355594,0.683779042284122
gen=1_member=374,0.0525429537230189,0.660261540064492
gen=1_member=375,0.000137727798324047,0.675123724991469
gen=1_member=376,0.000932457452895803,0.689463208070596
gen=1_member=377,-0.0213710455725049,0.67270906493641
gen=1_member=378,0.0817061370559404,0.67814815629082
gen=1_member=379,0.159501301182901,0.64084238755706
gen=1_member=380,0.0281289936543127,0.681881273854308
gen=1_member=381,0.0121390052663644,0.684677569977574
gen=1_member=382,0.0454628362948124,0.681049188666534
gen=1_member=383,0.0527481787737464,0.68026033996386
gen=1_member=384,0.0361696745620998,0.6785927350677
gen=1_member=385,-0.00579604206657042,0.689468145365088
gen=1_member=386,0.0121629857170589,0.689204471147158
gen=1_member=387,0.0575308511402254,0.684414200719321
gen=1_member=388,-0.0257163022151291,0.687203327697889
gen=1_member=389,-0.0698770140062528,0.668637274235209
gen=1_member=390,0.0452502620650056,0.679375225218187
gen=1_member=391,0.188002560163446,0.67693070325285
gen=1_member=392,0.0265093550147377,0.678697071951884
gen=1_member=393,0.0406852700864,0.677620803880563
gen=1_member=394,-0.00299666286018327,0.681364646114086
gen=1_member=395,0.0948808770755055,0.6750534783979
gen=1_member=396,0.0314669608421397,0.685726900183021
gen=1_member=397,-0.0109325343156311,0.684036661326466
gen=1_member=398,0.098631361727135,0.672723707212962
gen=1_member=399,0.0177296396496909,0.684088291612674
gen=1_member=400,0.0682032185459546,0.678436311767024
gen=1_member=401,0.0678865301089943,0.679782375071686
gen=1_member=402,0.0268343950023977,0.688334530370233
gen=1_member=403,-0.0839437280324592,0.685283218307942
gen=1_member=404,0.0591520969112389,0.688574414997072
gen=1_member=405,0.0690700789768584,0.668949253285322
gen=1_member=406,0.0315158641069702,0.684580631003796
gen=1_member=407,0.0750452943724804,0.674334073847522
gen=1_member=408,0.0392420375248382,0.684238076037874
gen=1_member=409,0.0134881912880371,0.678075947592055
gen=1_member=410,0.0450596960185073,0.684299813412811
gen=1_member=411,0.043016996136678,0.664917302410441
gen=1_member=412,0.0232756470875629,0.685798980531153
gen=1_member=413,-0.0151007669411771,0.687751122252683
gen=1_member=414,0.0548388272279952,0.682403827985799
gen=1_member=415,0.0221834461201265,0.686759457050938
gen=1_member=416,0.0338442282232647,0.684215777376119
gen=1_member=417,0.0667964243221742,0.679106163546508
gen=1_member=418,-0.0329061919977696,0.677675594627911
gen=1_member=419,0.0512839915358789,0.677953233161066
gen=1_member=420,-0.00558973131052444,0.68364245906413
gen=1_member=421,0.111242280717404,0.662901817248496
gen=1_member=422,0.0518152030133477,0.68112041714099
gen=1_member=423,0.0647321416152306,0.678909742083124
gen=1_member=424,0.0665090443768759,0.684527446763491
gen=1_member=425,0.0811254408476117,0.685216363021801
gen=1_member=426,0.052458709612575,0.683540240740863
gen=1_member=427,0.0452733065696528,0.685795124591843
gen=1_member=428,-0.0298642039174851,0.685083835903838
gen=1_member=429,0.119647851924605,0.651435587499932
gen=1_member=430,0.0634484523411895,0.688549211887128
gen=1_member=431,0.0667685026686352,0.674381549208705
gen=1_member=432,0.0818884756552401,0.681187369011059
gen=1_member=433,0.061302645536574,0.685795071577327
gen=1_member=434,0.000220692282996997,0.688722641778817
gen=1_member=435,0.0539920041620185,0.682967637726462
gen=1_member=436,-0.00839074815643039,0.683007810717804
gen=1_member=437,0.0278072197477682,0.681040548842006
gen=1_member=438,0.0436881145008788,0.687237031926668
gen=1_member=439,-0.00190067155143489,0.677629722399408
gen=1_member=440,0.067038465178771,0.675546187467009
gen=1_member=441,0.0385124116336863,0.686430942515885
gen=1_member=442,0.0109478980490594,0.689315220646547
gen=1_member=443,0.0599925235802214,0.67854258103806
gen=1_member=444,0.0250520690001953,0.686463907323322
gen=1_member=445,0.102245307799087,0.654724102676784
gen=1_member=446,-0.0340166244109593,0.680332490221958
gen=1_member=447,0.0339292142654096,0.689517510244835
gen=1_member=448,0.0301880481665947,0.686496815084509
gen=1_member=449,0.094705219409749,0.666394778756705
gen=1_member=450,0.0101025618079999,0.686190110506881
gen=1_member=451,0.0579879315926442,0.673524842381031
gen=1_member=452,0.112391691895045,0.669190684873608
gen=1_member=453,0.0566118454731422,0.673404130381064
gen=1_member=454,0.0344333152155135,0.688436939061802
gen=1_member=455,0.0275311220790033,0.683084467078866
gen=1_member=456,0.031972374164918,0.680152057716461
gen=1_member=457,0.0760926376112468,0.674540843623173
gen=1_member=458,0.0152284784237335,0.680686579672698
gen=1_member=459,0.106289830232523,0.657828390296251
gen=1_member=460,0.018539245087253,0.688737167952541
gen=1_member=461,0.0269064633660457,0.677037817470511
gen=1_member=462,0.0345935992555198,0.679716637239184
gen=1_member=463,0.0940857705068132,0.660512493048694
gen=1_member=464,0.0589816240535315,0.684314930750051
gen=1_member=465,0.0205701478209554,0.687463095058408
gen=1_member=466,0.0248315184342545,0.685557538669189
gen=1_member=467,0.0388558932328582,0.683331855477002
gen=1_member=468,0.00544369329812588,0.68688057308577
gen=1_member=469,0.105040465912703,0.650688801778885
gen=1_member=470,0.0405122276844212,0.679546353314327
gen=1_member=471,0.0234978661403396,0.682535149541751
gen=1_member=472,0.0216555363159214,0.685736905042754
gen=1_member=473,0.0849479546264797,0.666050741363636
gen=1_member=474,0.0123931758775778,0.683186537899542
gen=1_member=475,0.0641287161776361,0.67541792107055
gen=1_member=476,0.0443492768372359,0.681558679920647
gen=1_member=477,0.042469845791327,0.676298979837977
gen=1_member=478,0.100084412194627,0.651393904772119
gen=1_member=479,0.0355793612752133,0.684656170814597
gen=1_member=480,-0.0180667661511047,0.686260003960846
gen=1_member=481,0.0648850024778856,0.687443235196945
gen=1_member=482,0.0527097764810247,0.681934853843865
gen=1_member=483,0.0721188637739402,0.65870019749332
gen=1_member=484,0.0294543674460433,0.684368525739199
gen=1_member=485,0.0320296306183471,0.678561228283617
gen=1_member=486,0.0154799916332195,0.681304340649838
gen=1_member=487,-0.0219558519604183,0.678621635730794
gen=1_member=488,0.0724203752136665,0.681680130276382
gen=1_member=489,0.0113121349775087,0.686667843502868
gen=1_member=490,0.019274986049474,0.682876779168201
gen=1_member=491,0.0271153079112375,0.687039509986479
gen=1_member=492,0.0677815396105986,0.67398401781084
gen=1_member=493,-0.00560300395879634,0.685036454611899
gen=1_member=494,0.0941319977664708,0.67960444462591
gen=1_member=495,0.0488696428596426,0.671928528793496
gen=1_member=496,0.0306587046253564,0.685990539799277
gen=1_member=497,0.0670429612838132,0.673796296198306
gen=1_member=498,-0.0555482054309181,0.683763713794869
gen=1_member=499,0.00905205286344605,0.683605660992054
gen=1_member=500,0.0675795955095585,0.680206104064618
gen=1_member=501,-0.0114378731663466,0.689199183873831
gen=1_member=502,0.00691707648917862,0.685846772420504
gen=1_member=503,-0.0363736273858348,0.682708106503415
gen=1_member=504,0.0774934693557041,0.681528603713894
gen=1_member=505,0.0584984207161649,0.683499444738428
gen=1_member=506,0.126285002083606,0.665130392769268
gen=1_member=507,0.0995770035172509,0.677006067973079
gen=1_member=508,0.114775701723983,0.662125934742979
gen=1_member=509,0.0621778317748942,0.683200849929438
gen=1_member=510,0.060438952089694,0.68595104391839
gen=1_member=511,0.0124366948714986,0.685505474088386
gen=1_member=512,0.108434227450976,0.651374496758943
gen=1_member=513,0.0161099298466828,0.686235690490418
gen=1_member=514,0.0352153224269622,0.683046548952373
gen=1_member=515,0.0904642379783473,0.649440447891521
gen=1_member=516,-0.0105831741320488,0.686150803514153
gen=1_member=517,0.0509882028326604,0.659848293737671
gen=1_member=518,0.0394985276046705,0.681257298334225
gen=1_member=519,0.0191117311224519,0.679616988976822
gen=1_member=520,0.0409527780685055,0.684803095633973
gen=1_member=521,0.00140748702734137,0.688138991891298
gen=1_member=522,0.00570326337624562,0.688416606099584
gen=1_member=523,0.0490752953205083,0.684523515462579
gen=1_member=524,-0.0202358026841832,0.688269190526377
gen=1_member=525,0.0933083045852754,0.672840148297728
gen=1_member=526,0.0255092865643886,0.687278395192579
gen=1_member=527,0.00938710142816717,0.686352481005951
gen=1_member=528,0.0701939983432945,0.667823276302594
gen=1_member=529,0.0723883038358221,0.665484128168489
gen=1_member=530,0.065363792892586,0.671107718104389
gen=1_member=531,-0.0379738879989873,0.68649007925153
gen=1_member=532,0.0442515340502882,0.685390220882627
gen=1_member=533,0.0521413888136037,0.665903282263731
gen=1_member=534,0.0852124830267777,0.639377900280515
gen=1_member=535,0.0120031901580487,0.689033036037543
gen=1_member=536,0.0252555168596588,0.683115629915119
gen=1_member=537,0.0137437112252811,0.684288906145735
gen=1_member=538,-0.0584476701004175,0.681331540037702
gen=1_member=539,0.0122612113348308,0.68675236652076
gen=1_member=540,-0.0604642162263854,0.690036618660996
gen=1_member=541,0.100410139727506,0.656663118612104
gen=1_member=542,0.00272207532069877,0.688563180085569
gen=1_member=543,0.0106313011094215,0.685388143836864
gen=1_member=544,0.0309061882972822,0.68359800438861
gen=1_member=545,0.00290326482198345,0.686654692954926
gen=1_member=546,0.0802797271972589,0.675862446126267
gen=1_member=547,0.0526133192919318,0.674677880306876
gen=1_member=548,0.0848846935457076,0.669927950374513
gen=1_member=549,-0.0509595578512207,0.688278167839151
gen=1_member=550,0.0091927791797061,0.680002277769203
gen=1_member=551,-0.00289987714061727,0.686052024959271
gen=1_member=552,0.0351309675608489,0.687666130496488
gen=1_member=553,0.0198435646170976,0.671947544302102
gen=1_member=554,0.0365382195771891,0.670933815797174
gen=1_member=555,0.00281623302539623,0.685634926250643
gen=1_member=556,0.0471909795689245,0.68666406266115
gen=1_member=557,0.0896099843210086,0.673838450881937
gen=1_member=558,-0.0311950663508809,0.682873472663559
gen=1_member=559,0.0597274380146568,0.679481703173449
gen=1_member=560,0.0191761246366044,0.68466763842331
gen=1_member=561,0.0908485178988388,0.680016201290303
gen=1_member=562,0.0229854127058745,0.683168525733107
gen=1_member=563,0.0540507910250873,0.687681660957141
gen=1_member=564,-0.029785058984158,0.687591326764559
gen=1_member=565,0.0592283266646979,0.683525372755822
gen=1_member=566,0.0173688292497871,0.681797731884483
gen=1_member=567,-0.0135333288079726,0.687646445190201
gen=1_member=568,0.0495095170619825,0.686036492315903
gen=1_member=569,0.00339768149687093,0.687888842352638
gen=1_member=570,0.074674746595245,0.678710916386737
gen=1_member=571,0.0514510053064312,0.678485770777462
gen=1_member=572,0.126856835862053,0.661472661553581
gen=1_member=573,-0.0377024339559447,0.682913822912365
gen=1_member=574,-0.00358088673149773,0.68970268027518
gen=1_member=575,0.0299951932840684,0.689083393978244
gen=1_member=576,0.0765516960294845,0.678757466446631
gen=1_member=577,0.0559019186805474,0.670232122244883
gen=1_member=578,0.0556064364451062,0.670009111850032
gen=1_member=579,0.0524740524429386,0.682282558081835
gen=1_member=580,0.0435095593561483,0.667443181636557
gen=1_member=581,-0.0172154181544709,0.688056717521138
gen=1_member=582,0.0182527135334033,0.688536987608236
gen=1_member=583,-0.0218878836478049,0.679358893214072
gen=1_member=584,0.035276940768856,0.687322606617431
gen=1_member=585,0.0199199374898567,0.681049603868762
gen=1_member=586,0.0567908209296818,0.677902278890811
gen=1_member=587,0.0643097835400215,0.679582458919477
gen=1_member=588,-0.0582420073879002,0.683874110980792
gen=1_member=589,-0.00813035561651048,0.677163067483421
gen=1_member=590,0.0153923172542258,0.681439658367409
gen=1_member=591,0.0118401880517695,0.683882575225428
gen=1_member=592,0.0364514302224701,0.680988600979815
gen=1_member=593,0.00734251169683265,0.686683199319279
gen=1_member=594,-0.0287312357523943,0.685325143319195
gen=1_member=595,0.0295124631111681,0.684548397123121
gen=1_member=596,0.0491201647525136,0.684211767591887
gen=1_member=597,0.0567409792503566,0.688094730384422
gen=1_member=598,0.131652526272416,0.649281615611567
gen=1_member=599,0.0625666704922321,0.684415420817255
gen=1_member=600,0.00642104397834784,0.679981572228779
gen=1_member=601,-0.050368881771088,0.68973971203688
gen=1_member=602,0.0844761398172011,0.663560002534047
gen=1_member=603,0.0308701903025086,0.683893079998947
gen=1_member=604,0.109310392187094,0.665586527156213
gen=1_member=605,0.0253129766682262,0.68795642701704
gen=1_member=606,0.0459990936067089,0.682017494088141
gen=1_member=607,0.0280936719225622,0.685130223584675
gen=1_member=608,-0.0473078274717442,0.687266059703154
gen=1_member=609,0.0996295467101854,0.668927287654381
gen=1_member=610,0.0550503445766288,0.681640380668144
gen=1_member=611,0.0195792598175583,0.684154568508223
gen=1_member=612,0.0638387881817915,0.668187436572452
gen=1_member=613,0.0443673899393942,0.670490384098241
gen=1_member=614,0.0433907901103386,0.687564600359244
gen=1_member=615,0.0161388410291196,0.661596500779566
gen=1_member=616,0.0489078055136209,0.688030770915622
gen=1_member=617,0.104483860682207,0.674371621974883
gen=1_member=618,0.0628807761524955,0.68822531643291
gen=1_member=619,0.0873624324626924,0.652157310089577
gen=1_member=620,0.106104714101058,0.652887977871273
gen=1_member=621,0.0842031974533731,0.682598835520772
gen=1_member=622,0.0557424521966246,0.679881009326924
gen=1_member=623,0.0114062487824941,0.685791616531165
gen=1_member=624,0.0343676209353271,0.680791679070644
gen=1_member=625,0.0617976199941239,0.68317877064637
gen=1_member=626,0.132796657708628,0.658419309262875
gen=1_member=627,0.0494692544331733,0.680551458690289
gen=1_member=628,-0.0334555378008605,0.6775766827826
gen=1_member=629,0.031863144987726,0.687557297768166
gen=1_member=630,0.110532306199204,0.631698130511473
gen=1_member=631,-0.0116659658746545,0.679008470929737
gen=1_member=632,0.0605860259254884,0.685982255315381
gen=1_member=633,0.0219791791623053,0.685787946538827
gen=1_member=634,0.0418824296014711,0.683494094789373
gen=1_member=635,0.0223995049628746,0.682470693635992
gen=1_member=636,0.0479883251151601,0.683329408936235
gen=1_member=637,-0.000849025965896191,0.68887733813177
gen=1_member=638,0.0947354785109645,0.677886738832398
gen=1_member=639,0.135101889007067,0.633116784352563
gen=1_member=640,-0.00600527528374136,0.683273122293035
gen=1_member=641,0.0671983830877145,0.677193296934284
gen=1_member=642,0.00973208374523409,0.681635875826719
gen=1_member=643,-0.00586234459774468,0.681804981941672
gen=1_member=644,0.0452519480382254,0.689716127485811
gen=1_member=645,0.115164172256716,0.63025817795496
gen=1_member=646,0.0825718160260887,0.676786531470158
gen=1_member=647,0.0111818399095803,0.682393996512874
gen=1_member=648,0.0446789888048706,0.682143536404931
gen=1_member=649,0.0590389142331777,0.685177972353931
gen=1_member=650,0.0778772807738751,0.678552923598075
gen=1_member=651,0.0435411693476037,0.679708399695759
gen=1_member=652,-0.040573363623807,0.684142313184509
gen=1_member=653,0.0109826551141092,0.684820705114748
gen=1_member=654,0.0696073315676691,0.664261696777694
gen=1_member=655,0.0762839754240472,0.672207346397498
gen=1_member=656,0.0599168608098242,0.675503222173032
gen=1_member=657,0.0376608649785174,0.684596308899661
gen=1_member=658,0.0964712407157589,0.666849164561861
gen=1_member=659,0.0159936105487247,0.68275103235497
gen=1_member=660,0.0350936549276403,0.686748889046584
gen=1_member=661,0.00145532362812252,0.686776405563931
gen=1_member=662,0.13045159661836,0.66878764670168
gen=1_member=663,-0.0105571072884149,0.68749595818756
gen=1_member=664,0.0465194379638675,0.667097667969485
gen=1_member=665,0.0113333975322576,0.681136611529386
gen=1_member=666,-0.0122222386780938,0.678773037482848
gen=1_member=667,0.0601144254034214,0.667850671095916
gen=1_member=668,0.0748935667215618,0.68715304728177
gen=1_member=669,0.0600082190571595,0.678593846519319
gen=1_member=670,0.050362597462965,0.671068777864537
gen=1_member=671,0.0478776462893242,0.669751903079418
gen=1_member=672,0.0730817130630984,0.665786825514826
gen=1_member=673,0.010666020366832,0.687457241417936
gen=1_member=674,-0.0204398221213132,0.687325869085587
gen=1_member=675,0.0713261632759347,0.673824157934137
gen=1_member=676,0.0420053351048288,0.686624666319001
gen=1_member=677,0.0526159301723513,0.680493531423109
gen=1_member=678,0.0497591856695719,0.681032942457659
gen=1_member=679,0.0520804636949522,0.668908929849069
gen=1_member=680,0.0264359965608387,0.690001154883875
gen=1_member=681,0.137644469316066,0.619514010073016
gen=1_member=682,0.0680374665388978,0.676803114502306
gen=1_member=683,-0.00319180008820955,0.687225355897097
gen=1_member=684,0.154628145277077,0.660323698824025
gen=1_member=685,0.115150133061301,0.675357699596386
gen=1_member=686,-0.0335682180224795,0.683602216196866
gen=1_member=687,0.0660824001455246,0.678065182598204
gen=1_member=688,0.031541912652276,0.682123690131219
gen=1_member=689,0.0311144805875388,0.685314377853861
gen=1_member=690,0.0310853194089828,0.677773711583823
gen=1_member=691,0.0640638324626907,0.686724507510656
gen=1_member=692,0.0414832216214636,0.683275190357593
gen=1_member=693,0.0388568348352882,0.685316775211815
gen=1_member=694,0.0576966559222765,0.681086199705726
gen=1_member=695,0.0351770578855799,0.682988644130494
gen=1_member=696,0.0956349560161745,0.664215992187273
gen=1_member=697,0.000218697531173432,0.683729889899142
gen=1_member=698,0.0866583458547786,0.675109410788322
gen=1_member=699,0.0456054185997117,0.684420403117432
gen=1_member=700,0.0888917825787911,0.671680072098817
gen=1_member=701,0.0712084027304274,0.684872677442597
gen=1_member=702,-0.0432551191120911,0.678669747785121
gen=1_member=703,-0.00217006166250835,0.686172191266742
gen=1_member=704,-0.00431653101053203,0.687836016056432
gen=1_member=705,0.0411387675666278,0.678352417426994
gen=1_member=706,0.00181875969590293,0.682030454612906
gen=1_member=707,0.0910889420509009,0.6576364302792
gen=1_member=708,-0.0516347837451354,0.68347444947445
gen=1_member=709,0.114571978842944,0.681286149954094
gen=1_member=710,0.047277141669127,0.687342559919936
gen=1_member=711,0.00281201287319984,0.684307785568658
gen=1_member=712,-0.0138354036279403,0.688194598139968
gen=1_member=713,0.0395670812542089,0.685078894356158
gen=1_member=714,0.0308246663652598,0.677549610425643
gen=1_member=715,0.0969717800971851,0.674954849430556
gen=1_member=716,-0.00243283585015098,0.686970744990076
gen=1_member=717,0.0729882188106932,0.675948885810251
gen=1_member=718,0.0531147490235502,0.687882902731882
gen=1_member=719,-0.0305371202540961,0.68689921269262
gen=1_member=720,0.0620672073248282,0.680268362894189
gen=1_member=721,-0.0446710022740114,0.68151131155734
gen=1_member=722,0.064881529095858,0.679185883710017
gen=1_member=723,0.0278923414669707,0.689073448062468
gen=1_member=724,0.0325736038757724,0.685400678481797
gen=1_member=725,0.00390434937557971,0.686944198625565
gen=1_member=726,0.0584854972811701,0.679733522784653
gen=1_member=727,0.0168540051782615,0.685471577949895
gen=1_member=728,0.058357929881781,0.684745026563057
gen=1_member=729,0.0432711533520246,0.67098860639634
gen=1_member=730,-0.00039538642167696,0.684245905878337
gen=1_member=731,0.0418802951488468,0.686257166678711
gen=1_member=732,0.0781851008569083,0.6782023772995
gen=1_member=733,0.0855419328113582,0.674402747544274
gen=1_member=734,0.0313947594191406,0.682224887977694
gen=1_member=735,-0.0218073715704896,0.689557046303401
gen=1_member=736,0.00139586190806167,0.686289186257458
gen=1_member=737,0.0449156941493884,0.683415018524642
gen=1_member=738,0.0269623544973347,0.684602131895685
gen=1_member=739,0.00632334482751367,0.68487892123854
gen=1_member=740,0.0244840532388832,0.686687986467209
gen=1_member=741,0.0396420783797668,0.685256323516662
gen=1_member=742,0.0759412659644448,0.671856447032633
gen=1_member=743,0.0924818284527366,0.651185931012471
gen=1_member=744,0.0512472952818571,0.681082917172933
gen=1_member=745,0.117573370448694,0.675724943239508
gen=1_member=746,0.0263111389436064,0.68114717984295
gen=1_member=747,0.0512661281016515,0.668654928499346
gen=1_member=748,0.105274274823689,0.652292091639401
gen=1_member=749,0.0572656359465242,0.680157310388181
gen=1_member=750,0.0615731367288295,0.684885047645524
gen=1_member=751,0.00573889846599904,0.6873211345171
gen=1_member=752,0.114602231436724,0.658738939221357
gen=1_member=753,0.0533985603880576,0.677425919501249
gen=1_member=754,0.0877537989696304,0.658861808394743
gen=1_member=755,0.105127511410521,0.670916334192931
gen=1_member=756,-0.00619734206951358,0.685939420749236
gen=1_member=757,0.0967885413918446,0.683882744871663
gen=1_member=758,0.0147311355534222,0.68911319126763
gen=1_member=759,0.0234537761718784,0.679807123315929
gen=1_member=760,0.0834336834526208,0.665554646949112
gen=1_member=761,0.0895367429652233,0.671664218602484
gen=1_member=762,0.0518658490096406,0.668899604183176
gen=1_member=763,0.0755108471824498,0.676367623202059
gen=1_member=764,0.0280751121089412,0.684340038162633
gen=1_member=765,0.0505327094800268,0.685502421729989
gen=1_member=766,-0.0296729403927755,0.68136340059613
gen=1_member=767,0.0284650117646755,0.655921292866346
gen=1_member=768,0.000561454994756236,0.689740933050465
gen=1_member=769,0.00771867688365302,0.684481951092714
gen=1_member=770,0.0172190972139315,0.676192353136442
gen=1_member=771,0.0767234478777516,0.640194868154263
gen=1_member=772,0.0481391225900634,0.674271393006985
gen=1_member=773,0.0177140318694872,0.671718748383702
gen=1_member=774,0.0157817824540145,0.68981504238106
gen=1_member=775,-0.0784114482323134,0.68676338428799
gen=1_member=776,0.0422310595963148,0.678720674383072
gen=1_member=777,0.132874003626437,0.6608004279065
gen=1_member=778,0.102954549390849,0.67447608731204
gen=1_member=779,-0.0298013747986991,0.689142382878003
gen=1_member=780,0.123727436436715,0.644472255157512
gen=1_member=781,0.106119597915039,0.663478786151207
gen=1_member=782,0.0174754373255314,0.682196937571857
gen=1_member=783,0.04425061328497,0.67911804716489
gen=1_member=784,0.0434412560291793,0.687191581855869
gen=1_member=785,0.0846985384186962,0.670085871086784
gen=1_member=786,0.0554857999081717,0.684519167927078
gen=1_member=787,0.0126012668444768,0.684797337559286
gen=1_member=788,0.0508617032410554,0.689165465721731
gen=1_member=789,0.00558694296338391,0.681571875810033
gen=1_member=790,0.0370707781991984,0.672797514380062
gen=1_member=791,0.0998559388771042,0.671587463739706
gen=1_member=792,0.0422314998368097,0.680181170383951
gen=1_member=793,-0.0144616648392855,0.685936512700374
gen=1_member=794,0.059065935269275,0.676481381199861
gen=1_member=795,0.000763006488617168,0.688345865811872
gen=1_member=796,-0.00694448385009653,0.682305395201181
gen=1_member=797,0.0221393367501016,0.685257068567537
gen=1_member=798,-0.0406011997125132,0.688774411251949
gen=1_member=799,0.0223089015678917,0.685911986908025
gen=1_member=800,0.0347343852435232,0.683512763408628
gen=1_member=801,0.0737626097659694,0.678008566714625
gen=1_member=802,-0.0075481547214098,0.687760371995606
gen=1_member=803,0.0541503156359831,0.678300999437814
gen=1_member=804,0.0968008244061766,0.669188059467997
gen=1_member=805,0.0144429538548902,0.68246488193411
gen=1_member=806,0.0511900529938401,0.679867260677938
gen=1_member=807,0.0467226863088329,0.67948530836954
gen=1_member=808,0.0123089597745426,0.686220735571676
gen=1_member=809,0.0181209059043575,0.689535953176094
gen=1_member=810,-0.0209819574127353,0.68357164308573
gen=1_member=811,0.0576505790293723,0.680310695247754
gen=1_member=812,0.065406054967331,0.683496988987798
gen=1_member=813,0.0206564916833674,0.680009642645095
gen=1_member=814,0.00512755727448785,0.684228078326975
gen=1_member=815,0.0471153618899162,0.682645324582939
gen=1_member=816,0.0145926824832591,0.677532218935814
gen=1_member=817,0.0513819199019546,0.682104925373291
gen=1_member=818,0.0192471120233846,0.68509466124582
gen=1_member=819,0.0416508376571771,0.672076516784852
gen=1_member=820,0.0656257747290512,0.656544820206463
gen=1_member=821,0.104989317113146,0.641028174867714
gen=1_member=822,0.0157481612489506,0.686165059324531
gen=1_member=823,0.0107333271881164,0.685070292982332
gen=1_member=824,0.0273698590764041,0.678494792100246
gen=1_member=825,-0.0197330871409865,0.67688905178873
gen=1_member=826,0.029429472591615,0.687030941343005
gen=1_member=827,0.0664518285846659,0.684701184133641
gen=1_member=828,0.029880164216307,0.685047020188992
gen=1_member=829,0.0860163420098691,0.677932271544564
gen=1_member=830,0.0748620255245941,0.685543638354317
gen=1_member=831,-0.00410029690783095,0.678912415298963
gen=1_member=832,0.0720024871880243,0.679552751118237
gen=1_member=833,0.0700784411694915,0.68608364281928
gen=1_member=834,0.0171041862410264,0.680480212882808
gen=1_member=835,0.103584583740948,0.673700175415966
gen=1_member=836,-0.0165583543972164,0.68436023338906
gen=1_member=837,0.0404946140786053,0.684114696725302
gen=1_member=838,-0.0596377541398161,0.687432991177017
gen=1_member=839,-0.0438019613101809,0.684379631708943
gen=1_member=840,0.00423496498011821,0.688292616157303
gen=1_member=841,0.0373447395021934,0.683705732673807
gen=1_member=842,0.0947935646309909,0.659453811252927
gen=1_member=843,0.0648612927788727,0.684210102280624
gen=1_member=844,0.0260573781764665,0.68311415333866
gen=1_member=845,-0.0259293927983511,0.687142887179656
gen=1_member=846,0.06068908525546,0.687325314521914
gen=1_member=847,0.00509721100451679,0.685647167958056
gen=1_member=848,0.0108301857756132,0.676036554402092
gen=1_member=849,0.0380984493566503,0.682421518608058
gen=1_member=850,0.0545570357255843,0.685112272466253
gen=1_member=851,0.0312397537477042,0.686296559106954
gen=1_member=852,0.0619718225028404,0.678279751462489
gen=1_member=853,0.0268618935772644,0.681567326948732
gen=1_member=854,0.0324055062042364,0.689591887413136
gen=1_member=855,0.0939464611097433,0.675880869003449
gen=1_member=856,0.0239424635854985,0.686667651757209
gen=1_member=857,0.0361728497783702,0.685597294326331
gen=1_member=858,0.112828530711133,0.659727427566983
gen=1_member=859,0.0340631255187,0.679940666911432
gen=1_member=860,0.0925249739660659,0.677649218446694
gen=1_member=861,0.0923381445429783,0.665704530797172
gen=1_member=862,0.0639945854374522,0.685529415684086
gen=1_member=863,-0.0270130458656642,0.686693110407896
gen=1_member=864,0.0732610410801843,0.663061358247821
gen=1_member=865,0.0383699410263242,0.683672588442822
gen=1_member=866,-0.0184156728716046,0.689477144348752
gen=1_member=867,0.109369107469878,0.638712207113427
gen=1_member=868,0.0943608406340386,0.682559092317913
gen=1_member=869,0.0358519475365916,0.684262248773717
gen=1_member=870,0.0351940152626281,0.668463109433273
gen=1_member=871,0.0456903538375922,0.680665864386067
gen=1_member=872,0.10767090032427,0.658730580320944
gen=1_member=873,0.0992871566578533,0.657673607788845
gen=1_member=874,0.061294046604097,0.682809813981534
gen=1_member=875,0.0299893552701227,0.677624468141191
gen=1_member=876,0.0345834873872045,0.681422662642639
gen=1_member=877,0.0289315709337336,0.687176824773782
gen=1_member=878,0.12007187920768,0.674473459167989
gen=1_member=879,0.0932835932615827,0.665713366696985
gen=1_member=880,-0.0262887868641498,0.671002818850191
gen=1_member=881,0.0541146565287139,0.683531607537937
gen=1_member=882,-0.00353777725127202,0.679344769783834
gen=1_member=883,0.026637973264827,0.683815836663928
gen=1_member=884,0.00394366543687806,0.684633634708658
gen=1_member=885,0.0591801443877762,0.678201358859937
gen=1_member=886,0.0456254010012401,0.682831771259772
gen=1_member=887,0.154877705617505,0.628613511265904
gen=1_member=888,0.102484300967129,0.672513254942107
gen=1_member=889,0.0721866579782953,0.667260507519169
gen=1_member=890,0.00964893021030281,0.687652729648419
gen=1_member=891,-0.00231444774171796,0.67726461642208
gen=1_member=892,0.0651490970472133,0.680669377628914
gen=1_member=893,0.00379966849211201,0.689102790763125
gen=1_member=894,-0.0395930343721227,0.685805084598402
gen=1_member=895,0.0211681210991711,0.685605108498224
gen=1_member=896,0.0356204924068549,0.687647952151562
gen=1_member=897,0.094342261870418,0.678977504876458
gen=1_member=898,0.0636717551275119,0.676866482533997
gen=1_member=899,0.0550963709838593,0.68482598226731
