generation,member,func,func_sd,importance_rank,AQF,distance_to_maxAQF,importance,is_feasible,feasible_distance
0,gen=1_member=0_pso,-1.3094,1.59557,1,0.0571915,0,1,1,-999
0,gen=1_member=11_pso,-0.999378,1.61386,2,0.0387261,0,0.975,1,-999
0,gen=1_member=2_pso,-0.7643,1.68056,3,0.0335874,0,0.95,1,-999
0,gen=1_member=31_pso,-0.548223,1.73604,4,0.0291632,0,0.925,1,-999
0,gen=1_member=18_pso,-0.463084,1.74933,5,0.0269119,0,0.9,1,-999
0,gen=1_member=33_pso,-0.302837,1.81321,6,0.0261358,0,0.875,1,-999
0,gen=1_member=29_pso,-0.694726,1.61363,7,0.0244981,0,0.85,1,-999
0,gen=1_member=27_pso,-1.14858,1.39949,8,0.0242039,0,0.825,1,-999
0,gen=1_member=13_pso,-0.516838,1.68889,9,0.0240093,0,0.8,1,-999
0,gen=1_member=8_pso,-0.224007,1.81798,10,0.0237641,0,0.775,1,-999
0,gen=1_member=19_pso,-0.547325,1.66246,11,0.0230271,0,0.75,1,-999
0,gen=1_member=3_pso,-0.397463,1.70384,12,0.0211033,0,0.725,1,-999
0,gen=1_member=6_pso,-1.21703,1.31971,13,0.0200529,0,0.7,1,-999
0,gen=1_member=36_pso,-0.425813,1.65379,14,0.0185228,0,0.675,1,-999
0,gen=1_member=5_pso,-0.464551,1.63434,15,0.0183601,0,0.65,1,-999
0,gen=1_member=20_pso,-0.0433163,1.80691,16,0.0177071,0,0.625,1,-999
0,gen=1_member=22_pso,-0.207377,1.71557,17,0.0164617,0,0.6,1,-999
0,gen=1_member=32_pso,-0.798686,1.44457,18,0.0155069,0,0.575,1,-999
0,gen=1_member=34_pso,-0.476451,1.58284,19,0.0154358,0,0.55,1,-999
0,gen=1_member=37_pso,-0.009018,1.73923,20,0.0132038,0,0.525,1,-999
0,gen=1_member=4_pso,-0.327301,1.58466,21,0.0120866,0,0.5,1,-999
0,gen=1_member=14_pso,-0.460288,1.52617,22,0.0119268,0,0.475,1,-999
0,gen=1_member=16_pso,-0.713722,1.41485,23,0.0116487,0,0.45,1,-999
0,gen=1_member=9_pso,-0.471916,1.49638,24,0.0107008,0,0.425,1,-999
0,gen=1_member=10_pso,-0.373652,1.52873,25,0.0103315,0,0.4,1,-999
0,gen=1_member=12_pso,-0.354387,1.53485,26,0.0102528,0,0.375,1,-999
0,gen=1_member=30_pso,-0.230184,1.57981,27,0.0100086,0,0.35,1,-999
0,gen=1_member=15_pso,-0.240527,1.57507,28,0.00998489,0,0.325,1,-999
0,gen=1_member=24_pso,-0.0668478,1.64414,29,0.00993932,0,0.3,1,-999
0,gen=1_member=23_pso,-0.441089,1.49108,30,0.00987409,0,0.275,1,-999
0,gen=1_member=1_pso,-0.321347,1.53191,31,0.00953483,0,0.25,1,-999
0,gen=1_member=25_pso,-0.15879,1.58058,32,0.00885451,0,0.225,1,-999
0,gen=1_member=7_pso,-0.379781,1.49157,33,0.00883062,0,0.2,1,-999
0,gen=1_member=38_pso,-0.154758,1.57969,34,0.00875685,0,0.175,1,-999
0,gen=1_member=35_pso,-0.404817,1.47299,35,0.00848306,0,0.15,1,-999
0,gen=1_member=17_pso,-0.339784,1.48319,36,0.0078711,0,0.125,1,-999
0,gen=1_member=39_pso,-0.498133,1.4197,37,0.00784683,0,0.1,1,-999
0,gen=1_member=21_pso,-0.0589872,1.57037,38,0.00706007,0,0.075,1,-999
0,gen=1_member=26_pso,-0.125915,1.5363,39,0.00679165,0,0.05,1,-999
0,gen=1_member=28_pso,0.39459,1.57522,40,0.00305779,0,0.025,1,-999
1,gen=1_member=11_pso,-0.58234,1.64974,2,0.0232731,0,0.974359,1,-999
1,gen=1_member=2_pso,-0.337324,1.6466,6,0.0156782,0,0.871795,1,-999
1,gen=1_member=31_pso,-0.434227,1.74478,1,0.0254581,0,1,1,-999
1,gen=1_member=18_pso,-0.231021,1.73699,5,0.0184024,0,0.897436,1,-999
1,gen=1_member=33_pso,-0.0855102,1.71918,10,0.0138031,0,0.769231,1,-999
1,gen=1_member=29_pso,-0.373259,1.42318,27,0.00622219,0,0.333333,1,-999
1,gen=1_member=27_pso,-0.58936,1.35036,24,0.00660625,0,0.410256,1,-999
1,gen=1_member=13_pso,-0.243875,1.68437,7,0.0155525,0,0.846154,1,-999
1,gen=1_member=8_pso,-0.12178,1.81225,4,0.0201891,0,0.923077,1,-999
1,gen=1_member=19_pso,-0.438593,1.68374,3,0.0209759,0,0.948718,1,-999
1,gen=1_member=3_pso,-0.0747027,1.68402,13,0.011848,0,0.692308,1,-999
1,gen=1_member=6_pso,-0.6265,1.30856,30,0.00567842,0,0.25641,1,-999
1,gen=1_member=36_pso,-0.240455,1.66679,8,0.014483,0,0.820513,1,-999
1,gen=1_member=5_pso,-0.229851,1.49958,22,0.00691223,0,0.461538,1,-999
1,gen=1_member=20_pso,-0.0216571,1.51101,34,0.0048963,0,0.153846,1,-999
1,gen=1_member=22_pso,-0.0731896,1.63261,16,0.00956872,0,0.615385,1,-999
1,gen=1_member=32_pso,-0.38594,1.49368,17,0.00902065,0,0.589744,1,-999
1,gen=1_member=34_pso,-0.225815,1.5806,15,0.00996625,0,0.641026,1,-999
1,gen=1_member=37_pso,-0.00795867,1.76378,9,0.0144357,0,0.794872,1,-999
1,gen=1_member=4_pso,-0.111895,1.59394,18,0.00864826,0,0.564103,1,-999
1,gen=1_member=14_pso,-0.170901,1.52775,21,0.00708967,0,0.487179,1,-999
1,gen=1_member=16_pso,-0.313721,1.44867,26,0.00630268,0,0.358974,1,-999
1,gen=1_member=9_pso,-0.162827,1.45355,35,0.00477414,0,0.128205,1,-999
1,gen=1_member=10_pso,-0.122293,1.43018,38,0.00385058,0,0.0512821,1,-999
1,gen=1_member=12_pso,-0.182307,1.55965,20,0.00840509,0,0.512821,1,-999
1,gen=1_member=30_pso,-0.109568,1.59432,19,0.00862735,0,0.538462,1,-999
1,gen=1_member=15_pso,-0.0538258,1.55873,23,0.00661676,0,0.435897,1,-999
1,gen=1_member=24_pso,-0.0329674,1.70192,12,0.0118839,0,0.717949,1,-999
1,gen=1_member=23_pso,-0.118518,1.47997,33,0.00503296,0,0.179487,1,-999
1,gen=1_member=1_pso,-0.172339,1.64674,11,0.0119863,0,0.74359,1,-999
1,gen=1_member=25_pso,-0.0459536,1.4829,36,0.0044211,0,0.102564,1,-999
1,gen=1_member=7_pso,-0.179133,1.45821,32,0.00506057,0,0.205128,1,-999
1,gen=1_member=38_pso,-0.0356866,1.5626,25,0.00651835,0,0.384615,1,-999
1,gen=1_member=35_pso,-0.700825,1.28138,29,0.00573035,0,0.282051,1,-999
1,gen=1_member=17_pso,-0.120381,1.44734,37,0.00422817,0,0.0769231,1,-999
1,gen=1_member=39_pso,-0.148234,1.64142,14,0.0112699,0,0.666667,1,-999
1,gen=1_member=21_pso,-0.0120252,1.56099,28,0.0061899,0,0.307692,1,-999
1,gen=1_member=26_pso,-0.0514283,1.52406,31,0.00554969,0,0.230769,1,-999
1,gen=1_member=28_pso,0.1749,1.5056,39,0.0032054,0,0.025641,1,-999
2,gen=1_member=11_pso,-0.648343,1.64371,1,0.0252216,0,1,1,-999
2,gen=1_member=2_pso,-0.450374,1.65935,3,0.0196296,0,0.947368,1,-999
2,gen=1_member=18_pso,-0.251304,1.73615,4,0.0189161,0,0.921053,1,-999
2,gen=1_member=33_pso,-0.0985182,1.75455,6,0.0160249,0,0.868421,1,-999
2,gen=1_member=29_pso,-0.387687,1.49533,14,0.00911949,0,0.657895,1,-999
2,gen=1_member=27_pso,-0.630295,1.34774,20,0.00709961,0,0.5,1,-999
2,gen=1_member=13_pso,-0.253787,1.6858,7,0.0158801,0,0.842105,1,-999
2,gen=1_member=8_pso,-0.114479,1.77273,5,0.0174926,0,0.894737,1,-999
2,gen=1_member=19_pso,-0.339443,1.71351,2,0.0199847,0,0.973684,1,-999
2,gen=1_member=3_pso,-0.0992614,1.6575,10,0.0110904,0,0.763158,1,-999
2,gen=1_member=6_pso,-0.709119,1.34324,16,0.00817189,0,0.605263,1,-999
2,gen=1_member=36_pso,-0.271276,1.65933,8,0.0147931,0,0.815789,1,-999
2,gen=1_member=5_pso,-0.32898,1.47309,19,0.00734105,0,0.526316,1,-999
2,gen=1_member=20_pso,-0.0348164,1.51977,31,0.00525769,0,0.210526,1,-999
2,gen=1_member=22_pso,-0.109548,1.6364,12,0.0103434,0,0.710526,1,-999
2,gen=1_member=32_pso,-0.398355,1.42171,24,0.00649554,0,0.394737,1,-999
2,gen=1_member=34_pso,-0.32794,1.56091,11,0.0109525,0,0.736842,1,-999
2,gen=1_member=37_pso,-0.0127016,1.72783,9,0.0127193,0,0.789474,1,-999
2,gen=1_member=4_pso,-0.130298,1.56873,17,0.00797556,0,0.578947,1,-999
2,gen=1_member=14_pso,-0.213452,1.5019,21,0.00677618,0,0.473684,1,-999
2,gen=1_member=16_pso,-0.373813,1.39874,29,0.00546688,0,0.263158,1,-999
2,gen=1_member=9_pso,-0.20432,1.44636,32,0.00499598,0,0.184211,1,-999
2,gen=1_member=10_pso,-0.143737,1.44632,33,0.00441196,0,0.157895,1,-999
2,gen=1_member=12_pso,-0.25082,1.5054,18,0.00739935,0,0.552632,1,-999
2,gen=1_member=30_pso,-0.123177,1.59239,15,0.00876185,0,0.631579,1,-999
2,gen=1_member=15_pso,-0.0597168,1.5589,22,0.00669481,0,0.447368,1,-999
2,gen=1_member=24_pso,-0.028737,1.6401,13,0.0091569,0,0.684211,1,-999
2,gen=1_member=23_pso,-0.13292,1.48869,30,0.00542156,0,0.236842,1,-999
2,gen=1_member=1_pso,-0.288016,1.44453,27,0.00585976,0,0.315789,1,-999
2,gen=1_member=25_pso,-0.0543742,1.47894,35,0.00440064,0,0.105263,1,-999
2,gen=1_member=7_pso,-0.191166,1.49021,26,0.00612321,0,0.342105,1,-999
2,gen=1_member=38_pso,-0.0416574,1.56203,23,0.00657265,0,0.421053,1,-999
2,gen=1_member=35_pso,-0.360109,1.33761,36,0.00372768,0,0.0789474,1,-999
2,gen=1_member=17_pso,-0.160536,1.43982,34,0.0044052,0,0.131579,1,-999
2,gen=1_member=39_pso,-0.258794,1.33041,38,0.00282692,0,0.0263158,1,-999
2,gen=1_member=21_pso,-0.0160392,1.55817,25,0.00615112,0,0.368421,1,-999
2,gen=1_member=26_pso,-0.0751678,1.51896,28,0.00566054,0,0.289474,1,-999
2,gen=1_member=28_pso,0.18779,1.50543,37,0.00311889,0,0.0526316,1,-999
3,gen=1_member=2_pso,-0.414294,1.62967,6,0.0166559,0,0.864865,1,-999
3,gen=1_member=18_pso,-0.256595,1.70363,5,0.0170152,0,0.891892,1,-999
3,gen=1_member=33_pso,-0.106148,1.61462,15,0.0093743,0,0.621622,1,-999
3,gen=1_member=29_pso,-0.442731,1.40779,22,0.0066097,0,0.432432,1,-999
3,gen=1_member=27_pso,-0.674761,1.52766,4,0.0174013,0,0.918919,1,-999
3,gen=1_member=13_pso,-0.278944,1.67147,7,0.0156718,0,0.837838,1,-999
3,gen=1_member=8_pso,-0.116574,1.77099,3,0.0174417,0,0.945946,1,-999
3,gen=1_member=19_pso,-0.357051,1.70545,2,0.0199649,0,0.972973,1,-999
3,gen=1_member=3_pso,-0.126325,1.62803,12,0.0102749,0,0.702703,1,-999
3,gen=1_member=6_pso,-0.763173,1.29383,20,0.0070527,0,0.486486,1,-999
3,gen=1_member=36_pso,-0.230796,1.61032,10,0.0113984,0,0.756757,1,-999
3,gen=1_member=5_pso,-0.760113,1.64276,1,0.0297389,0,1,1,-999
3,gen=1_member=20_pso,-0.030261,1.54042,25,0.00578762,0,0.351351,1,-999
3,gen=1_member=22_pso,-0.0821977,1.61519,16,0.00901509,0,0.594595,1,-999
3,gen=1_member=32_pso,-0.459666,1.47918,14,0.00968066,0,0.648649,1,-999
3,gen=1_member=34_pso,-0.236712,1.59031,11,0.0105891,0,0.72973,1,-999
3,gen=1_member=37_pso,-0.0113148,1.7228,8,0.0124496,0,0.810811,1,-999
3,gen=1_member=4_pso,-0.124859,1.55975,17,0.0075762,0,0.567568,1,-999
3,gen=1_member=14_pso,-0.187598,1.47753,26,0.00569848,0,0.324324,1,-999
3,gen=1_member=16_pso,-0.386248,1.38065,28,0.00507771,0,0.27027,1,-999
3,gen=1_member=9_pso,-0.173617,1.46431,27,0.00517051,0,0.297297,1,-999
3,gen=1_member=10_pso,-0.171728,1.39138,33,0.00340524,0,0.135135,1,-999
3,gen=1_member=12_pso,-0.256099,1.49804,19,0.00721228,0,0.513514,1,-999
3,gen=1_member=30_pso,-0.112321,1.52604,23,0.00629608,0,0.405405,1,-999
3,gen=1_member=15_pso,-0.0645502,1.55795,21,0.006724,0,0.459459,1,-999
3,gen=1_member=24_pso,-0.0381236,1.65851,13,0.0100568,0,0.675676,1,-999
3,gen=1_member=23_pso,-0.117876,1.40313,34,0.00325052,0,0.108108,1,-999
3,gen=1_member=1_pso,-0.211672,1.62146,9,0.0115534,0,0.783784,1,-999
3,gen=1_member=25_pso,-0.0514579,1.50556,29,0.00504469,0,0.243243,1,-999
3,gen=1_member=7_pso,-0.207196,1.42488,31,0.00446465,0,0.189189,1,-999
3,gen=1_member=38_pso,-0.0444017,1.54345,24,0.00603471,0,0.378378,1,-999
3,gen=1_member=35_pso,-0.335197,1.3177,35,0.00310812,0,0.0810811,1,-999
3,gen=1_member=17_pso,-0.138284,1.44211,32,0.00426119,0,0.162162,1,-999
3,gen=1_member=39_pso,-0.264686,1.33547,36,0.0029608,0,0.0540541,1,-999
3,gen=1_member=21_pso,-0.0241966,1.59588,18,0.0074647,0,0.540541,1,-999
3,gen=1_member=26_pso,-0.0635903,1.49967,30,0.00500935,0,0.216216,1,-999
3,gen=1_member=28_pso,0.202365,1.49549,37,0.0028556,0,0.027027,1,-999
4,gen=1_member=2_pso,-0.44236,1.61645,4,0.0165888,0,0.916667,1,-999
4,gen=1_member=18_pso,-0.307764,1.65297,5,0.0153136,0,0.888889,1,-999
4,gen=1_member=33_pso,-0.125786,1.62559,12,0.0101606,0,0.694444,1,-999
4,gen=1_member=29_pso,-0.466062,1.48793,11,0.0101937,0,0.722222,1,-999
4,gen=1_member=27_pso,-0.703825,1.5121,3,0.0172147,0,0.944444,1,-999
4,gen=1_member=13_pso,-0.334298,1.58024,8,0.0120112,0,0.805556,1,-999
4,gen=1_member=8_pso,-0.116574,1.77099,2,0.0174417,0,0.972222,1,-999
4,gen=1_member=19_pso,-0.361414,1.73025,1,0.0218453,0,1,1,-999
4,gen=1_member=3_pso,-0.113934,1.62894,13,0.0100991,0,0.666667,1,-999
4,gen=1_member=6_pso,-0.824779,1.2887,18,0.00783868,0,0.527778,1,-999
4,gen=1_member=36_pso,-0.251891,1.59335,9,0.0110105,0,0.777778,1,-999
4,gen=1_member=20_pso,-0.0305661,1.46285,33,0.00383257,0,0.111111,1,-999
4,gen=1_member=22_pso,-0.148863,1.61236,14,0.00999403,0,0.638889,1,-999
4,gen=1_member=32_pso,-0.496092,1.47891,10,0.010346,0,0.75,1,-999
4,gen=1_member=34_pso,-0.200064,1.55785,17,0.00860823,0,0.555556,1,-999
4,gen=1_member=37_pso,-0.0113148,1.7228,7,0.0124496,0,0.833333,1,-999
4,gen=1_member=4_pso,-0.124859,1.55975,20,0.0075762,0,0.472222,1,-999
4,gen=1_member=14_pso,-0.196832,1.52525,21,0.0073533,0,0.444444,1,-999
4,gen=1_member=16_pso,-0.384922,1.32609,35,0.00367265,0,0.0555556,1,-999
4,gen=1_member=9_pso,-0.221936,1.41374,30,0.00432395,0,0.194444,1,-999
4,gen=1_member=10_pso,-0.186434,1.40015,34,0.00370501,0,0.0833333,1,-999
4,gen=1_member=12_pso,-0.262449,1.49239,22,0.00710192,0,0.416667,1,-999
4,gen=1_member=30_pso,-0.125335,1.52557,24,0.0064385,0,0.361111,1,-999
4,gen=1_member=15_pso,-0.0734547,1.52435,26,0.00579759,0,0.305556,1,-999
4,gen=1_member=24_pso,-0.0424626,1.6323,16,0.00906547,0,0.583333,1,-999
4,gen=1_member=23_pso,-0.143047,1.613,15,0.00992137,0,0.611111,1,-999
4,gen=1_member=1_pso,-0.281519,1.61843,6,0.0128308,0,0.861111,1,-999
4,gen=1_member=25_pso,-0.0575414,1.50188,28,0.00500791,0,0.25,1,-999
4,gen=1_member=7_pso,-0.263681,1.43301,27,0.00524667,0,0.277778,1,-999
4,gen=1_member=38_pso,-0.0444017,1.54345,25,0.00603471,0,0.333333,1,-999
4,gen=1_member=35_pso,-0.398392,1.32814,32,0.00383449,0,0.138889,1,-999
4,gen=1_member=17_pso,-0.201447,1.42726,29,0.00447071,0,0.222222,1,-999
4,gen=1_member=39_pso,-0.251646,1.3838,31,0.00387345,0,0.166667,1,-999
4,gen=1_member=21_pso,-0.0270353,1.57702,23,0.00687219,0,0.388889,1,-999
4,gen=1_member=26_pso,-0.0617951,1.59036,19,0.00778513,0,0.5,1,-999
4,gen=1_member=28_pso,0.224164,1.49796,36,0.00276915,0,0.0277778,1,-999
5,gen=1_member=2_pso,-0.465958,1.59713,2,0.016027,0,0.971429,1,-999
5,gen=1_member=18_pso,-0.330605,1.71931,1,0.0201143,0,1,1,-999
5,gen=1_member=33_pso,-0.154933,1.72754,4,0.015854,0,0.914286,1,-999
5,gen=1_member=29_pso,-0.48991,1.48576,10,0.0105482,0,0.742857,1,-999
5,gen=1_member=27_pso,-0.786682,1.45756,3,0.0160092,0,0.942857,1,-999
5,gen=1_member=13_pso,-0.285132,1.61852,7,0.012913,0,0.828571,1,-999
5,gen=1_member=8_pso,-0.139642,1.71776,5,0.0149415,0,0.885714,1,-999
5,gen=1_member=3_pso,-0.114972,1.61418,12,0.00950021,0,0.685714,1,-999
5,gen=1_member=6_pso,-0.825973,1.22811,23,0.00557369,0,0.371429,1,-999
5,gen=1_member=36_pso,-0.303679,1.55796,11,0.0103622,0,0.714286,1,-999
5,gen=1_member=20_pso,-0.0305661,1.46285,30,0.00383257,0,0.171429,1,-999
5,gen=1_member=22_pso,-0.145445,1.62957,9,0.0106822,0,0.771429,1,-999
5,gen=1_member=32_pso,-0.484397,1.46186,13,0.00936087,0,0.657143,1,-999
5,gen=1_member=34_pso,-0.257415,1.4273,25,0.00502134,0,0.314286,1,-999
5,gen=1_member=37_pso,-0.00961918,1.69299,8,0.0110448,0,0.8,1,-999
5,gen=1_member=4_pso,-0.112092,1.51583,20,0.00598132,0,0.457143,1,-999
5,gen=1_member=14_pso,-0.201559,1.47282,22,0.00571655,0,0.4,1,-999
5,gen=1_member=16_pso,-0.494874,1.3865,17,0.00657732,0,0.542857,1,-999
5,gen=1_member=9_pso,-0.237473,1.40836,27,0.00433333,0,0.257143,1,-999
5,gen=1_member=10_pso,-0.200595,1.40742,29,0.00398535,0,0.2,1,-999
5,gen=1_member=12_pso,-0.388503,1.42267,18,0.00639971,0,0.514286,1,-999
5,gen=1_member=30_pso,-0.130929,1.51696,19,0.00623597,0,0.485714,1,-999
5,gen=1_member=15_pso,-0.0734547,1.52435,21,0.00579759,0,0.428571,1,-999
5,gen=1_member=24_pso,-0.0424626,1.6323,14,0.00906547,0,0.628571,1,-999
5,gen=1_member=23_pso,-0.175302,1.3203,34,0.00217093,0,0.0571429,1,-999
5,gen=1_member=1_pso,-0.312427,1.60831,6,0.0129751,0,0.857143,1,-999
5,gen=1_member=25_pso,-0.0575414,1.50188,26,0.00500791,0,0.285714,1,-999
5,gen=1_member=7_pso,-0.224864,1.35251,32,0.00301367,0,0.114286,1,-999
5,gen=1_member=38_pso,-0.0671011,1.46035,28,0.00407476,0,0.228571,1,-999
5,gen=1_member=35_pso,-0.399393,1.32105,31,0.00367879,0,0.142857,1,-999
5,gen=1_member=17_pso,-0.19146,1.35369,33,0.00281424,0,0.0857143,1,-999
5,gen=1_member=39_pso,-0.347404,1.40382,24,0.00532024,0,0.342857,1,-999
5,gen=1_member=21_pso,-0.0274395,1.57596,16,0.00684295,0,0.571429,1,-999
5,gen=1_member=26_pso,-0.0638548,1.60709,15,0.00842496,0,0.6,1,-999
5,gen=1_member=28_pso,0.318427,1.41259,35,0.0012899,0,0.0285714,1,-999
6,gen=1_member=2_pso,-0.39954,1.65189,2,0.0176517,0,0.970588,1,-999
6,gen=1_member=33_pso,-0.191936,1.67552,6,0.0138513,0,0.852941,1,-999
6,gen=1_member=29_pso,-0.461123,1.45762,10,0.00877902,0,0.735294,1,-999
6,gen=1_member=27_pso,-0.758794,1.58965,1,0.0249605,0,1,1,-999
6,gen=1_member=13_pso,-0.185863,1.66403,7,0.0131216,0,0.823529,1,-999
6,gen=1_member=8_pso,-0.117857,1.76609,3,0.0171808,0,0.941176,1,-999
6,gen=1_member=3_pso,-0.130968,1.58952,11,0.00877064,0,0.705882,1,-999
6,gen=1_member=6_pso,-0.830421,1.28996,13,0.00798787,0,0.647059,1,-999
6,gen=1_member=36_pso,-0.296637,1.6418,4,0.0144156,0,0.911765,1,-999
6,gen=1_member=20_pso,-0.02857,1.44643,27,0.00347252,0,0.235294,1,-999
6,gen=1_member=22_pso,-0.139598,1.48837,20,0.00548419,0,0.441176,1,-999
6,gen=1_member=32_pso,-0.666522,1.34245,16,0.00744791,0,0.558824,1,-999
6,gen=1_member=34_pso,-0.264575,1.4772,18,0.00661423,0,0.5,1,-999
6,gen=1_member=37_pso,-0.0107857,1.75194,5,0.0138826,0,0.882353,1,-999
6,gen=1_member=4_pso,-0.117782,1.51455,19,0.00600824,0,0.470588,1,-999
6,gen=1_member=14_pso,-0.198442,1.44764,22,0.00497102,0,0.382353,1,-999
6,gen=1_member=16_pso,-0.511771,1.41021,15,0.0076892,0,0.588235,1,-999
6,gen=1_member=9_pso,-0.208779,1.34057,33,0.00269015,0,0.0588235,1,-999
6,gen=1_member=10_pso,-0.192511,1.36644,31,0.0030585,0,0.117647,1,-999
6,gen=1_member=12_pso,-0.45332,1.36517,21,0.00537051,0,0.411765,1,-999
6,gen=1_member=30_pso,-0.113492,1.41388,28,0.00343455,0,0.205882,1,-999
6,gen=1_member=15_pso,-0.0784979,1.4423,26,0.0037658,0,0.264706,1,-999
6,gen=1_member=24_pso,-0.0489854,1.68835,9,0.0115597,0,0.764706,1,-999
6,gen=1_member=23_pso,-0.163747,1.44399,24,0.00453858,0,0.323529,1,-999
6,gen=1_member=1_pso,-0.291032,1.59788,8,0.0119967,0,0.794118,1,-999
6,gen=1_member=25_pso,-0.0537698,1.59376,14,0.0077941,0,0.617647,1,-999
6,gen=1_member=7_pso,-0.218352,1.40424,25,0.00406369,0,0.294118,1,-999
6,gen=1_member=38_pso,-0.0675356,1.49497,23,0.0049249,0,0.352941,1,-999
6,gen=1_member=35_pso,-0.427729,1.28203,30,0.00306202,0,0.147059,1,-999
6,gen=1_member=17_pso,-0.19146,1.35369,32,0.00281424,0,0.0882353,1,-999
6,gen=1_member=39_pso,-0.284327,1.3367,29,0.00312167,0,0.176471,1,-999
6,gen=1_member=21_pso,-0.0274395,1.57596,17,0.00684295,0,0.529412,1,-999
6,gen=1_member=26_pso,-0.0585839,1.60465,12,0.00825685,0,0.676471,1,-999
6,gen=1_member=28_pso,0.271724,1.47994,34,0.00224447,0,0.0294118,1,-999
7,gen=1_member=2_pso,-0.439427,1.64145,2,0.018103,0,0.969697,1,-999
7,gen=1_member=33_pso,-0.201856,1.78726,1,0.020875,0,1,1,-999
7,gen=1_member=29_pso,-0.412421,1.22083,33,0.00191684,0,0.030303,1,-999
7,gen=1_member=13_pso,-0.238447,1.61201,7,0.0116279,0,0.818182,1,-999
7,gen=1_member=8_pso,-0.146446,1.7119,3,0.0147781,0,0.939394,1,-999
7,gen=1_member=3_pso,-0.1463,1.5656,9,0.00809285,0,0.757576,1,-999
7,gen=1_member=6_pso,-0.845434,1.27014,12,0.00741471,0,0.666667,1,-999
7,gen=1_member=36_pso,-0.283199,1.64221,4,0.0141256,0,0.909091,1,-999
7,gen=1_member=20_pso,-0.02857,1.44643,27,0.00347252,0,0.212121,1,-999
7,gen=1_member=22_pso,-0.136031,1.47399,18,0.00504896,0,0.484848,1,-999
7,gen=1_member=32_pso,-0.598059,1.34104,16,0.00639821,0,0.545455,1,-999
7,gen=1_member=34_pso,-0.269393,1.414,21,0.00478358,0,0.393939,1,-999
7,gen=1_member=37_pso,-0.0142266,1.73653,5,0.013177,0,0.878788,1,-999
7,gen=1_member=4_pso,-0.143506,1.53014,15,0.00681305,0,0.575758,1,-999
7,gen=1_member=14_pso,-0.214585,1.43547,20,0.00480791,0,0.424242,1,-999
7,gen=1_member=16_pso,-0.491144,1.40122,13,0.00704761,0,0.636364,1,-999
7,gen=1_member=9_pso,-0.214869,1.36369,29,0.00316102,0,0.151515,1,-999
7,gen=1_member=10_pso,-0.20755,1.37515,28,0.00333805,0,0.181818,1,-999
7,gen=1_member=12_pso,-0.468632,1.36074,17,0.00541319,0,0.515152,1,-999
7,gen=1_member=30_pso,-0.131213,1.43162,24,0.00395608,0,0.30303,1,-999
7,gen=1_member=15_pso,-0.0758735,1.44052,26,0.00370671,0,0.242424,1,-999
7,gen=1_member=24_pso,-0.0345367,1.63964,8,0.00922998,0,0.787879,1,-999
7,gen=1_member=23_pso,-0.171538,1.43245,23,0.00432476,0,0.333333,1,-999
7,gen=1_member=1_pso,-0.203517,1.62643,6,0.0116299,0,0.848485,1,-999
7,gen=1_member=25_pso,-0.0582959,1.59135,11,0.0077715,0,0.69697,1,-999
7,gen=1_member=7_pso,-0.27076,1.39971,22,0.00442647,0,0.363636,1,-999
7,gen=1_member=38_pso,-0.0675357,1.49497,19,0.0049249,0,0.454545,1,-999
7,gen=1_member=35_pso,-0.460376,1.30058,25,0.00372378,0,0.272727,1,-999
7,gen=1_member=17_pso,-0.226256,1.34497,30,0.00288138,0,0.121212,1,-999
7,gen=1_member=39_pso,-0.289154,1.31135,31,0.00267749,0,0.0909091,1,-999
7,gen=1_member=21_pso,-0.0304836,1.57808,14,0.00695027,0,0.606061,1,-999
7,gen=1_member=26_pso,-0.0750677,1.58632,10,0.0078265,0,0.727273,1,-999
7,gen=1_member=28_pso,0.251543,1.50049,32,0.00265519,0,0.0606061,1,-999
8,gen=1_member=2_pso,-0.444447,1.64124,1,0.0182339,0,1,1,-999
8,gen=1_member=29_pso,-0.421655,1.21573,32,0.00188938,0,0.03125,1,-999
8,gen=1_member=13_pso,-0.266032,1.59859,5,0.01153,0,0.875,1,-999
8,gen=1_member=8_pso,-0.148068,1.71034,3,0.0147306,0,0.9375,1,-999
8,gen=1_member=3_pso,-0.176639,1.5483,9,0.00789603,0,0.75,1,-999
8,gen=1_member=6_pso,-0.849237,1.2571,12,0.00695554,0,0.65625,1,-999
8,gen=1_member=36_pso,-0.283124,1.68194,2,0.0163951,0,0.96875,1,-999
8,gen=1_member=20_pso,-0.028183,1.50465,18,0.00479601,0,0.46875,1,-999
8,gen=1_member=22_pso,-0.128704,1.47183,17,0.00491847,0,0.5,1,-999
8,gen=1_member=32_pso,-0.59639,1.25711,22,0.00388771,0,0.34375,1,-999
8,gen=1_member=34_pso,-0.203657,1.43359,20,0.00465242,0,0.40625,1,-999
8,gen=1_member=37_pso,-0.0144422,1.73552,4,0.0131314,0,0.90625,1,-999
8,gen=1_member=4_pso,-0.148585,1.51995,14,0.00654494,0,0.59375,1,-999
8,gen=1_member=14_pso,-0.217677,1.43373,19,0.0047927,0,0.4375,1,-999
8,gen=1_member=16_pso,-0.497508,1.39505,13,0.00691528,0,0.625,1,-999
8,gen=1_member=9_pso,-0.211349,1.30547,31,0.00213641,0,0.0625,1,-999
8,gen=1_member=10_pso,-0.314731,1.27966,30,0.00229426,0,0.09375,1,-999
8,gen=1_member=12_pso,-0.471209,1.36069,16,0.00544163,0,0.53125,1,-999
8,gen=1_member=30_pso,-0.124709,1.41889,24,0.0036241,0,0.28125,1,-999
8,gen=1_member=15_pso,-0.0771553,1.44058,23,0.00371801,0,0.3125,1,-999
8,gen=1_member=24_pso,-0.0351686,1.63965,8,0.00924042,0,0.78125,1,-999
8,gen=1_member=23_pso,-0.222942,1.37092,25,0.00336554,0,0.25,1,-999
8,gen=1_member=1_pso,-0.234601,1.59938,6,0.0109623,0,0.84375,1,-999
8,gen=1_member=25_pso,-0.0597505,1.59128,11,0.00778952,0,0.6875,1,-999
8,gen=1_member=7_pso,-0.27414,1.39971,21,0.00445831,0,0.375,1,-999
8,gen=1_member=38_pso,-0.061689,1.52578,15,0.00570961,0,0.5625,1,-999
8,gen=1_member=35_pso,-0.372771,1.27475,28,0.00255473,0,0.15625,1,-999
8,gen=1_member=17_pso,-0.228911,1.34496,26,0.0028987,0,0.21875,1,-999
8,gen=1_member=39_pso,-0.300705,1.29635,29,0.00248801,0,0.125,1,-999
8,gen=1_member=21_pso,-0.023441,1.6492,7,0.00943414,0,0.8125,1,-999
8,gen=1_member=26_pso,-0.0644022,1.58954,10,0.00779246,0,0.71875,1,-999
8,gen=1_member=28_pso,0.254722,1.50048,27,0.00263737,0,0.1875,1,-999
9,gen=1_member=29_pso,-0.425386,1.26875,25,0.00278631,0,0.225806,1,-999
9,gen=1_member=13_pso,-0.453993,1.50826,3,0.0109149,0,0.935484,1,-999
9,gen=1_member=8_pso,-0.152643,1.69316,2,0.0139125,0,0.967742,1,-999
9,gen=1_member=3_pso,-0.183548,1.54557,6,0.00789561,0,0.83871,1,-999
9,gen=1_member=6_pso,-0.918626,1.23343,9,0.00711516,0,0.741935,1,-999
9,gen=1_member=36_pso,-0.30974,1.66582,1,0.0161152,0,1,1,-999
9,gen=1_member=20_pso,-0.0270464,1.48118,17,0.0042154,0,0.483871,1,-999
9,gen=1_member=22_pso,-0.101324,1.4921,14,0.00518589,0,0.580645,1,-999
9,gen=1_member=32_pso,-0.588246,1.199,27,0.00257001,0,0.16129,1,-999
9,gen=1_member=34_pso,-0.301182,1.45389,10,0.00631478,0,0.709677,1,-999
9,gen=1_member=37_pso,-0.0139772,1.62024,5,0.00818427,0,0.870968,1,-999
9,gen=1_member=4_pso,-0.129198,1.46451,16,0.00473266,0,0.516129,1,-999
9,gen=1_member=14_pso,-0.212104,1.40194,18,0.00395646,0,0.451613,1,-999
9,gen=1_member=16_pso,-0.561033,1.31813,13,0.00519313,0,0.612903,1,-999
9,gen=1_member=9_pso,-0.211349,1.30547,29,0.00213641,0,0.0967742,1,-999
9,gen=1_member=10_pso,-0.23404,1.29546,31,0.00210475,0,0.0322581,1,-999
9,gen=1_member=12_pso,-0.321862,1.44411,11,0.00625691,0,0.677419,1,-999
9,gen=1_member=30_pso,-0.130797,1.41184,20,0.0035221,0,0.387097,1,-999
9,gen=1_member=15_pso,-0.0764896,1.4287,22,0.00346406,0,0.322581,1,-999
9,gen=1_member=24_pso,-0.043995,1.54874,12,0.00618907,0,0.645161,1,-999
9,gen=1_member=23_pso,-0.240369,1.37048,21,0.00348855,0,0.354839,1,-999
9,gen=1_member=1_pso,-0.211546,1.58748,4,0.010014,0,0.903226,1,-999
9,gen=1_member=25_pso,-0.0617982,1.57952,7,0.00740632,0,0.806452,1,-999
9,gen=1_member=7_pso,-0.21745,1.33267,26,0.0026062,0,0.193548,1,-999
9,gen=1_member=38_pso,-0.071276,1.49679,15,0.00500925,0,0.548387,1,-999
9,gen=1_member=35_pso,-0.443293,1.2934,23,0.00341995,0,0.290323,1,-999
9,gen=1_member=17_pso,-0.229543,1.3441,24,0.00288702,0,0.258065,1,-999
9,gen=1_member=39_pso,-0.296192,1.29545,28,0.0024461,0,0.129032,1,-999
9,gen=1_member=21_pso,-0.0148662,1.45573,19,0.00356144,0,0.419355,1,-999
9,gen=1_member=26_pso,-0.0685361,1.56964,8,0.00715975,0,0.774194,1,-999
9,gen=1_member=28_pso,0.30351,1.48273,30,0.00213332,0,0.0645161,1,-999
0,gen=1_member=0_pso,-1.3094,1.59557,1,0.0571915,0,1,1,-999
0,gen=1_member=50_pso,-0.932306,1.64749,2,0.0387671,0,0.97561,1,-999
0,gen=1_member=11_pso,-0.999378,1.61386,3,0.0387261,0,0.95122,1,-999
0,gen=1_member=53_pso,-0.809719,1.70048,4,0.0379519,0,0.926829,1,-999
0,gen=1_member=56_pso,-0.767804,1.6977,5,0.0355009,0,0.902439,1,-999
0,gen=1_member=78_pso,-0.644798,1.74682,6,0.0344671,0,0.878049,1,-999
0,gen=1_member=2_pso,-0.7643,1.68056,7,0.0335874,0,0.853659,1,-999
0,gen=1_member=61_pso,-0.780332,1.67028,8,0.0333308,0,0.829268,1,-999
0,gen=1_member=44_pso,-0.58435,1.74528,9,0.0315479,0,0.804878,1,-999
0,gen=1_member=58_pso,-0.336879,1.85728,10,0.031157,0,0.780488,1,-999
0,gen=1_member=31_pso,-0.548223,1.73604,11,0.0291632,0,0.756098,1,-999
0,gen=1_member=62_pso,-0.333813,1.81868,12,0.0277299,0,0.731707,1,-999
0,gen=1_member=18_pso,-0.463084,1.74933,13,0.0269119,0,0.707317,1,-999
0,gen=1_member=47_pso,-0.774602,1.59849,14,0.0263511,0,0.682927,1,-999
0,gen=1_member=33_pso,-0.302837,1.81321,15,0.0261358,0,0.658537,1,-999
0,gen=1_member=72_pso,-0.543959,1.69665,16,0.0256309,0,0.634146,1,-999
0,gen=1_member=65_pso,-0.657795,1.6434,17,0.0255594,0,0.609756,1,-999
0,gen=1_member=71_pso,-0.480366,1.7172,18,0.0249369,0,0.585366,1,-999
0,gen=1_member=42_pso,-0.61016,1.65779,19,0.0249353,0,0.560976,1,-999
0,gen=1_member=52_pso,-0.657414,1.63532,20,0.024872,0,0.536585,1,-999
0,gen=1_member=29_pso,-0.694726,1.61363,21,0.0244981,0,0.512195,1,-999
0,gen=1_member=27_pso,-1.14858,1.39949,22,0.0242039,0,0.487805,1,-999
0,gen=1_member=13_pso,-0.516838,1.68889,23,0.0240093,0,0.463415,1,-999
0,gen=1_member=77_pso,-0.549754,1.67305,24,0.023941,0,0.439024,1,-999
0,gen=1_member=8_pso,-0.224007,1.81798,25,0.0237641,0,0.414634,1,-999
0,gen=1_member=19_pso,-0.547325,1.66246,26,0.0230271,0,0.390244,1,-999
0,gen=1_member=64_pso,-0.575269,1.64744,27,0.0228443,0,0.365854,1,-999
0,gen=1_member=63_pso,-0.647877,1.60921,28,0.0224321,0,0.341463,1,-999
0,gen=1_member=46_pso,-0.480074,1.68318,29,0.0222945,0,0.317073,1,-999
0,gen=1_member=41_pso,-0.695373,1.5837,30,0.0221236,0,0.292683,1,-999
0,gen=1_member=67_pso,-0.429275,1.6963,31,0.0215819,0,0.268293,1,-999
0,gen=1_member=68_pso,-0.799049,1.52651,32,0.021333,0,0.243902,1,-999
0,gen=1_member=3_pso,-0.397463,1.70384,33,0.0211033,0,0.219512,1,-999
0,gen=1_member=69_pso,-0.467284,1.6716,34,0.0210228,0,0.195122,1,-999
0,gen=1_member=54_pso,-0.259751,1.75408,35,0.020354,0,0.170732,1,-999
0,gen=1_member=45_pso,-0.318094,1.72498,36,0.0201244,0,0.146341,1,-999
0,gen=1_member=59_pso,-0.307506,1.72868,37,0.0200584,0,0.121951,1,-999
0,gen=1_member=6_pso,-1.21703,1.31971,38,0.0200529,0,0.097561,1,-999
0,gen=1_member=60_pso,-0.63701,1.56973,39,0.0191479,0,0.0731707,1,-999
0,gen=1_member=36_pso,-0.425813,1.65379,40,0.0185228,0,0.0487805,1,-999
0,gen=1_member=5_pso,-0.464551,1.63434,41,0.0183601,0,0.0243902,1,-999
1,gen=1_member=50_pso,-0.444797,1.72213,3,0.0240497,0,0.95,1,-999
1,gen=1_member=11_pso,-0.58234,1.64974,4,0.0232731,0,0.925,1,-999
1,gen=1_member=53_pso,-0.339047,1.71074,12,0.0197842,0,0.725,1,-999
1,gen=1_member=56_pso,-0.360575,1.74668,5,0.0230239,0,0.9,1,-999
1,gen=1_member=78_pso,-0.523693,1.76259,1,0.0305121,0,1,1,-999
1,gen=1_member=2_pso,-0.337324,1.6466,19,0.0156782,0,0.55,1,-999
1,gen=1_member=61_pso,-0.289579,1.73562,11,0.0199936,0,0.75,1,-999
1,gen=1_member=44_pso,-0.211447,1.73181,16,0.0175472,0,0.625,1,-999
1,gen=1_member=58_pso,-0.0768529,1.77903,18,0.016906,0,0.575,1,-999
1,gen=1_member=31_pso,-0.434227,1.74478,2,0.0254581,0,0.975,1,-999
1,gen=1_member=62_pso,-0.144677,1.80829,9,0.0205942,0,0.8,1,-999
1,gen=1_member=18_pso,-0.231021,1.73699,15,0.0184024,0,0.65,1,-999
1,gen=1_member=47_pso,-0.276496,1.48177,35,0.00692426,0,0.15,1,-999
1,gen=1_member=33_pso,-0.0855102,1.71918,27,0.0138031,0,0.35,1,-999
1,gen=1_member=72_pso,-0.194439,1.68251,24,0.0142812,0,0.425,1,-999
1,gen=1_member=65_pso,-0.374462,1.61588,22,0.0148166,0,0.475,1,-999
1,gen=1_member=71_pso,-0.276156,1.66401,21,0.0151742,0,0.5,1,-999
1,gen=1_member=42_pso,-0.240611,1.66141,25,0.0141926,0,0.4,1,-999
1,gen=1_member=52_pso,-0.287887,1.59306,32,0.0116976,0,0.225,1,-999
1,gen=1_member=29_pso,-0.373259,1.42318,38,0.00622219,0,0.075,1,-999
1,gen=1_member=27_pso,-0.58936,1.35036,37,0.00660625,0,0.1,1,-999
1,gen=1_member=13_pso,-0.243875,1.68437,20,0.0155525,0,0.525,1,-999
1,gen=1_member=77_pso,-0.312375,1.67805,17,0.0169228,0,0.6,1,-999
1,gen=1_member=8_pso,-0.12178,1.81225,10,0.0201891,0,0.775,1,-999
1,gen=1_member=19_pso,-0.438593,1.68374,8,0.0209759,0,0.825,1,-999
1,gen=1_member=64_pso,-0.494342,1.63124,13,0.0190339,0,0.7,1,-999
1,gen=1_member=63_pso,-0.332865,1.69367,14,0.0184707,0,0.675,1,-999
1,gen=1_member=46_pso,-0.159102,1.67841,29,0.0132865,0,0.3,1,-999
1,gen=1_member=41_pso,-0.271942,1.58728,34,0.0111106,0,0.175,1,-999
1,gen=1_member=67_pso,-0.317699,1.7445,7,0.0214707,0,0.85,1,-999
1,gen=1_member=68_pso,-0.643484,1.48499,26,0.0138868,0,0.375,1,-999
1,gen=1_member=3_pso,-0.0747027,1.68402,31,0.011848,0,0.25,1,-999
1,gen=1_member=69_pso,-0.156058,1.66395,30,0.0124961,0,0.275,1,-999
1,gen=1_member=54_pso,-0.0523169,1.68127,33,0.0112991,0,0.2,1,-999
1,gen=1_member=45_pso,-0.0935775,1.71277,28,0.0136458,0,0.325,1,-999
1,gen=1_member=59_pso,-0.515639,1.67521,6,0.0229049,0,0.875,1,-999
1,gen=1_member=6_pso,-0.6265,1.30856,39,0.00567842,0,0.05,1,-999
1,gen=1_member=60_pso,-0.301011,1.38521,40,0.0043447,0,0.025,1,-999
1,gen=1_member=36_pso,-0.240455,1.66679,23,0.014483,0,0.45,1,-999
1,gen=1_member=5_pso,-0.229851,1.49958,36,0.00691223,0,0.125,1,-999
2,gen=1_member=50_pso,-0.68764,1.57708,6,0.0213455,0,0.871795,1,-999
2,gen=1_member=11_pso,-0.643431,1.64708,2,0.0253143,0,0.974359,1,-999
2,gen=1_member=53_pso,-0.4103,1.65133,11,0.0179178,0,0.74359,1,-999
2,gen=1_member=56_pso,-0.477129,1.61512,13,0.0174621,0,0.692308,1,-999
2,gen=1_member=2_pso,-0.326417,1.60605,24,0.013163,0,0.410256,1,-999
2,gen=1_member=61_pso,-0.404929,1.75709,1,0.025374,0,1,1,-999
2,gen=1_member=44_pso,-0.2233,1.71501,14,0.0168357,0,0.666667,1,-999
2,gen=1_member=58_pso,-0.0889115,1.70358,25,0.0130809,0,0.384615,1,-999
2,gen=1_member=31_pso,-0.264097,1.78076,4,0.022356,0,0.923077,1,-999
2,gen=1_member=62_pso,-0.10502,1.64004,33,0.0104214,0,0.179487,1,-999
2,gen=1_member=18_pso,-0.277058,1.77139,5,0.0220981,0,0.897436,1,-999
2,gen=1_member=47_pso,-0.311159,1.43964,37,0.00598348,0,0.0769231,1,-999
2,gen=1_member=33_pso,-0.0986205,1.71103,22,0.0136648,0,0.461538,1,-999
2,gen=1_member=72_pso,-0.225524,1.60956,31,0.0112614,0,0.230769,1,-999
2,gen=1_member=65_pso,-0.358697,1.59769,23,0.013439,0,0.435897,1,-999
2,gen=1_member=71_pso,-0.202293,1.67509,20,0.0140602,0,0.512821,1,-999
2,gen=1_member=42_pso,-0.272034,1.71738,9,0.0182895,0,0.794872,1,-999
2,gen=1_member=52_pso,-0.325689,1.59257,28,0.0124509,0,0.307692,1,-999
2,gen=1_member=29_pso,-0.344129,1.42097,38,0.00579684,0,0.0512821,1,-999
2,gen=1_member=27_pso,-0.657086,1.3443,35,0.00737371,0,0.128205,1,-999
2,gen=1_member=13_pso,-0.245085,1.67834,17,0.0152375,0,0.589744,1,-999
2,gen=1_member=77_pso,-0.32056,1.66429,16,0.0163016,0,0.615385,1,-999
2,gen=1_member=8_pso,-0.113966,1.77283,12,0.0174848,0,0.717949,1,-999
2,gen=1_member=19_pso,-0.351814,1.69718,8,0.0192496,0,0.820513,1,-999
2,gen=1_member=64_pso,-0.389603,1.61249,18,0.0149927,0,0.564103,1,-999
2,gen=1_member=63_pso,-0.334885,1.66534,15,0.0167392,0,0.641026,1,-999
2,gen=1_member=46_pso,-0.208003,1.62581,29,0.0116882,0,0.282051,1,-999
2,gen=1_member=41_pso,-0.295207,1.58129,30,0.0112784,0,0.25641,1,-999
2,gen=1_member=67_pso,-0.447787,1.63833,10,0.0181385,0,0.769231,1,-999
2,gen=1_member=68_pso,-0.994105,1.41744,7,0.0197318,0,0.846154,1,-999
2,gen=1_member=3_pso,-0.0981089,1.69796,26,0.0129908,0,0.358974,1,-999
2,gen=1_member=69_pso,-0.173834,1.62468,32,0.0109828,0,0.205128,1,-999
2,gen=1_member=54_pso,-0.0503011,1.70701,27,0.0124635,0,0.333333,1,-999
2,gen=1_member=45_pso,-0.112751,1.71312,19,0.0140824,0,0.538462,1,-999
2,gen=1_member=59_pso,-0.496428,1.68668,3,0.0231185,0,0.948718,1,-999
2,gen=1_member=6_pso,-0.696972,1.2809,39,0.00566529,0,0.025641,1,-999
2,gen=1_member=60_pso,-0.28647,1.4547,36,0.00615879,0,0.102564,1,-999
2,gen=1_member=36_pso,-0.285743,1.63578,21,0.0138358,0,0.487179,1,-999
2,gen=1_member=5_pso,-0.334313,1.47874,34,0.00762371,0,0.153846,1,-999
3,gen=1_member=50_pso,-0.543252,1.72977,1,0.0284086,0,1,1,-999
3,gen=1_member=11_pso,-1.03482,1.49491,2,0.0280834,0,0.973684,1,-999
3,gen=1_member=53_pso,-0.458278,1.57505,21,0.0145237,0,0.473684,1,-999
3,gen=1_member=56_pso,-0.59356,1.57832,10,0.0184093,0,0.763158,1,-999
3,gen=1_member=2_pso,-0.375282,1.63375,16,0.0158811,0,0.605263,1,-999
3,gen=1_member=44_pso,-0.2357,1.71397,14,0.0170961,0,0.657895,1,-999
3,gen=1_member=58_pso,-0.0897647,1.65891,30,0.01098,0,0.236842,1,-999
3,gen=1_member=31_pso,-0.388738,1.72702,5,0.0225035,0,0.894737,1,-999
3,gen=1_member=62_pso,-0.104758,1.63547,31,0.0102198,0,0.210526,1,-999
3,gen=1_member=18_pso,-0.24982,1.74898,7,0.0197174,0,0.842105,1,-999
3,gen=1_member=47_pso,-0.475481,1.31553,38,0.00422573,0,0.0263158,1,-999
3,gen=1_member=33_pso,-0.116125,1.67575,26,0.0122662,0,0.342105,1,-999
3,gen=1_member=72_pso,-0.216714,1.65957,24,0.0135584,0,0.394737,1,-999
3,gen=1_member=65_pso,-0.837825,1.57142,4,0.0265658,0,0.921053,1,-999
3,gen=1_member=71_pso,-0.202783,1.67105,23,0.0138559,0,0.421053,1,-999
3,gen=1_member=42_pso,-0.278092,1.71071,11,0.0180333,0,0.736842,1,-999
3,gen=1_member=52_pso,-0.340196,1.63742,19,0.0152144,0,0.526316,1,-999
3,gen=1_member=29_pso,-0.383657,1.40599,36,0.00580262,0,0.0789474,1,-999
3,gen=1_member=27_pso,-0.71796,1.2802,35,0.00591413,0,0.105263,1,-999
3,gen=1_member=13_pso,-0.260469,1.67543,17,0.0154451,0,0.578947,1,-999
3,gen=1_member=77_pso,-0.37843,1.6374,15,0.0161819,0,0.631579,1,-999
3,gen=1_member=8_pso,-0.115624,1.77278,12,0.0175253,0,0.710526,1,-999
3,gen=1_member=19_pso,-0.35925,1.69593,8,0.0193844,0,0.815789,1,-999
3,gen=1_member=64_pso,-0.529078,1.54578,20,0.0145787,0,0.5,1,-999
3,gen=1_member=63_pso,-0.360114,1.63208,18,0.0153985,0,0.552632,1,-999
3,gen=1_member=46_pso,-0.217992,1.62875,27,0.0120281,0,0.315789,1,-999
3,gen=1_member=41_pso,-0.283613,1.69947,13,0.0174775,0,0.684211,1,-999
3,gen=1_member=67_pso,-0.167102,1.77018,9,0.0187448,0,0.789474,1,-999
3,gen=1_member=68_pso,-0.928477,1.5381,3,0.0274058,0,0.947368,1,-999
3,gen=1_member=3_pso,-0.101619,1.66062,28,0.0112759,0,0.289474,1,-999
3,gen=1_member=69_pso,-0.199464,1.65635,25,0.0130194,0,0.368421,1,-999
3,gen=1_member=54_pso,-0.059376,1.65043,32,0.0100771,0,0.184211,1,-999
3,gen=1_member=45_pso,-0.112092,1.71003,22,0.0139058,0,0.447368,1,-999
3,gen=1_member=59_pso,-0.468176,1.66695,6,0.0207182,0,0.868421,1,-999
3,gen=1_member=6_pso,-0.686941,1.2565,37,0.00478915,0,0.0526316,1,-999
3,gen=1_member=60_pso,-0.291242,1.47274,34,0.00681217,0,0.131579,1,-999
3,gen=1_member=36_pso,-0.180724,1.62626,29,0.011184,0,0.263158,1,-999
3,gen=1_member=5_pso,-0.322589,1.48163,33,0.00755988,0,0.157895,1,-999
4,gen=1_member=11_pso,-1.1137,1.46517,1,0.0288588,0,1,1,-999
4,gen=1_member=53_pso,-0.450993,1.53643,21,0.0122532,0,0.459459,1,-999
4,gen=1_member=56_pso,-0.496534,1.65513,4,0.0207767,0,0.918919,1,-999
4,gen=1_member=2_pso,-0.408027,1.56675,20,0.0128959,0,0.486486,1,-999
4,gen=1_member=44_pso,-0.265054,1.70532,13,0.0173425,0,0.675676,1,-999
4,gen=1_member=58_pso,-0.0986178,1.58765,29,0.00821254,0,0.243243,1,-999
4,gen=1_member=31_pso,-0.449835,1.69066,3,0.0218424,0,0.945946,1,-999
4,gen=1_member=62_pso,-0.154438,1.60201,28,0.00965254,0,0.27027,1,-999
4,gen=1_member=18_pso,-0.272056,1.72801,6,0.0189765,0,0.864865,1,-999
4,gen=1_member=47_pso,-0.51698,1.30926,36,0.00446808,0,0.0540541,1,-999
4,gen=1_member=33_pso,-0.121905,1.65154,24,0.01124,0,0.378378,1,-999
4,gen=1_member=72_pso,-0.336444,1.69882,7,0.0189107,0,0.837838,1,-999
4,gen=1_member=65_pso,-0.871291,1.56455,2,0.0273606,0,0.972973,1,-999
4,gen=1_member=71_pso,-0.229796,1.66224,17,0.0139919,0,0.567568,1,-999
4,gen=1_member=42_pso,-0.337025,1.67966,11,0.0176883,0,0.72973,1,-999
4,gen=1_member=52_pso,-0.366134,1.56114,23,0.0117196,0,0.405405,1,-999
4,gen=1_member=29_pso,-0.417574,1.39419,34,0.00584112,0,0.108108,1,-999
4,gen=1_member=27_pso,-0.73951,1.27763,33,0.00611491,0,0.135135,1,-999
4,gen=1_member=13_pso,-0.280879,1.66513,16,0.0153533,0,0.594595,1,-999
4,gen=1_member=77_pso,-0.366895,1.67275,9,0.0180779,0,0.783784,1,-999
4,gen=1_member=8_pso,-0.115624,1.77278,12,0.0175253,0,0.702703,1,-999
4,gen=1_member=19_pso,-0.319607,1.7007,8,0.0185512,0,0.810811,1,-999
4,gen=1_member=64_pso,-0.604642,1.52736,15,0.0154202,0,0.621622,1,-999
4,gen=1_member=63_pso,-0.322565,1.36253,37,0.00398613,0,0.027027,1,-999
4,gen=1_member=46_pso,-0.292324,1.70417,10,0.0180104,0,0.756757,1,-999
4,gen=1_member=41_pso,-0.294939,1.57902,25,0.011166,0,0.351351,1,-999
4,gen=1_member=67_pso,-0.157186,1.72924,14,0.0160069,0,0.648649,1,-999
4,gen=1_member=68_pso,-0.592026,1.38032,30,0.00776974,0,0.216216,1,-999
4,gen=1_member=3_pso,-0.0990184,1.6397,27,0.0103018,0,0.297297,1,-999
4,gen=1_member=69_pso,-0.180165,1.67735,18,0.0136877,0,0.540541,1,-999
4,gen=1_member=54_pso,-0.0712578,1.65272,26,0.0103787,0,0.324324,1,-999
4,gen=1_member=45_pso,-0.124618,1.68614,19,0.0129506,0,0.513514,1,-999
4,gen=1_member=59_pso,-0.468176,1.66695,5,0.0207182,0,0.891892,1,-999
4,gen=1_member=6_pso,-0.753997,1.24617,35,0.00525538,0,0.0810811,1,-999
4,gen=1_member=60_pso,-0.332766,1.45159,32,0.00664318,0,0.162162,1,-999
4,gen=1_member=36_pso,-0.195482,1.63377,22,0.0118221,0,0.432432,1,-999
4,gen=1_member=5_pso,-0.35123,1.46624,31,0.00740986,0,0.189189,1,-999
5,gen=1_member=53_pso,-0.62536,1.42852,24,0.0104806,0,0.361111,1,-999
5,gen=1_member=56_pso,-0.585274,1.65069,1,0.0234521,0,1,1,-999
5,gen=1_member=2_pso,-0.481357,1.56313,14,0.0144037,0,0.638889,1,-999
5,gen=1_member=44_pso,-0.303468,1.70554,7,0.0184091,0,0.833333,1,-999
5,gen=1_member=58_pso,-0.117114,1.58667,27,0.00845,0,0.277778,1,-999
5,gen=1_member=31_pso,-0.378151,1.66484,10,0.017885,0,0.75,1,-999
5,gen=1_member=62_pso,-0.17157,1.6694,17,0.0130919,0,0.555556,1,-999
5,gen=1_member=18_pso,-0.338851,1.69169,6,0.0185121,0,0.861111,1,-999
5,gen=1_member=47_pso,-0.770775,1.27639,32,0.00650964,0,0.138889,1,-999
5,gen=1_member=33_pso,-0.138053,1.6074,25,0.00960276,0,0.333333,1,-999
5,gen=1_member=72_pso,-0.350048,1.69562,3,0.0190938,0,0.944444,1,-999
5,gen=1_member=65_pso,-0.427972,1.41957,31,0.00681862,0,0.166667,1,-999
5,gen=1_member=71_pso,-0.26488,1.59676,21,0.0114201,0,0.444444,1,-999
5,gen=1_member=42_pso,-0.379559,1.66932,9,0.018214,0,0.777778,1,-999
5,gen=1_member=52_pso,-0.358859,1.49101,26,0.00846885,0,0.305556,1,-999
5,gen=1_member=29_pso,-0.545471,1.3861,30,0.00728022,0,0.194444,1,-999
5,gen=1_member=27_pso,-0.822555,1.48015,5,0.018651,0,0.888889,1,-999
5,gen=1_member=13_pso,-0.342883,1.5699,20,0.011677,0,0.472222,1,-999
5,gen=1_member=77_pso,-0.339844,1.60949,16,0.013647,0,0.583333,1,-999
5,gen=1_member=8_pso,-0.127679,1.77169,11,0.0177745,0,0.722222,1,-999
5,gen=1_member=19_pso,-0.352448,1.68807,4,0.0186644,0,0.916667,1,-999
5,gen=1_member=64_pso,-0.626754,1.52575,13,0.0159151,0,0.666667,1,-999
5,gen=1_member=63_pso,-0.334028,1.35373,36,0.00387851,0,0.0277778,1,-999
5,gen=1_member=46_pso,-0.305975,1.70183,8,0.0182407,0,0.805556,1,-999
5,gen=1_member=41_pso,-0.379231,1.41431,33,0.00601089,0,0.111111,1,-999
5,gen=1_member=67_pso,-0.385882,1.7056,2,0.020863,0,0.972222,1,-999
5,gen=1_member=68_pso,-0.685457,1.50895,12,0.0164752,0,0.694444,1,-999
5,gen=1_member=3_pso,-0.155446,1.6352,23,0.0111198,0,0.388889,1,-999
5,gen=1_member=69_pso,-0.246619,1.62742,18,0.0125488,0,0.527778,1,-999
5,gen=1_member=54_pso,-0.0724315,1.69004,19,0.012088,0,0.5,1,-999
5,gen=1_member=45_pso,-0.163227,1.69249,15,0.014112,0,0.611111,1,-999
5,gen=1_member=59_pso,-0.391881,1.46825,28,0.00809115,0,0.25,1,-999
5,gen=1_member=6_pso,-0.873715,1.19717,34,0.00516433,0,0.0833333,1,-999
5,gen=1_member=60_pso,-0.35819,1.47021,29,0.00765695,0,0.222222,1,-999
5,gen=1_member=36_pso,-0.231283,1.60793,22,0.0112958,0,0.416667,1,-999
5,gen=1_member=5_pso,-0.283391,1.39731,35,0.00448491,0,0.0555556,1,-999
6,gen=1_member=53_pso,-0.646391,1.42102,18,0.0105382,0,0.514286,1,-999
6,gen=1_member=2_pso,-0.463838,1.50748,17,0.0110732,0,0.542857,1,-999
6,gen=1_member=44_pso,-0.292582,1.63341,9,0.0138632,0,0.771429,1,-999
6,gen=1_member=58_pso,-0.138666,1.66735,13,0.0123106,0,0.657143,1,-999
6,gen=1_member=31_pso,-0.292373,1.52753,23,0.00886779,0,0.371429,1,-999
6,gen=1_member=62_pso,-0.165253,1.61466,19,0.0103797,0,0.485714,1,-999
6,gen=1_member=18_pso,-0.352853,1.61313,7,0.0141457,0,0.828571,1,-999
6,gen=1_member=47_pso,-0.66705,1.32569,27,0.00681902,0,0.257143,1,-999
6,gen=1_member=33_pso,-0.159427,1.47056,31,0.00519525,0,0.142857,1,-999
6,gen=1_member=72_pso,-0.360347,1.66521,3,0.0174156,0,0.942857,1,-999
6,gen=1_member=65_pso,-0.454877,1.39524,28,0.00634398,0,0.228571,1,-999
6,gen=1_member=71_pso,-0.297344,1.5893,15,0.0117049,0,0.6,1,-999
6,gen=1_member=42_pso,-0.374068,1.59722,10,0.0137641,0,0.742857,1,-999
6,gen=1_member=52_pso,-0.444446,1.60001,4,0.0156404,0,0.914286,1,-999
6,gen=1_member=29_pso,-0.511708,1.32034,33,0.00471606,0,0.0857143,1,-999
6,gen=1_member=27_pso,-0.86423,1.48563,1,0.0204553,0,1,1,-999
6,gen=1_member=13_pso,-0.328171,1.59356,12,0.0125542,0,0.685714,1,-999
6,gen=1_member=77_pso,-0.346394,1.53129,22,0.00994865,0,0.4,1,-999
6,gen=1_member=8_pso,-0.13897,1.76768,2,0.0178277,0,0.971429,1,-999
6,gen=1_member=19_pso,-0.40841,1.45064,26,0.00766808,0,0.285714,1,-999
6,gen=1_member=64_pso,-0.593857,1.51499,6,0.0143991,0,0.857143,1,-999
6,gen=1_member=63_pso,-0.34395,1.32603,35,0.00334421,0,0.0285714,1,-999
6,gen=1_member=46_pso,-0.236986,1.43875,32,0.00512458,0,0.114286,1,-999
6,gen=1_member=41_pso,-0.427982,1.31953,34,0.00388913,0,0.0571429,1,-999
6,gen=1_member=67_pso,-0.267933,1.63838,11,0.0135745,0,0.714286,1,-999
6,gen=1_member=68_pso,-0.613405,1.3981,24,0.00886221,0,0.342857,1,-999
6,gen=1_member=3_pso,-0.157639,1.63523,16,0.0111625,0,0.571429,1,-999
6,gen=1_member=69_pso,-0.301134,1.59023,14,0.0118266,0,0.628571,1,-999
6,gen=1_member=54_pso,-0.0900021,1.63887,21,0.0101104,0,0.428571,1,-999
6,gen=1_member=45_pso,-0.192002,1.70287,5,0.0153487,0,0.885714,1,-999
6,gen=1_member=59_pso,-0.413892,1.46422,25,0.00827763,0,0.314286,1,-999
6,gen=1_member=6_pso,-0.905481,1.18587,30,0.00519598,0,0.171429,1,-999
6,gen=1_member=60_pso,-0.394713,1.39853,29,0.00570295,0,0.2,1,-999
6,gen=1_member=36_pso,-0.235269,1.58482,20,0.0103181,0,0.457143,1,-999
6,gen=1_member=5_pso,-0.429112,1.57704,8,0.0139353,0,0.8,1,-999
7,gen=1_member=53_pso,-0.611181,1.41681,19,0.00965497,0,0.470588,1,-999
7,gen=1_member=2_pso,-0.490384,1.56533,8,0.0147541,0,0.794118,1,-999
7,gen=1_member=44_pso,-0.425505,1.70737,1,0.0222705,0,1,1,-999
7,gen=1_member=58_pso,-0.169945,1.6515,14,0.0121687,0,0.617647,1,-999
7,gen=1_member=31_pso,-0.31255,1.55848,17,0.0105495,0,0.529412,1,-999
7,gen=1_member=62_pso,-0.176173,1.58899,21,0.00947525,0,0.411765,1,-999
7,gen=1_member=18_pso,-0.343951,1.66843,4,0.0171719,0,0.911765,1,-999
7,gen=1_member=47_pso,-0.496117,1.18427,34,0.00180767,0,0.0294118,1,-999
7,gen=1_member=33_pso,-0.232606,1.53526,23,0.0082357,0,0.352941,1,-999
7,gen=1_member=72_pso,-0.432614,1.61302,6,0.0161189,0,0.852941,1,-999
7,gen=1_member=65_pso,-0.427589,1.40973,27,0.00647465,0,0.235294,1,-999
7,gen=1_member=71_pso,-0.323431,1.58234,15,0.0118924,0,0.588235,1,-999
7,gen=1_member=42_pso,-0.44593,1.62071,5,0.0169525,0,0.882353,1,-999
7,gen=1_member=52_pso,-0.520188,1.61753,2,0.0188764,0,0.970588,1,-999
7,gen=1_member=29_pso,-0.462107,1.34747,31,0.00495143,0,0.117647,1,-999
7,gen=1_member=13_pso,-0.346606,1.54258,18,0.0104591,0,0.5,1,-999
7,gen=1_member=77_pso,-0.366613,1.57481,12,0.012415,0,0.676471,1,-999
7,gen=1_member=8_pso,-0.156427,1.71279,7,0.0150593,0,0.823529,1,-999
7,gen=1_member=19_pso,-0.381296,1.66798,3,0.0181763,0,0.941176,1,-999
7,gen=1_member=64_pso,-0.585216,1.5167,10,0.014283,0,0.735294,1,-999
7,gen=1_member=63_pso,-0.346877,1.31588,33,0.00315625,0,0.0588235,1,-999
7,gen=1_member=46_pso,-0.268819,1.52852,22,0.00853177,0,0.382353,1,-999
7,gen=1_member=41_pso,-0.432131,1.41785,26,0.00681524,0,0.264706,1,-999
7,gen=1_member=67_pso,-0.301086,1.59818,13,0.0122184,0,0.647059,1,-999
7,gen=1_member=68_pso,-0.605148,1.36607,24,0.00741745,0,0.323529,1,-999
7,gen=1_member=3_pso,-0.177012,1.50574,28,0.00644098,0,0.205882,1,-999
7,gen=1_member=69_pso,-0.282907,1.59762,16,0.0118192,0,0.558824,1,-999
7,gen=1_member=54_pso,-0.0972949,1.4404,32,0.00387445,0,0.0882353,1,-999
7,gen=1_member=45_pso,-0.193831,1.68567,9,0.0144387,0,0.764706,1,-999
7,gen=1_member=59_pso,-0.333377,1.45769,25,0.00685899,0,0.294118,1,-999
7,gen=1_member=6_pso,-0.932285,1.18206,30,0.00541441,0,0.147059,1,-999
7,gen=1_member=60_pso,-0.375845,1.40258,29,0.00560567,0,0.176471,1,-999
7,gen=1_member=36_pso,-0.27094,1.61674,11,0.0125204,0,0.705882,1,-999
7,gen=1_member=5_pso,-0.497669,1.46064,20,0.00954411,0,0.441176,1,-999
8,gen=1_member=53_pso,-0.6836,1.4265,13,0.0115975,0,0.636364,1,-999
8,gen=1_member=2_pso,-0.561202,1.52619,7,0.014238,0,0.818182,1,-999
8,gen=1_member=58_pso,-0.145556,1.5536,22,0.00764574,0,0.363636,1,-999
8,gen=1_member=31_pso,-0.353937,1.48484,21,0.00814934,0,0.393939,1,-999
8,gen=1_member=62_pso,-0.179972,1.58754,18,0.00947816,0,0.484848,1,-999
8,gen=1_member=18_pso,-0.361187,1.67171,1,0.0178514,0,1,1,-999
8,gen=1_member=47_pso,-0.511954,1.10466,33,0.000964262,0,0.030303,1,-999
8,gen=1_member=33_pso,-0.163668,1.41215,30,0.0037862,0,0.121212,1,-999
8,gen=1_member=72_pso,-0.426083,1.61783,3,0.0162408,0,0.939394,1,-999
8,gen=1_member=65_pso,-0.447065,1.53272,11,0.0119794,0,0.69697,1,-999
8,gen=1_member=71_pso,-0.47125,1.53654,10,0.0127019,0,0.727273,1,-999
8,gen=1_member=42_pso,-0.462496,1.602,4,0.0162339,0,0.909091,1,-999
8,gen=1_member=52_pso,-0.517026,1.56048,5,0.0151414,0,0.878788,1,-999
8,gen=1_member=29_pso,-0.426249,1.3952,25,0.00597928,0,0.272727,1,-999
8,gen=1_member=13_pso,-0.347715,1.54256,17,0.010479,0,0.515152,1,-999
8,gen=1_member=77_pso,-0.32031,1.55626,16,0.0105929,0,0.545455,1,-999
8,gen=1_member=8_pso,-0.156849,1.71276,6,0.0150675,0,0.848485,1,-999
8,gen=1_member=19_pso,-0.470071,1.36068,27,0.00542804,0,0.212121,1,-999
8,gen=1_member=64_pso,-0.555882,1.51231,8,0.0133229,0,0.787879,1,-999
8,gen=1_member=63_pso,-0.351639,1.28016,32,0.00251868,0,0.0606061,1,-999
8,gen=1_member=46_pso,-0.287389,1.52026,20,0.00849824,0,0.424242,1,-999
8,gen=1_member=41_pso,-0.462069,1.39038,24,0.00627474,0,0.30303,1,-999
8,gen=1_member=67_pso,-0.230039,1.64487,9,0.0130849,0,0.757576,1,-999
8,gen=1_member=68_pso,-0.607362,1.40517,19,0.00906355,0,0.454545,1,-999
8,gen=1_member=3_pso,-0.185992,1.5145,23,0.00684073,0,0.333333,1,-999
8,gen=1_member=69_pso,-0.351014,1.56527,12,0.0116153,0,0.666667,1,-999
8,gen=1_member=54_pso,-0.110308,1.42271,31,0.00359417,0,0.0909091,1,-999
8,gen=1_member=45_pso,-0.212492,1.61701,14,0.0113597,0,0.606061,1,-999
8,gen=1_member=59_pso,-0.25439,1.43588,28,0.00522824,0,0.181818,1,-999
8,gen=1_member=6_pso,-0.949477,1.14798,29,0.00453851,0,0.151515,1,-999
8,gen=1_member=60_pso,-0.399991,1.40287,26,0.0059014,0,0.242424,1,-999
8,gen=1_member=36_pso,-0.300239,1.57763,15,0.0112035,0,0.575758,1,-999
8,gen=1_member=5_pso,-0.503015,1.5933,2,0.016787,0,0.969697,1,-999
9,gen=1_member=53_pso,-0.60016,1.36198,17,0.00718666,0,0.5,1,-999
9,gen=1_member=2_pso,-0.514326,1.57904,2,0.0162004,0,0.96875,1,-999
9,gen=1_member=58_pso,-0.148468,1.5536,15,0.00768661,0,0.5625,1,-999
9,gen=1_member=31_pso,-0.342947,1.44318,23,0.00649394,0,0.3125,1,-999
9,gen=1_member=62_pso,-0.199105,1.54107,13,0.00795614,0,0.625,1,-999
9,gen=1_member=47_pso,-0.512385,1.1053,32,0.000971231,0,0.03125,1,-999
9,gen=1_member=33_pso,-0.175564,1.50899,22,0.00652738,0,0.34375,1,-999
9,gen=1_member=72_pso,-0.438926,1.53879,5,0.012116,0,0.875,1,-999
9,gen=1_member=65_pso,-0.427115,1.44821,14,0.00785766,0,0.59375,1,-999
9,gen=1_member=71_pso,-0.285086,1.4886,16,0.00727964,0,0.53125,1,-999
9,gen=1_member=42_pso,-0.42702,1.64434,1,0.017938,0,1,1,-999
9,gen=1_member=52_pso,-0.421443,1.43039,18,0.00711172,0,0.46875,1,-999
9,gen=1_member=29_pso,-0.437493,1.4134,21,0.00673288,0,0.375,1,-999
9,gen=1_member=13_pso,-0.32115,1.58669,6,0.012061,0,0.84375,1,-999
9,gen=1_member=77_pso,-0.350082,1.50983,11,0.00909244,0,0.6875,1,-999
9,gen=1_member=8_pso,-0.159336,1.71139,3,0.0150501,0,0.9375,1,-999
9,gen=1_member=19_pso,-0.45526,1.56326,4,0.0137851,0,0.90625,1,-999
9,gen=1_member=64_pso,-0.448511,1.28903,30,0.00336617,0,0.09375,1,-999
9,gen=1_member=63_pso,-0.354631,1.26171,31,0.00223079,0,0.0625,1,-999
9,gen=1_member=46_pso,-0.281983,1.37316,29,0.00388503,0,0.125,1,-999
9,gen=1_member=41_pso,-0.438811,1.36365,26,0.00516253,0,0.21875,1,-999
9,gen=1_member=67_pso,-0.275954,1.39227,28,0.00428865,0,0.15625,1,-999
9,gen=1_member=68_pso,-0.584233,1.36199,19,0.00695318,0,0.4375,1,-999
9,gen=1_member=3_pso,-0.202498,1.56674,12,0.0089983,0,0.65625,1,-999
9,gen=1_member=69_pso,-0.332587,1.56259,8,0.0111213,0,0.78125,1,-999
9,gen=1_member=54_pso,-0.122825,1.62222,10,0.00996633,0,0.71875,1,-999
9,gen=1_member=45_pso,-0.22065,1.61673,7,0.0115044,0,0.8125,1,-999
9,gen=1_member=59_pso,-0.228583,1.49801,20,0.00684266,0,0.40625,1,-999
9,gen=1_member=6_pso,-0.921517,1.19764,25,0.0058069,0,0.25,1,-999
9,gen=1_member=60_pso,-0.397951,1.40547,24,0.00595891,0,0.28125,1,-999
9,gen=1_member=36_pso,-0.300487,1.5541,9,0.0101322,0,0.75,1,-999
9,gen=1_member=5_pso,-0.365302,1.38853,27,0.00507642,0,0.1875,1,-999
0,gen=1_member=0_pso,-1.3094,1.59557,1,0.0571915,0,1,1,-999
0,gen=1_member=115_pso,-0.839512,1.73388,2,0.0433569,0,0.975,1,-999
0,gen=1_member=118_pso,-0.782856,1.74311,3,0.0411861,0,0.95,1,-999
0,gen=1_member=96_pso,-0.831185,1.69772,4,0.0387992,0,0.925,1,-999
0,gen=1_member=50_pso,-0.932306,1.64749,5,0.0387671,0,0.9,1,-999
0,gen=1_member=11_pso,-0.999378,1.61386,6,0.0387261,0,0.875,1,-999
0,gen=1_member=53_pso,-0.809719,1.70048,7,0.0379519,0,0.85,1,-999
0,gen=1_member=56_pso,-0.767804,1.6977,8,0.0355009,0,0.825,1,-999
0,gen=1_member=78_pso,-0.644798,1.74682,9,0.0344671,0,0.8,1,-999
0,gen=1_member=109_pso,-0.610302,1.75672,10,0.0338165,0,0.775,1,-999
0,gen=1_member=116_pso,-0.84624,1.64304,11,0.0337895,0,0.75,1,-999
0,gen=1_member=2_pso,-0.7643,1.68056,12,0.0335874,0,0.725,1,-999
0,gen=1_member=61_pso,-0.780332,1.67028,13,0.0333308,0,0.7,1,-999
0,gen=1_member=104_pso,-0.519654,1.78741,14,0.0326255,0,0.675,1,-999
0,gen=1_member=98_pso,-0.524956,1.77645,15,0.0318366,0,0.65,1,-999
0,gen=1_member=44_pso,-0.58435,1.74528,16,0.0315479,0,0.625,1,-999
0,gen=1_member=58_pso,-0.336879,1.85728,17,0.031157,0,0.6,1,-999
0,gen=1_member=107_pso,-0.584155,1.73249,18,0.0303594,0,0.575,1,-999
0,gen=1_member=31_pso,-0.548223,1.73604,19,0.0291632,0,0.55,1,-999
0,gen=1_member=93_pso,-0.500929,1.75188,20,0.0286194,0,0.525,1,-999
0,gen=1_member=62_pso,-0.333813,1.81868,21,0.0277299,0,0.5,1,-999
0,gen=1_member=18_pso,-0.463084,1.74933,22,0.0269119,0,0.475,1,-999
0,gen=1_member=112_pso,-0.541989,1.71226,23,0.0268551,0,0.45,1,-999
0,gen=1_member=110_pso,-0.795503,1.59216,24,0.0266516,0,0.425,1,-999
0,gen=1_member=108_pso,-0.359651,1.79012,25,0.0263641,0,0.4,1,-999
0,gen=1_member=47_pso,-0.774602,1.59849,26,0.0263511,0,0.375,1,-999
0,gen=1_member=33_pso,-0.302837,1.81321,27,0.0261358,0,0.35,1,-999
0,gen=1_member=82_pso,-0.478953,1.73041,28,0.0259522,0,0.325,1,-999
0,gen=1_member=72_pso,-0.543959,1.69665,29,0.0256309,0,0.3,1,-999
0,gen=1_member=86_pso,-0.551417,1.69251,30,0.0255719,0,0.275,1,-999
0,gen=1_member=65_pso,-0.657795,1.6434,31,0.0255594,0,0.25,1,-999
0,gen=1_member=81_pso,-0.510031,1.70729,32,0.0252303,0,0.225,1,-999
0,gen=1_member=71_pso,-0.480366,1.7172,33,0.0249369,0,0.2,1,-999
0,gen=1_member=42_pso,-0.61016,1.65779,34,0.0249353,0,0.175,1,-999
0,gen=1_member=52_pso,-0.657414,1.63532,35,0.024872,0,0.15,1,-999
0,gen=1_member=29_pso,-0.694726,1.61363,36,0.0244981,0,0.125,1,-999
0,gen=1_member=27_pso,-1.14858,1.39949,37,0.0242039,0,0.1,1,-999
0,gen=1_member=105_pso,-0.591311,1.6567,38,0.0241475,0,0.075,1,-999
0,gen=1_member=92_pso,-0.531458,1.68365,39,0.0241204,0,0.05,1,-999
0,gen=1_member=13_pso,-0.516838,1.68889,40,0.0240093,0,0.025,1,-999
1,gen=1_member=115_pso,-0.991382,1.54603,1,0.0310584,0,1,1,-999
1,gen=1_member=118_pso,-0.453523,1.75347,4,0.0268903,0,0.923077,1,-999
1,gen=1_member=96_pso,-0.376333,1.74478,9,0.0234135,0,0.794872,1,-999
1,gen=1_member=50_pso,-0.444797,1.72213,7,0.0240497,0,0.846154,1,-999
1,gen=1_member=11_pso,-0.58234,1.64974,10,0.0232731,0,0.769231,1,-999
1,gen=1_member=53_pso,-0.339047,1.71074,14,0.0197842,0,0.666667,1,-999
1,gen=1_member=56_pso,-0.360575,1.74668,11,0.0230239,0,0.74359,1,-999
1,gen=1_member=78_pso,-0.523693,1.76259,2,0.0305121,0,0.974359,1,-999
1,gen=1_member=109_pso,-0.186912,1.73514,20,0.0171053,0,0.512821,1,-999
1,gen=1_member=116_pso,-0.279637,1.64899,30,0.0144151,0,0.25641,1,-999
1,gen=1_member=2_pso,-0.337324,1.6466,25,0.0156782,0,0.384615,1,-999
1,gen=1_member=61_pso,-0.289579,1.73562,13,0.0199936,0,0.692308,1,-999
1,gen=1_member=104_pso,-0.298215,1.7883,8,0.0240414,0,0.820513,1,-999
1,gen=1_member=98_pso,-0.454357,1.78344,3,0.0294808,0,0.948718,1,-999
1,gen=1_member=44_pso,-0.211447,1.73181,18,0.0175472,0,0.564103,1,-999
1,gen=1_member=58_pso,-0.0768529,1.77903,22,0.016906,0,0.461538,1,-999
1,gen=1_member=107_pso,-0.2578,1.72904,16,0.0186399,0,0.615385,1,-999
1,gen=1_member=31_pso,-0.434227,1.74478,5,0.0254581,0,0.897436,1,-999
1,gen=1_member=93_pso,-0.237656,1.71175,21,0.0170122,0,0.487179,1,-999
1,gen=1_member=62_pso,-0.144677,1.80829,12,0.0205942,0,0.717949,1,-999
1,gen=1_member=18_pso,-0.231021,1.73699,17,0.0184024,0,0.589744,1,-999
1,gen=1_member=112_pso,-0.246538,1.64298,34,0.0133442,0,0.153846,1,-999
1,gen=1_member=110_pso,-0.395271,1.62655,24,0.0159646,0,0.410256,1,-999
1,gen=1_member=108_pso,-0.0883821,1.7708,23,0.016713,0,0.435897,1,-999
1,gen=1_member=47_pso,-0.276496,1.48177,37,0.00692426,0,0.0769231,1,-999
1,gen=1_member=33_pso,-0.0855102,1.71918,33,0.0138031,0,0.179487,1,-999
1,gen=1_member=82_pso,-0.137116,1.63762,36,0.0108905,0,0.102564,1,-999
1,gen=1_member=72_pso,-0.194439,1.68251,31,0.0142812,0,0.230769,1,-999
1,gen=1_member=86_pso,-0.432296,1.74456,6,0.0253698,0,0.871795,1,-999
1,gen=1_member=65_pso,-0.374462,1.61588,29,0.0148166,0,0.282051,1,-999
1,gen=1_member=81_pso,-0.185691,1.69716,28,0.01488,0,0.307692,1,-999
1,gen=1_member=71_pso,-0.276156,1.66401,27,0.0151742,0,0.333333,1,-999
1,gen=1_member=42_pso,-0.240611,1.66141,32,0.0141926,0,0.205128,1,-999
1,gen=1_member=52_pso,-0.287887,1.59306,35,0.0116976,0,0.128205,1,-999
1,gen=1_member=29_pso,-0.373259,1.42318,39,0.00622219,0,0.025641,1,-999
1,gen=1_member=27_pso,-0.58936,1.35036,38,0.00660625,0,0.0512821,1,-999
1,gen=1_member=105_pso,-0.305915,1.69082,19,0.0175406,0,0.538462,1,-999
1,gen=1_member=92_pso,-0.218977,1.75546,15,0.019254,0,0.641026,1,-999
1,gen=1_member=13_pso,-0.243875,1.68437,26,0.0155525,0,0.358974,1,-999
2,gen=1_member=118_pso,-0.712801,1.66136,2,0.0293925,0,0.973684,1,-999
2,gen=1_member=96_pso,-0.416442,1.74083,10,0.0245045,0,0.763158,1,-999
2,gen=1_member=50_pso,-0.586147,1.72597,1,0.0298519,0,1,1,-999
2,gen=1_member=11_pso,-0.710074,1.64222,3,0.02755,0,0.947368,1,-999
2,gen=1_member=53_pso,-0.379221,1.7001,17,0.0202713,0,0.578947,1,-999
2,gen=1_member=56_pso,-0.418125,1.7312,12,0.0238175,0,0.710526,1,-999
2,gen=1_member=78_pso,-0.620453,1.67452,4,0.026733,0,0.921053,1,-999
2,gen=1_member=109_pso,-0.257004,1.61512,34,0.0121514,0,0.131579,1,-999
2,gen=1_member=116_pso,-0.501715,1.617,20,0.0182915,0,0.5,1,-999
2,gen=1_member=2_pso,-0.452727,1.68816,13,0.021754,0,0.684211,1,-999
2,gen=1_member=61_pso,-0.341343,1.73076,14,0.0212419,0,0.657895,1,-999
2,gen=1_member=104_pso,-0.424981,1.75466,6,0.0259141,0,0.868421,1,-999
2,gen=1_member=98_pso,-0.359332,1.78935,5,0.0262905,0,0.894737,1,-999
2,gen=1_member=44_pso,-0.252499,1.71283,23,0.0174713,0,0.421053,1,-999
2,gen=1_member=58_pso,-0.109729,1.69919,33,0.0132959,0,0.157895,1,-999
2,gen=1_member=107_pso,-0.333106,1.6832,22,0.0178048,0,0.447368,1,-999
2,gen=1_member=31_pso,-0.559415,1.68811,7,0.0255121,0,0.842105,1,-999
2,gen=1_member=93_pso,-0.461365,1.72519,9,0.0248826,0,0.789474,1,-999
2,gen=1_member=62_pso,-0.257514,1.80822,11,0.0241608,0,0.736842,1,-999
2,gen=1_member=18_pso,-0.285878,1.74803,16,0.0207296,0,0.605263,1,-999
2,gen=1_member=112_pso,-0.29684,1.64423,29,0.0145548,0,0.263158,1,-999
2,gen=1_member=110_pso,-0.4668,1.56837,30,0.0143486,0,0.236842,1,-999
2,gen=1_member=108_pso,-0.145008,1.7678,21,0.0179956,0,0.473684,1,-999
2,gen=1_member=47_pso,-0.341881,1.48763,36,0.00807203,0,0.0789474,1,-999
2,gen=1_member=33_pso,-0.11404,1.81109,18,0.0198906,0,0.552632,1,-999
2,gen=1_member=82_pso,-0.232139,1.69613,26,0.0159429,0,0.342105,1,-999
2,gen=1_member=72_pso,-0.254427,1.65737,31,0.0142903,0,0.210526,1,-999
2,gen=1_member=86_pso,-0.233575,1.68512,28,0.0153445,0,0.289474,1,-999
2,gen=1_member=65_pso,-0.496491,1.65627,15,0.0208576,0,0.631579,1,-999
2,gen=1_member=81_pso,-0.230374,1.50197,38,0.00700053,0,0.0263158,1,-999
2,gen=1_member=71_pso,-0.236762,1.65836,32,0.0139411,0,0.184211,1,-999
2,gen=1_member=42_pso,-0.299544,1.80476,8,0.0253521,0,0.815789,1,-999
2,gen=1_member=52_pso,-0.377097,1.6372,25,0.016135,0,0.368421,1,-999
2,gen=1_member=29_pso,-0.392006,1.46269,37,0.0078785,0,0.0526316,1,-999
2,gen=1_member=27_pso,-0.678166,1.38456,35,0.00943268,0,0.105263,1,-999
2,gen=1_member=105_pso,-0.38641,1.68917,19,0.0197378,0,0.526316,1,-999
2,gen=1_member=92_pso,-0.209595,1.69878,27,0.0155409,0,0.315789,1,-999
2,gen=1_member=13_pso,-0.317449,1.67525,24,0.0168853,0,0.394737,1,-999
3,gen=1_member=118_pso,-0.524844,1.42564,35,0.00851511,0,0.0810811,1,-999
3,gen=1_member=96_pso,-0.489578,1.70265,5,0.0241164,0,0.891892,1,-999
3,gen=1_member=11_pso,-1.07723,1.53062,1,0.0337823,0,1,1,-999
3,gen=1_member=53_pso,-0.395101,1.70391,7,0.0210335,0,0.837838,1,-999
3,gen=1_member=56_pso,-0.425173,1.78241,3,0.028223,0,0.945946,1,-999
3,gen=1_member=78_pso,-0.515052,1.57118,23,0.0157356,0,0.405405,1,-999
3,gen=1_member=109_pso,-0.318616,1.6511,26,0.0154731,0,0.324324,1,-999
3,gen=1_member=116_pso,-0.576911,1.58051,15,0.0180609,0,0.621622,1,-999
3,gen=1_member=2_pso,-0.40873,1.53645,32,0.0113741,0,0.162162,1,-999
3,gen=1_member=61_pso,-0.434387,1.70003,6,0.0220225,0,0.864865,1,-999
3,gen=1_member=104_pso,-0.491305,1.7605,2,0.0289794,0,0.972973,1,-999
3,gen=1_member=98_pso,-0.381934,1.77384,4,0.0258741,0,0.918919,1,-999
3,gen=1_member=44_pso,-0.270311,1.70752,19,0.0176204,0,0.513514,1,-999
3,gen=1_member=58_pso,-0.109731,1.73068,27,0.0149571,0,0.297297,1,-999
3,gen=1_member=107_pso,-0.343873,1.68178,16,0.0180132,0,0.594595,1,-999
3,gen=1_member=31_pso,-0.322741,1.72702,9,0.0204048,0,0.783784,1,-999
3,gen=1_member=93_pso,-0.343021,1.70485,11,0.0195047,0,0.72973,1,-999
3,gen=1_member=62_pso,-0.138782,1.64963,31,0.0114704,0,0.189189,1,-999
3,gen=1_member=18_pso,-0.298371,1.73891,8,0.0204819,0,0.810811,1,-999
3,gen=1_member=112_pso,-0.316461,1.61499,28,0.0134147,0,0.27027,1,-999
3,gen=1_member=110_pso,-0.626275,1.55391,17,0.0177325,0,0.567568,1,-999
3,gen=1_member=108_pso,-0.140342,1.76463,18,0.0176772,0,0.540541,1,-999
3,gen=1_member=47_pso,-0.473367,1.42615,37,0.00771568,0,0.027027,1,-999
3,gen=1_member=33_pso,-0.110511,1.79416,14,0.0187069,0,0.648649,1,-999
3,gen=1_member=82_pso,-0.273444,1.73646,10,0.019574,0,0.756757,1,-999
3,gen=1_member=72_pso,-0.300562,1.72033,13,0.0192928,0,0.675676,1,-999
3,gen=1_member=86_pso,-0.248446,1.68376,24,0.0156296,0,0.378378,1,-999
3,gen=1_member=65_pso,-0.368659,1.63168,25,0.0155895,0,0.351351,1,-999
3,gen=1_member=81_pso,-0.302497,1.53988,33,0.00955006,0,0.135135,1,-999
3,gen=1_member=71_pso,-0.261083,1.6002,30,0.0115095,0,0.216216,1,-999
3,gen=1_member=42_pso,-0.319483,1.7132,12,0.0193711,0,0.702703,1,-999
3,gen=1_member=52_pso,-0.368488,1.59188,29,0.013349,0,0.243243,1,-999
3,gen=1_member=29_pso,-0.400888,1.46164,36,0.00797391,0,0.0540541,1,-999
3,gen=1_member=27_pso,-0.68547,1.38388,34,0.00953885,0,0.108108,1,-999
3,gen=1_member=105_pso,-0.391418,1.64772,20,0.0171632,0,0.486486,1,-999
3,gen=1_member=92_pso,-0.309073,1.67181,21,0.0164564,0,0.459459,1,-999
3,gen=1_member=13_pso,-0.321795,1.66531,22,0.0163949,0,0.432432,1,-999
4,gen=1_member=118_pso,-0.517714,1.41559,33,0.00799227,0,0.111111,1,-999
4,gen=1_member=96_pso,-0.68018,1.6818,2,0.029858,0,0.972222,1,-999
4,gen=1_member=53_pso,-0.451958,1.64895,12,0.0189682,0,0.694444,1,-999
4,gen=1_member=56_pso,-0.463594,1.7767,3,0.029268,0,0.944444,1,-999
4,gen=1_member=78_pso,-0.456037,1.64522,13,0.0188376,0,0.666667,1,-999
4,gen=1_member=109_pso,-0.384269,1.46552,34,0.00786955,0,0.0833333,1,-999
4,gen=1_member=116_pso,-0.618998,1.59953,8,0.0207156,0,0.805556,1,-999
4,gen=1_member=2_pso,-0.467386,1.68593,5,0.0220748,0,0.888889,1,-999
4,gen=1_member=61_pso,-0.572977,1.65576,4,0.0234114,0,0.916667,1,-999
4,gen=1_member=104_pso,-0.526267,1.75751,1,0.0301628,0,1,1,-999
4,gen=1_member=98_pso,-0.276621,1.64752,22,0.0142641,0,0.416667,1,-999
4,gen=1_member=44_pso,-0.312048,1.70658,14,0.0187191,0,0.638889,1,-999
4,gen=1_member=58_pso,-0.163632,1.66613,26,0.0127605,0,0.305556,1,-999
4,gen=1_member=107_pso,-0.395498,1.59972,20,0.0144066,0,0.472222,1,-999
4,gen=1_member=31_pso,-0.347361,1.71932,9,0.0206263,0,0.777778,1,-999
4,gen=1_member=93_pso,-0.428263,1.53062,29,0.0114844,0,0.222222,1,-999
4,gen=1_member=62_pso,-0.144716,1.64989,28,0.0115961,0,0.25,1,-999
4,gen=1_member=18_pso,-0.323837,1.74184,7,0.0214757,0,0.833333,1,-999
4,gen=1_member=112_pso,-0.345525,1.5951,25,0.0130088,0,0.333333,1,-999
4,gen=1_member=110_pso,-0.703071,1.51719,17,0.0175355,0,0.555556,1,-999
4,gen=1_member=108_pso,-0.247646,1.6606,21,0.0143101,0,0.444444,1,-999
4,gen=1_member=47_pso,-0.761122,1.32876,32,0.0084507,0,0.138889,1,-999
4,gen=1_member=33_pso,-0.156183,1.64795,27,0.0117268,0,0.277778,1,-999
4,gen=1_member=82_pso,-0.28187,1.65415,19,0.0147544,0,0.5,1,-999
4,gen=1_member=72_pso,-0.319634,1.69968,15,0.018486,0,0.611111,1,-999
4,gen=1_member=86_pso,-0.280235,1.68581,18,0.0165524,0,0.527778,1,-999
4,gen=1_member=65_pso,-0.38115,1.4032,36,0.00568671,0,0.0277778,1,-999
4,gen=1_member=81_pso,-0.288,1.54136,31,0.00936526,0,0.166667,1,-999
4,gen=1_member=71_pso,-0.263448,1.64892,23,0.0140376,0,0.388889,1,-999
4,gen=1_member=42_pso,-0.528045,1.65625,6,0.0218942,0,0.861111,1,-999
4,gen=1_member=52_pso,-0.332766,1.46815,35,0.00721721,0,0.0555556,1,-999
4,gen=1_member=29_pso,-0.472345,1.51112,30,0.0114239,0,0.194444,1,-999
4,gen=1_member=27_pso,-0.840829,1.48559,11,0.0196518,0,0.722222,1,-999
4,gen=1_member=105_pso,-0.440585,1.64342,16,0.0182659,0,0.583333,1,-999
4,gen=1_member=92_pso,-0.366718,1.7099,10,0.0205675,0,0.75,1,-999
4,gen=1_member=13_pso,-0.30363,1.61427,24,0.0130937,0,0.361111,1,-999
5,gen=1_member=118_pso,-0.538824,1.38379,32,0.0070967,0,0.114286,1,-999
5,gen=1_member=96_pso,-0.595341,1.51877,17,0.01466,0,0.542857,1,-999
5,gen=1_member=53_pso,-0.630252,1.61926,5,0.022592,0,0.885714,1,-999
5,gen=1_member=56_pso,-0.599324,1.64401,4,0.0234293,0,0.914286,1,-999
5,gen=1_member=78_pso,-0.488187,1.62056,10,0.0181335,0,0.742857,1,-999
5,gen=1_member=109_pso,-0.438703,1.43482,30,0.00752356,0,0.171429,1,-999
5,gen=1_member=116_pso,-0.703002,1.58043,6,0.0221387,0,0.857143,1,-999
5,gen=1_member=2_pso,-0.515389,1.53354,20,0.0135492,0,0.457143,1,-999
5,gen=1_member=61_pso,-0.58018,1.4904,22,0.0126851,0,0.4,1,-999
5,gen=1_member=98_pso,-0.301581,1.64164,19,0.0145227,0,0.485714,1,-999
5,gen=1_member=44_pso,-0.317539,1.4678,33,0.00699509,0,0.0857143,1,-999
5,gen=1_member=58_pso,-0.157939,1.61743,26,0.0103713,0,0.285714,1,-999
5,gen=1_member=107_pso,-0.409811,1.62883,16,0.0164842,0,0.571429,1,-999
5,gen=1_member=31_pso,-0.378083,1.70452,8,0.0205434,0,0.8,1,-999
5,gen=1_member=93_pso,-0.439974,1.50703,25,0.0105838,0,0.314286,1,-999
5,gen=1_member=62_pso,-0.166258,1.65018,23,0.0120308,0,0.371429,1,-999
5,gen=1_member=18_pso,-0.371168,1.66561,11,0.0177392,0,0.714286,1,-999
5,gen=1_member=112_pso,-0.339311,1.59675,21,0.0129589,0,0.428571,1,-999
5,gen=1_member=110_pso,-0.451335,1.37393,35,0.00561386,0,0.0285714,1,-999
5,gen=1_member=108_pso,-0.227904,1.71452,15,0.0169256,0,0.6,1,-999
5,gen=1_member=47_pso,-0.827326,1.27244,31,0.00721555,0,0.142857,1,-999
5,gen=1_member=33_pso,-0.160345,1.74791,13,0.0171859,0,0.657143,1,-999
5,gen=1_member=82_pso,-0.255967,1.51953,29,0.00799061,0,0.2,1,-999
5,gen=1_member=72_pso,-0.356364,1.666,12,0.0173563,0,0.685714,1,-999
5,gen=1_member=86_pso,-0.322336,1.63486,18,0.0146357,0,0.514286,1,-999
5,gen=1_member=65_pso,-0.40827,1.41497,34,0.00639876,0,0.0571429,1,-999
5,gen=1_member=81_pso,-0.298182,1.55349,28,0.0100637,0,0.228571,1,-999
5,gen=1_member=71_pso,-0.390663,1.71026,7,0.0213457,0,0.828571,1,-999
5,gen=1_member=42_pso,-0.58582,1.67572,2,0.0254907,0,0.971429,1,-999
5,gen=1_member=52_pso,-0.457569,1.48933,27,0.0100991,0,0.257143,1,-999
5,gen=1_member=29_pso,-0.526938,1.68664,3,0.0241943,0,0.942857,1,-999
5,gen=1_member=27_pso,-0.875148,1.64933,1,0.0359051,0,1,1,-999
5,gen=1_member=105_pso,-0.406445,1.63881,14,0.0170135,0,0.628571,1,-999
5,gen=1_member=92_pso,-0.34528,1.69826,9,0.0191302,0,0.771429,1,-999
5,gen=1_member=13_pso,-0.359121,1.56943,24,0.0119862,0,0.342857,1,-999
6,gen=1_member=118_pso,-0.57947,1.32987,31,0.00578036,0,0.117647,1,-999
6,gen=1_member=96_pso,-0.689985,1.60353,4,0.0234982,0,0.911765,1,-999
6,gen=1_member=53_pso,-0.601786,1.50929,19,0.014264,0,0.470588,1,-999
6,gen=1_member=56_pso,-0.525129,1.68735,2,0.0241854,0,0.970588,1,-999
6,gen=1_member=78_pso,-0.501308,1.60863,11,0.0177266,0,0.705882,1,-999
6,gen=1_member=109_pso,-0.508486,1.38845,30,0.00683316,0,0.147059,1,-999
6,gen=1_member=116_pso,-0.751324,1.50572,10,0.0182148,0,0.735294,1,-999
6,gen=1_member=2_pso,-0.481752,1.5815,14,0.0154923,0,0.617647,1,-999
6,gen=1_member=61_pso,-0.838355,1.34281,24,0.0106149,0,0.323529,1,-999
6,gen=1_member=98_pso,-0.318261,1.64261,16,0.0149763,0,0.558824,1,-999
6,gen=1_member=44_pso,-0.41366,1.55899,20,0.0126131,0,0.441176,1,-999
6,gen=1_member=58_pso,-0.159507,1.69946,18,0.0144018,0,0.5,1,-999
6,gen=1_member=107_pso,-0.408448,1.55488,21,0.0122885,0,0.411765,1,-999
6,gen=1_member=31_pso,-0.50408,1.62938,7,0.019201,0,0.823529,1,-999
6,gen=1_member=93_pso,-0.43668,1.31528,33,0.00386436,0,0.0588235,1,-999
6,gen=1_member=62_pso,-0.176044,1.64955,22,0.0121961,0,0.382353,1,-999
6,gen=1_member=18_pso,-0.343078,1.69484,8,0.0188398,0,0.794118,1,-999
6,gen=1_member=112_pso,-0.367117,1.56489,23,0.0119254,0,0.352941,1,-999
6,gen=1_member=110_pso,-0.476876,1.32698,32,0.00453934,0,0.0882353,1,-999
6,gen=1_member=108_pso,-0.303817,1.63979,17,0.0144723,0,0.529412,1,-999
6,gen=1_member=47_pso,-0.512778,1.12061,34,0.00111643,0,0.0294118,1,-999
6,gen=1_member=33_pso,-0.166225,1.80989,6,0.021348,0,0.852941,1,-999
6,gen=1_member=82_pso,-0.364958,1.47241,27,0.00784058,0,0.235294,1,-999
6,gen=1_member=72_pso,-0.343301,1.67175,12,0.0173619,0,0.676471,1,-999
6,gen=1_member=86_pso,-0.289342,1.65893,15,0.0152046,0,0.588235,1,-999
6,gen=1_member=65_pso,-0.469506,1.42278,29,0.00752918,0,0.176471,1,-999
6,gen=1_member=81_pso,-0.346628,1.47718,28,0.00774686,0,0.205882,1,-999
6,gen=1_member=71_pso,-0.374788,1.63164,13,0.0157429,0,0.647059,1,-999
6,gen=1_member=42_pso,-0.528074,1.68508,3,0.0241116,0,0.941176,1,-999
6,gen=1_member=52_pso,-0.42632,1.48259,26,0.00924036,0,0.264706,1,-999
6,gen=1_member=29_pso,-0.50256,1.67708,5,0.0225978,0,0.882353,1,-999
6,gen=1_member=105_pso,-0.452621,1.64239,9,0.0185469,0,0.764706,1,-999
6,gen=1_member=92_pso,-0.430504,1.73372,1,0.0244481,0,1,1,-999
6,gen=1_member=13_pso,-0.311513,1.55477,25,0.0103623,0,0.294118,1,-999
7,gen=1_member=118_pso,-0.575701,1.24595,30,0.00344171,0,0.121212,1,-999
7,gen=1_member=96_pso,-0.721975,1.42591,16,0.0124325,0,0.545455,1,-999
7,gen=1_member=53_pso,-0.657978,1.39583,22,0.00957096,0,0.363636,1,-999
7,gen=1_member=56_pso,-0.524688,1.72241,1,0.0270377,0,1,1,-999
7,gen=1_member=78_pso,-0.505555,1.60506,5,0.0176143,0,0.878788,1,-999
7,gen=1_member=109_pso,-0.459961,1.37188,26,0.00565293,0,0.242424,1,-999
7,gen=1_member=116_pso,-0.745151,1.48123,7,0.0163694,0,0.818182,1,-999
7,gen=1_member=2_pso,-0.530419,1.58682,6,0.0171354,0,0.848485,1,-999
7,gen=1_member=61_pso,-0.543836,1.2566,31,0.00341881,0,0.0909091,1,-999
7,gen=1_member=98_pso,-0.295636,1.6213,13,0.0132862,0,0.636364,1,-999
7,gen=1_member=44_pso,-0.415868,1.54301,18,0.011844,0,0.484848,1,-999
7,gen=1_member=58_pso,-0.193386,1.62029,20,0.0111481,0,0.424242,1,-999
7,gen=1_member=107_pso,-0.421833,1.5628,14,0.0129941,0,0.606061,1,-999
7,gen=1_member=31_pso,-0.73797,1.51252,4,0.0182768,0,0.909091,1,-999
7,gen=1_member=93_pso,-0.442401,1.28891,32,0.00331573,0,0.0606061,1,-999
7,gen=1_member=62_pso,-0.183252,1.59648,21,0.00990944,0,0.393939,1,-999
7,gen=1_member=18_pso,-0.349323,1.6451,8,0.0158935,0,0.787879,1,-999
7,gen=1_member=112_pso,-0.346434,1.36355,28,0.00422541,0,0.181818,1,-999
7,gen=1_member=110_pso,-0.490168,1.32047,27,0.00449872,0,0.212121,1,-999
7,gen=1_member=108_pso,-0.301281,1.59967,17,0.0122969,0,0.515152,1,-999
7,gen=1_member=47_pso,-0.513328,1.10752,33,0.000993947,0,0.030303,1,-999
7,gen=1_member=33_pso,-0.127821,1.68136,15,0.0127784,0,0.575758,1,-999
7,gen=1_member=82_pso,-0.388155,1.34336,29,0.00410932,0,0.151515,1,-999
7,gen=1_member=72_pso,-0.415213,1.61452,9,0.015757,0,0.757576,1,-999
7,gen=1_member=86_pso,-0.291004,1.6438,12,0.0143941,0,0.666667,1,-999
7,gen=1_member=65_pso,-0.451641,1.43169,25,0.00759857,0,0.272727,1,-999
7,gen=1_member=81_pso,-0.306647,1.51505,23,0.00859597,0,0.333333,1,-999
7,gen=1_member=71_pso,-0.387047,1.61639,11,0.0151552,0,0.69697,1,-999
7,gen=1_member=42_pso,-0.585623,1.68933,2,0.0266217,0,0.969697,1,-999
7,gen=1_member=52_pso,-0.520842,1.4258,24,0.00845513,0,0.30303,1,-999
7,gen=1_member=29_pso,-0.552574,1.69963,3,0.0262054,0,0.939394,1,-999
7,gen=1_member=105_pso,-0.388617,1.61753,10,0.0152607,0,0.727273,1,-999
7,gen=1_member=13_pso,-0.380899,1.55357,19,0.011648,0,0.454545,1,-999
8,gen=1_member=118_pso,-0.598058,1.28437,26,0.00462269,0,0.21875,1,-999
8,gen=1_member=96_pso,-0.616927,1.48207,10,0.0130795,0,0.71875,1,-999
8,gen=1_member=53_pso,-0.66735,1.37611,18,0.008857,0,0.46875,1,-999
8,gen=1_member=78_pso,-0.542091,1.28752,28,0.00414464,0,0.15625,1,-999
8,gen=1_member=109_pso,-0.50484,1.33953,25,0.00519222,0,0.25,1,-999
8,gen=1_member=116_pso,-0.626772,1.35952,21,0.00749672,0,0.375,1,-999
8,gen=1_member=2_pso,-0.575678,1.52676,7,0.0146334,0,0.8125,1,-999
8,gen=1_member=61_pso,-0.546238,1.24732,31,0.003234,0,0.0625,1,-999
8,gen=1_member=98_pso,-0.37171,1.51536,16,0.00970084,0,0.53125,1,-999
8,gen=1_member=44_pso,-0.34858,1.55111,14,0.0108905,0,0.59375,1,-999
8,gen=1_member=58_pso,-0.170015,1.63872,12,0.0115598,0,0.65625,1,-999
8,gen=1_member=107_pso,-0.441439,1.60434,5,0.0158233,0,0.875,1,-999
8,gen=1_member=31_pso,-0.324256,1.4638,22,0.00694722,0,0.34375,1,-999
8,gen=1_member=93_pso,-0.455135,1.30437,29,0.00376731,0,0.125,1,-999
8,gen=1_member=62_pso,-0.213504,1.56719,17,0.00919528,0,0.5,1,-999
8,gen=1_member=18_pso,-0.363084,1.64156,4,0.0160346,0,0.90625,1,-999
8,gen=1_member=112_pso,-0.306173,1.5843,11,0.0116394,0,0.6875,1,-999
8,gen=1_member=110_pso,-0.483694,1.37744,24,0.00612397,0,0.28125,1,-999
8,gen=1_member=108_pso,-0.324738,1.63945,6,0.0149531,0,0.84375,1,-999
8,gen=1_member=47_pso,-0.516443,1.10688,32,0.000997454,0,0.03125,1,-999
8,gen=1_member=33_pso,-0.196148,1.49846,23,0.00644423,0,0.3125,1,-999
8,gen=1_member=82_pso,-0.38433,1.35011,27,0.00424172,0,0.1875,1,-999
8,gen=1_member=72_pso,-0.413489,1.57278,9,0.0133402,0,0.75,1,-999
8,gen=1_member=86_pso,-0.375423,1.69833,3,0.0200328,0,0.9375,1,-999
8,gen=1_member=65_pso,-0.465765,1.4432,20,0.0082657,0,0.40625,1,-999
8,gen=1_member=81_pso,-0.382655,1.32004,30,0.00351878,0,0.09375,1,-999
8,gen=1_member=71_pso,-0.385691,1.58785,8,0.0135214,0,0.78125,1,-999
8,gen=1_member=42_pso,-0.415496,1.71458,2,0.0224713,0,0.96875,1,-999
8,gen=1_member=52_pso,-0.442519,1.46099,19,0.00860903,0,0.4375,1,-999
8,gen=1_member=29_pso,-0.593945,1.64095,1,0.0229983,0,1,1,-999
8,gen=1_member=105_pso,-0.353872,1.52717,15,0.00990105,0,0.5625,1,-999
8,gen=1_member=13_pso,-0.386883,1.54831,13,0.0115117,0,0.625,1,-999
9,gen=1_member=118_pso,-0.600276,1.19817,30,0.00263489,0,0.0645161,1,-999
9,gen=1_member=96_pso,-0.602004,1.53298,4,0.0156966,0,0.903226,1,-999
9,gen=1_member=53_pso,-0.685047,1.36882,17,0.00885269,0,0.483871,1,-999
9,gen=1_member=78_pso,-0.457563,1.43458,20,0.00779836,0,0.387097,1,-999
9,gen=1_member=109_pso,-0.516968,1.32659,24,0.00494906,0,0.258065,1,-999
9,gen=1_member=116_pso,-0.643818,1.36717,19,0.00807497,0,0.419355,1,-999
9,gen=1_member=2_pso,-0.551071,1.517,7,0.0134702,0,0.806452,1,-999
9,gen=1_member=61_pso,-0.561632,1.23374,28,0.00306475,0,0.129032,1,-999
9,gen=1_member=98_pso,-0.324553,1.6212,6,0.0139324,0,0.83871,1,-999
9,gen=1_member=44_pso,-0.360451,1.55029,14,0.0110817,0,0.580645,1,-999
9,gen=1_member=58_pso,-0.179108,1.68311,5,0.0139685,0,0.870968,1,-999
9,gen=1_member=107_pso,-0.467568,1.52175,12,0.0118564,0,0.645161,1,-999
9,gen=1_member=31_pso,-0.379475,1.38001,23,0.00498755,0,0.290323,1,-999
9,gen=1_member=93_pso,-0.451267,1.26534,29,0.00289902,0,0.0967742,1,-999
9,gen=1_member=62_pso,-0.239859,1.55796,16,0.0092505,0,0.516129,1,-999
9,gen=1_member=18_pso,-0.372418,1.64091,3,0.0162373,0,0.935484,1,-999
9,gen=1_member=112_pso,-0.329342,1.56872,13,0.0113496,0,0.612903,1,-999
9,gen=1_member=110_pso,-0.546468,1.26887,25,0.00372435,0,0.225806,1,-999
9,gen=1_member=108_pso,-0.296456,1.59819,11,0.0121229,0,0.677419,1,-999
9,gen=1_member=47_pso,-0.52562,1.09792,31,0.000944227,0,0.0322581,1,-999
9,gen=1_member=33_pso,-0.196166,1.49119,22,0.00621369,0,0.322581,1,-999
9,gen=1_member=82_pso,-0.378769,1.32985,26,0.00370686,0,0.193548,1,-999
9,gen=1_member=72_pso,-0.42543,1.54474,10,0.0121324,0,0.709677,1,-999
9,gen=1_member=86_pso,-0.388356,1.69751,2,0.0203724,0,0.967742,1,-999
9,gen=1_member=65_pso,-0.485687,1.40944,21,0.00726995,0,0.354839,1,-999
9,gen=1_member=81_pso,-0.388697,1.3223,27,0.00361834,0,0.16129,1,-999
9,gen=1_member=71_pso,-0.389244,1.57474,9,0.0129021,0,0.741935,1,-999
9,gen=1_member=42_pso,-0.422051,1.70014,1,0.0216266,0,1,1,-999
9,gen=1_member=52_pso,-0.449143,1.45894,18,0.00863424,0,0.451613,1,-999
9,gen=1_member=105_pso,-0.356283,1.55148,15,0.0110567,0,0.548387,1,-999
9,gen=1_member=13_pso,-0.355684,1.59302,8,0.0131235,0,0.774194,1,-999
