real_name,x1,x2,x3,x4,x5,x6,x7,x8,x9,x10,x11,x12,x13,x14,x15,x16,x17,x18,x19,x20,x21,x22,x23,x24,x25,x26,x27,x28,x29,x30,x31,x32,x33,x34,x35,x36,x37,x38,x39,x40,x41,x42,x43,x44,x45,x46,x47,x48,x49,x50
gen=0_member=0,0.658375,1.89309,-0.60969,-1.2417,-3.15483,-0.273691,0.850248,1.27509,-1.50114,-3.31393,3.44748,-2.10759,-0.793036,-4.60431,3.20108,-3.60854,2.9158,-3.58426,4.8567,4.14952,-2.59826,-1.20341,1.32136,3.15001,-4.88736,-3.84168,-3.88465,-4.13861,4.70643,-0.290748,1.45035,0.728264,0.932853,-4.10274,-0.505464,-0.428361,4.3399,0.280256,-2.5977,3.8816,4.9352,-4.78023,3.14688,-4.6663,-1.8593,0.946887,-1.73521,2.70643,-1.66132,-4.5579
gen=0_member=1,-1.71455,4.87331,0.153684,3.52745,-3.02735,4.60816,1.6028,-1.76182,0.0859514,-0.472498,-3.44491,2.83047,-4.19294,-0.313477,-1.22132,0.681352,-2.24287,4.31899,-3.57969,1.38968,-4.67792,4.39349,4.3903,1.83771,-3.16532,0.0392428,4.49556,-4.96537,4.37337,0.278679,-2.89635,-0.0393677,4.4877,4.8798,-4.00955,-3.22213,-1.1977,2.35793,-2.66157,-2.87504,2.18405,4.60322,-0.534466,4.35927,-3.75122,-3.53355,0.40918,-2.74681,-1.14433,-2.31985
gen=0_member=2,4.55875,-1.35843,4.12308,-2.26648,-1.70863,1.46485,4.34394,2.46493,3.77465,4.24274,-4.21403,0.888963,2.77178,-4.97454,-3.53823,-1.20766,-0.133884,-2.15687,1.65053,2.87939,-1.73346,2.47094,-1.42198,-4.31841,-4.46405,-4.62503,-2.12808,-0.959592,-0.283716,-4.75903,0.126144,0.0893634,2.20123,1.88358,1.54215,-2.53609,-4.99941,-2.66329,-3.05952,2.06436,3.42174,1.41083,0.681373,3.96565,-4.8176,-3.64409,-3.61461,1.07118,-2.00305,3.12906
gen=0_member=3,-3.82173,0.302191,-1.9614,-4.11585,-1.97424,1.95175,-3.63199,-0.595503,-3.10639,-4.48573,0.232479,3.75626,1.49405,-3.44398,0.0188327,0.946409,4.45937,-0.559779,1.28356,3.79013,-2.44608,1.47176,-4.00524,4.52873,-4.78503,-1.63826,-2.35878,4.11595,1.85794,-4.00734,3.23361,1.68913,1.02514,-1.58744,-2.21815,-1.94687,-0.0262106,1.16652,-2.18613,-3.5662,-3.71973,-4.01746,-1.21278,0.956311,4.35505,0.252755,-4.02845,2.30603,-1.96194,0.0150742
gen=0_member=4,4.06219,-1.50904,-3.3086,-0.786336,2.79192,-2.06588,0.683846,0.791061,-1.80135,-2.46026,-2.53579,2.72604,2.02483,-3.97083,2.93223,-2.10646,2.51106,0.994075,-3.81781,0.599997,-3.36861,-4.49983,-4.52216,-3.46652,2.45388,4.65526,1.27279,2.65498,4.88462,-2.6021,-0.170827,-4.13981,-1.43653,-1.9081,-3.40013,0.862651,-2.61278,4.7024,1.06783,3.55579,-0.765922,2.16043,-1.3871,3.23698,-0.540924,-4.5868,2.45923,-1.67259,0.230827,0.190641
gen=0_member=5,4.7322,-1.40322,1.69973,2.08768,3.4477,0.709143,-1.41738,-0.412089,-0.895186,4.81469,-2.91211,0.601482,-2.6512,-4.29892,2.10602,0.834097,0.901056,2.95999,3.92208,2.39698,3.48789,-3.28742,-1.5785,0.0166008,0.358622,2.78659,0.953176,2.53068,1.97823,1.33777,-2.12906,2.70005,1.47094,3.86898,1.95508,-0.843525,3.5848,-0.420704,-0.367332,-4.12531,0.73746,-0.765232,0.891309,-1.32605,-0.257608,2.35491,-1.47062,-0.586309,0.700779,-0.832065
gen=0_member=6,-0.911768,-0.606062,2.69516,1.11063,-3.62006,3.63192,-3.13804,3.13824,-2.67957,-1.23203,-0.120837,4.20169,0.863328,-4.42219,-2.47786,2.92086,-3.58424,-1.26317,-0.497623,2.53393,4.30298,2.37303,1.20602,4.23456,-4.65324,1.10783,3.69551,-1.93742,2.32297,2.11997,3.92537,2.88391,-1.65703,-3.10525,2.52428,0.624684,2.59055,4.25614,-4.19666,0.897637,-3.24136,-4.8027,-4.56589,4.00808,0.725267,1.38549,1.61993,3.37746,3.58727,-0.591955
gen=0_member=7,2.43691,0.175673,1.89635,-2.34694,-0.166787,0.346684,1.09182,0.611295,2.15302,-2.39658,4.92775,2.36616,3.51383,4.88245,-4.68341,3.29196,2.3932,1.56407,4.43675,-1.26049,1.45903,0.130465,0.986689,1.56808,-3.01608,-2.81351,1.84733,-4.75523,-3.90546,4.73595,-0.333671,-4.74543,-4.71066,4.40202,-3.18485,-2.75906,3.95966,2.97599,4.19741,3.95994,2.30599,1.8501,2.46704,1.86878,-1.99881,4.36087,-4.40115,4.63065,-0.331983,0.583561
gen=0_member=8,-1.54679,-2.93757,-4.99337,1.08415,-1.14818,3.80392,-1.53124,3.61776,3.03602,4.73205,1.80433,4.73971,0.182445,3.67357,-2.59406,-1.12002,3.17312,4.94718,-0.13336,-0.267258,-2.74163,-1.60682,1.83243,-2.12025,1.55407,-2.51805,2.62923,0.83669,-3.20274,-1.57335,-0.502809,-0.373646,-0.120443,-4.54732,1.79049,1.08398,0.346498,-2.2235,-3.43499,1.05989,-1.36463,-2.38283,2.72077,-3.92665,-2.19982,3.63527,3.90664,4.94117,-0.0566499,1.68091
gen=0_member=9,-2.61745,-1.91494,3.46938,3.34594,2.87894,-0.304225,-2.98654,1.81928,4.41562,4.64042,2.92837,4.88877,0.262613,-4.58444,-2.31051,-0.670619,-2.02531,2.70349,1.39637,-4.12144,-0.47481,-4.22483,2.09642,1.02631,-2.23886,-4.8008,-3.58442,4.26489,1.526,4.02366,-3.57057,-1.12436,-2.49472,0.695627,-0.102884,4.12513,1.10755,-1.96112,3.17585,4.30995,-0.0755549,-0.0120457,0.259866,3.38673,3.30065,3.91103,3.1405,1.12462,-4.42494,-1.20597
gen=0_member=10,-1.38028,4.34641,0.249984,1.21442,-1.80026,1.8936,-3.9109,2.9332,-0.94637,-0.047488,2.57442,-4.11371,1.51118,-3.61456,-3.24574,4.20856,-3.14569,-2.37559,-4.58316,-1.08692,1.17378,-0.206548,-1.05189,-1.19903,-3.67861,-4.32471,-0.107934,-0.65574,0.738623,2.36112,3.79736,4.61001,-0.0688309,2.9125,1.13851,3.38468,2.16122,2.74688,1.41136,2.58708,-4.75596,-1.26484,-1.56141,4.96684,4.95635,2.67241,-4.27742,-4.32429,-1.85793,-3.79072
gen=0_member=11,-2.18987,-4.72276,-1.04085,0.752296,3.28765,-3.62053,4.94043,-2.80348,4.8962,-2.95136,-4.12164,3.27119,-3.52925,-4.08138,-0.958513,3.52293,-2.50052,-1.47359,-0.279427,-4.70301,0.338622,3.35627,-0.189649,-0.767457,0.751959,3.86538,2.81516,-0.127746,-0.567709,-0.757089,-4.21872,1.5602,-3.37026,-2.51905,-1.20257,-2.26092,3.0409,4.86869,-0.0179922,-3.87669,-4.32946,-1.88681,4.03749,4.73617,0.898259,4.47245,-1.23177,4.80026,1.3277,-0.608872
gen=0_member=12,-4.30289,3.11879,4.86888,0.0312083,-2.63176,4.30106,3.67123,-0.0814374,0.584729,-1.54555,-0.482004,2.06568,2.30891,-2.02104,-3.07235,3.08328,-0.872406,-1.89033,-0.781272,-2.87482,1.93875,-2.16886,2.43343,0.713205,-4.07603,-3.71115,4.29741,-2.54365,-2.78638,-4.82247,2.50334,1.32246,3.98563,0.476956,2.34888,3.14204,2.32142,3.79457,3.85183,1.85678,2.94687,1.05528,-4.45871,2.69777,-2.64376,0.148116,0.613398,2.29719,0.882903,2.6487
gen=0_member=13,-0.866586,4.17142,3.37759,3.15147,0.68225,2.62511,-2.60697,4.04913,-1.29028,-3.17754,3.11398,1.78047,-1.27274,-1.00763,-1.76604,4.16644,1.7188,4.50321,2.62578,-2.98296,1.61459,3.20721,-3.83891,3.95364,4.43576,1.07834,1.097,-4.47148,-1.19451,-4.21419,3.54132,-4.82161,2.56666,-2.07296,4.73384,-0.607091,-4.51428,-2.04743,1.34664,4.14309,-2.86943,2.62013,-2.16848,2.58612,-0.667756,-3.08862,-1.81991,3.29986,-2.53894,3.09026
gen=0_member=14,0.0535855,3.96612,-3.48647,2.72098,3.71881,-0.750573,4.17774,-1.53448,4.35042,4.53529,-2.2003,-4.99944,0.742782,1.78737,2.7039,1.4574,-4.8712,3.54589,0.637898,-0.785859,4.1902,-0.936113,-0.763159,0.170044,1.71248,0.225539,-3.35452,4.05248,2.94107,-4.60653,4.48776,2.11457,-4.35331,-1.44517,0.136997,1.80871,-3.55612,0.876214,2.0254,-4.84563,4.04069,-2.6913,-0.808574,1.91786,-1.6573,2.49686,-4.79746,0.785057,-3.49375,1.06092
gen=0_member=15,-0.611704,4.61199,-3.54085,4.31436,0.838418,0.42682,1.59995,-4.99498,2.0223,-1.37742,2.42661,-2.53054,-0.224935,-0.773821,-2.79023,-2.86506,-4.11,0.787385,3.75114,-1.8947,1.30587,3.41465,2.50178,-4.12568,-1.33318,-3.34103,0.678553,-3.92899,3.26522,0.61956,-4.19696,-0.683238,-1.03718,-0.129344,2.17028,-0.175447,-4.08632,4.90175,1.17833,3.71499,-3.61334,-4.32908,4.42968,0.817128,4.81458,1.59947,-4.15387,-4.21744,0.45669,1.29985
gen=0_member=16,3.36729,2.46581,-2.22435,-0.474193,4.21351,4.03044,0.221055,-1.81213,2.64373,-4.93321,4.78379,1.82062,-2.03151,2.527,-0.544764,-3.09401,-2.91483,-0.348918,-2.41642,-3.05888,-0.557421,-1.73294,3.74759,-2.72163,-1.25184,3.50452,2.7869,0.662103,2.48426,-4.90151,1.10693,0.645377,1.14189,-3.38217,0.322576,-3.92339,3.21464,2.68258,3.29981,3.17849,0.45548,-0.932685,-2.62692,1.19368,-3.92689,-0.0361369,0.7819,-1.57047,2.72284,4.39577
gen=0_member=17,-2.99244,-0.384085,2.46792,4.81137,-2.19071,2.19261,-4.36189,1.19698,0.271303,-1.92787,4.06208,-2.83323,-0.565579,2.08793,-0.291426,4.32302,2.87322,-3.75711,2.82847,-3.92147,4.03327,0.988964,4.94231,-3.01069,-3.42155,-1.13969,4.06686,1.23304,-1.37764,3.11291,-4.82026,-4.01909,-4.88367,-4.01883,4.05002,4.82836,1.34487,2.48568,3.43561,2.16707,-0.334591,-3.7432,-0.0842981,3.43999,-1.55223,0.417061,4.3621,1.84231,3.60674,0.729776
gen=0_member=18,-2.21299,-4.84994,-2.03834,1.30667,-2.31466,1.11121,-2.80329,-1.13715,4.96674,0.104544,2.30125,-3.78291,-4.99176,2.98602,-4.30004,0.497235,1.96195,-4.93778,-4.17233,3.87534,-2.94711,2.23796,-4.4939,0.901697,-1.63323,3.7623,-1.05876,3.49777,3.93988,-1.84275,3.07808,4.03623,1.84092,2.86735,3.64951,4.28282,-1.087,0.985033,1.74344,-3.16253,4.17668,-1.55737,-2.73431,1.69179,-0.762411,-2.64529,-2.76047,0.370187,3.95261,-1.13564
gen=0_member=19,-2.51712,0.71937,-3.74707,-4.67839,-4.819,1.3375,-4.83258,-3.06431,2.59234,2.95175,-3.21484,-4.5566,-1.18084,0.475198,-1.63056,-1.42255,1.88532,3.77528,-4.04748,-3.19906,0.25007,4.16182,-2.84945,3.34828,3.5708,-0.0209277,0.369011,3.79728,2.5617,-4.11749,4.31045,-0.915601,3.65901,-0.0886948,3.75914,-1.21758,-1.53042,-3.96587,-2.06377,-1.61072,3.75394,1.69386,-1.41695,4.59648,-2.86595,3.59017,0.530459,0.227902,-4.87708,4.0856
gen=0_member=20,-4.65407,-3.82332,3.7888,2.16507,1.61286,-1.772,3.57855,4.76829,1.55643,2.3322,1.05044,1.23238,2.84323,4.06015,1.26222,1.23769,-3.82044,-3.25894,-3.65598,-2.29006,0.44092,-1.08906,-3.24275,4.11084,1.19365,-1.80135,-4.07531,-1.54972,-4.44627,-3.20777,-1.45365,4.56766,-3.10457,1.21245,-3.04698,2.19372,0.133473,3.16187,-1.15847,1.92984,4.29261,-3.38402,4.7115,4.82023,2.49522,-3.17841,-0.0778369,-2.1394,3.18009,-1.00962
gen=0_member=21,3.46238,0.450557,1.96618,1.45095,2.0857,-3.51209,-0.280011,2.30905,2.47119,2.69924,-4.54685,-0.564886,2.627,2.73194,-0.791327,-2.75434,-4.21316,3.4497,-3.43788,-4.93466,0.629733,-0.499552,4.48715,4.99122,-0.475109,-1.9217,-2.72187,3.36684,2.27892,-0.826063,4.77916,-1.96593,-4.15453,-0.288842,3.51651,-2.01885,-3.26731,0.628492,4.67204,-2.66428,0.190061,-3.56363,1.2725,1.40289,0.153844,4.13139,-2.89338,3.46069,2.5967,-3.4429
gen=0_member=22,0.412555,2.38725,-0.243988,-4.87242,-3.96181,-4.03988,2.44753,-3.435,1.23562,4.04941,-3.88361,-0.899026,2.51415,1.57815,-3.48534,3.15251,-1.04185,2.23572,2.11379,1.84081,-3.22499,4.88659,0.734381,-1.28491,-3.74973,1.77957,2.38703,1.36192,4.10707,3.08734,0.604253,0.287579,-2.70775,3.96301,3.02175,-3.1838,0.635442,-0.590129,-0.698085,-2.17476,3.27804,-1.90236,-0.220155,-4.80239,4.57963,-4.19799,4.64591,-2.45251,1.27041,1.59456
gen=0_member=23,-4.86662,3.71872,-0.337503,4.74266,4.94043,2.41558,3.80018,0.545211,-3.26763,-0.700801,-2.37268,-3.25713,2.40871,3.59565,0.204017,-3.51896,-0.77439,-3.9865,4.08103,4.49132,0.946864,-1.103,3.86122,-2.57872,2.33424,-3.40912,3.09964,4.41967,-3.75241,-1.94648,-4.7416,1.95905,4.29039,-0.573168,-1.74018,2.35864,-0.742109,-0.676224,0.194335,0.480094,0.571086,0.802471,-4.67158,-2.19252,4.11769,0.396382,-3.29186,0.960349,-1.41448,-1.97384
gen=0_member=24,-2.46899,-0.954627,-0.508538,3.46227,4.63426,1.78149,1.85353,4.33655,0.81384,-0.55466,1.35085,-0.703342,-3.24876,-1.3441,-0.663166,0.58818,3.73198,-2.87295,3.11562,-0.82123,2.54795,2.76156,-2.79452,3.80479,-2.8886,2.56645,-0.464285,-1.64238,-2.39592,-3.86102,-4.07065,3.79251,-1.93288,-2.29402,-0.917621,-4.54039,-0.877273,-3.11955,2.50222,-3.96842,1.12787,3.49538,3.72367,-1.88753,3.09595,-3.82186,-1.53428,0.570939,-2.76999,1.13905
gen=0_member=25,-1.14446,-0.846821,0.689073,-0.0835582,-2.22101,-2.37196,-3.84161,-2.68952,3.42486,-1.73079,-1.56544,1.98055,-3.17463,2.1453,1.38958,1.55043,0.373091,1.81874,0.911269,0.420074,-4.06388,-1.58926,-0.467213,-0.504262,3.88443,-2.67227,4.39775,-1.75503,1.78565,-2.41583,-0.0501793,-3.13933,1.62954,-4.92325,-0.414187,4.94818,4.10481,-4.69784,-1.86388,-1.85691,-0.595899,-2.51434,-2.91344,1.57523,-4.13989,0.731864,-3.52614,2.09012,1.76134,-2.18702
gen=0_member=26,-4.01682,-4.659,0.0515194,0.800564,3.38266,-4.48089,4.01443,-0.182622,-4.27846,-0.876679,3.69803,2.21582,-3.69376,4.2244,1.63725,-4.82784,3.29971,2.10575,-1.75671,-0.97858,3.9434,-0.674247,3.94689,-1.70937,4.53183,-0.927082,-0.505361,-4.23064,-4.03754,1.67083,-4.93724,3.40461,-2.21498,-3.76897,1.24592,2.72544,0.521401,3.06569,-4.77246,4.22541,1.73539,1.94747,3.21561,-4.27632,2.67248,-2.20759,-0.892768,-2.37321,4.69354,-3.87427
gen=0_member=27,2.10493,4.25792,1.47321,3.99531,-2.8428,-3.16021,4.46524,3.0715,-0.0750757,-4.59861,4.32468,0.347577,-0.916319,-1.64886,-4.25921,-2.98958,-2.70734,4.17734,-1.64368,4.74018,-2.67465,-2.09053,-1.8356,-3.60972,2.64709,-3.60519,1.31854,-0.201479,2.74195,-3.6841,-2.5675,-3.76717,3.13643,-0.805704,-0.227468,1.93509,4.54114,1.09404,-3.84081,0.262916,-3.56791,2.9271,0.931656,3.59324,-4.00557,2.93037,4.43994,-3.60327,1.96133,-4.453
gen=0_member=28,3.08763,-3.07284,1.18723,2.86225,3.15415,0.873141,-0.662122,-0.988434,-4.0323,0.086571,2.86888,4.95302,-2.87659,-4.31814,-3.85397,1.95529,-1.70389,3.82796,-1.47039,-1.97372,-3.94296,-3.71996,-2.69001,1.10373,-4.15059,-4.93223,1.54921,-1.2609,4.02463,0.831951,0.255513,3.20298,1.75829,3.57721,3.90827,-0.758392,1.75583,1.24256,-0.956849,4.82661,4.6344,0.113898,-0.437623,-4.47769,-0.872918,-3.34021,4.0172,0.1878,-0.587978,-2.26959
gen=0_member=29,1.79898,2.09572,-4.51512,0.149985,-1.3805,2.29874,-0.373176,4.25864,1.86779,1.04601,-2.64975,4.45612,3.05396,3.90052,0.887357,-0.0461874,-3.08763,1.91921,0.852194,0.795493,0.727712,-1.83505,-3.61969,-1.85908,-1.86183,0.766346,-3.17805,3.89884,3.78435,-1.61172,3.33487,1.05298,4.02187,3.74567,-3.24343,0.183653,-3.68326,-1.30213,-4.95321,-0.146366,-4.19713,-0.819701,-4.95587,-0.204261,-4.38897,-1.21142,-0.205718,2.67946,2.86982,2.03507
gen=0_member=30,-3.4281,2.91216,3.8705,-3.32208,2.30325,-1.22762,-4.18785,-4.37822,-0.431362,0.948316,0.868435,0.449741,-2.35821,0.214284,2.09183,-3.42983,-2.40803,-0.646321,4.98066,-3.82718,2.06733,3.00332,4.57379,-1.63986,-2.58534,-0.87999,-3.7986,4.33837,3.04308,0.96836,1.07542,3.90915,3.72281,0.226358,-2.46682,2.68785,1.82809,3.419,-2.81571,1.66716,-2.42776,-2.73714,4.80278,-2.63555,-4.5741,4.61071,-4.82296,-0.0736432,-4.06168,-3.53488
gen=0_member=31,2.23057,1.37067,2.30474,-0.136969,1.31345,-4.60378,-0.823197,-1.43406,2.72729,3.36032,-4.75685,-0.0782318,-1.52532,-4.72495,1.92313,2.55223,-3.28535,-4.86916,0.795625,2.2534,-1.39015,3.51074,-1.23531,-2.99209,2.19418,3.91132,0.0354612,-2.35247,4.40159,-2.24191,1.80564,-1.85865,1.96717,-2.68873,-4.98614,-0.918395,-3.85033,-0.0585263,3.05958,-1.92721,1.21097,3.3577,4.95588,-0.749124,-3.85705,-1.09164,2.10586,0.0743443,0.0569765,4.20681
gen=0_member=32,-4.20871,-3.16372,2.92165,-1.73532,3.64224,-1.02039,-2.20846,-2.56627,2.91439,4.93917,-4.91146,-4.69331,-0.0628071,1.10263,4.27808,-1.70514,2.07712,4.74704,3.52098,-0.489843,3.51285,3.97834,-1.7631,-0.859555,-4.2637,-2.10659,4.15813,3.69776,-1.62685,1.50559,-0.715414,4.24386,2.78751,0.0394102,-4.87519,-4.43174,-4.21939,-0.372713,-1.4128,0.663981,3.95741,-3.19238,2.64955,-4.56899,3.27683,-0.255002,3.53493,2.47474,2.60135,-1.51972
gen=0_member=33,-1.00888,-2.08966,-2.51559,-4.34202,0.0984708,-1.97284,1.1672,0.374996,-1.47014,3.79799,3.84427,-1.92179,-1.36702,-0.594202,2.42432,-3.21769,0.589553,4.62791,-0.0408307,-4.54117,3.66669,-0.358529,-2.20906,-3.8084,-2.07074,-1.22749,-1.49818,4.83919,-3.05962,-1.35759,-2.32342,3.13187,-4.65097,-2.70676,-4.35608,0.409765,2.70816,-2.31633,2.78314,-2.07102,-0.682223,-1.17293,1.83446,-3.18657,-2.49072,3.2689,-4.33346,-4.74787,-0.869546,0.338735
gen=0_member=34,-3.96762,-2.30569,2.5074,3.83491,2.52016,4.2713,-2.4443,-0.335028,-0.145995,1.59321,-0.908262,-1.70366,3.86839,-0.637749,-1.59481,-0.169897,0.606335,-3.34768,-0.833519,1.72354,-4.4912,3.12453,0.515026,2.40484,0.906805,1.24074,-3.23317,3.08005,2.69815,-4.36462,-1.5171,3.04042,-3.67481,-3.82475,-2.36254,4.4894,1.97142,4.63977,4.54409,3.62929,-4.62053,-1.45124,0.500812,4.29776,-1.09282,2.75447,-4.51778,1.25758,-0.65648,2.53278
gen=0_member=35,-3.37151,-3.51089,3.15245,-2.98777,-4.06352,0.0263867,-1.05578,2.20863,-4.33096,3.00762,2.031,-2.91553,4.19778,-2.87113,3.99487,-0.737902,-2.84859,3.06641,1.46336,0.37205,-1.80418,1.36682,-4.31361,0.458839,3.96494,3.42063,-1.9563,1.88767,1.02763,2.02021,-4.55877,0.406842,-3.57317,-4.38879,-1.9337,-1.36951,0.87942,-0.767122,-1.56928,0.543474,1.53103,0.668731,-3.67465,2.30089,3.18977,-2.88831,2.83764,-3.26534,0.557643,1.84862
gen=0_member=36,1.03072,-4.59093,-1.45329,-4.92575,1.9805,4.97979,0.0164078,2.56412,-1.13714,0.747056,2.70663,2.17186,3.1248,2.22435,-1.41944,2.64267,1.43481,3.92632,-0.552288,4.65964,2.86334,-1.3526,4.78301,-1.44833,1.29503,-0.743607,3.77754,-1.80355,-4.60577,-1.72512,4.89481,-1.23968,-2.95394,-4.64732,4.84883,1.48296,1.07441,-1.65844,-1.73139,-0.561023,-4.84761,3.29739,-0.774911,-4.79176,3.77179,-4.21416,-0.903764,-4.45731,-3.52692,-3.12816
gen=0_member=37,-3.77938,-1.7662,0.368086,-4.22482,-1.61473,1.50298,-2.34542,-0.222083,-2.23491,3.24035,-2.19948,-3.35231,3.72567,-4.88994,-1.82608,-2.50008,4.74606,2.86586,-1.583,-1.16266,-4.84604,2.55574,3.13313,-3.9682,-3.28654,4.59216,3.44019,0.177645,-1.85657,0.00659265,-2.01957,-2.49109,1.58345,-0.356671,4.59365,-3.33747,-3.10244,0.17677,2.32912,-1.40708,2.6704,4.95461,-3.55435,0.683484,-2.79965,1.96093,1.94521,3.81807,4.24968,1.75751
gen=0_member=38,0.724034,3.29251,4.75084,-0.95101,1.55922,-1.8624,3.39009,-3.1563,-4.63041,1.26461,0.787658,-2.0355,1.12671,3.32397,-3.31702,4.49479,3.39435,-3.45063,-2.66883,-0.0351104,-3.78029,-4.02159,2.17324,-4.56084,-1.77562,0.189563,4.95063,-1.13303,2.17056,-2.872,-1.78306,-1.68942,0.564534,-0.461459,3.83007,-2.90189,-3.75815,-3.07463,-0.842637,-2.97638,-3.0657,2.75106,3.48544,4.10216,-4.6983,-1.34781,3.2328,1.34911,1.83723,-2.00663
gen=0_member=39,1.44853,-4.40581,-1.14855,-0.593254,-2.43383,1.64403,3.96796,-4.17917,-4.41469,1.72189,0.667267,-1.65244,-3.35545,3.70455,-2.24157,0.710746,3.99403,2.34045,2.54591,2.95652,-3.03894,0.699229,-1.91562,0.574136,4.98707,-4.26794,0.27136,-2.65509,-4.26957,0.785662,-2.60557,0.55465,3.49586,1.11342,-1.40973,-0.592952,4.48194,3.65854,0.990061,-1.35877,1.0893,0.438954,1.94567,-3.57733,1.25644,2.05447,1.25404,-1.33736,-2.10714,-2.89631
gen=0_member=40,-1.98466,4.74693,-0.790289,1.94323,-2.00423,4.40644,2.27195,-2.29168,4.79378,-1.85131,1.66194,-2.42127,-0.663252,-2.51628,-4.8631,1.85451,-2.12305,3.34742,4.75516,0.95325,2.33277,-3.13123,4.08089,-3.27676,-4.96992,4.02941,-4.3136,-2.03918,-1.51127,2.85568,-0.271733,-1.58322,0.878949,-2.16536,-1.80748,-4.27246,-0.164034,-4.34763,-3.68945,1.46832,2.87376,2.3289,-1.86431,2.44071,-3.32754,-2.48127,3.88608,2.58035,1.52549,3.41306
gen=0_member=41,-2.7655,3.50222,-1.74872,2.2376,1.27824,3.22443,1.39011,1.40147,-0.580699,0.350385,-4.64644,-1.88352,-3.77792,4.7432,3.8403,1.19273,-3.38285,-1.74081,2.05939,3.44698,-4.90431,-4.55325,-4.1217,-4.88978,-4.53996,4.11976,-1.22052,3.1768,-1.72349,-1.15935,-2.78613,0.938475,-0.566433,4.20189,-4.65359,2.05603,-0.378415,-3.62518,-3.59605,2.29666,-1.12242,-0.18278,2.26038,-0.381089,0.0852387,3.00756,-1.31702,-0.806804,1.03116,4.8229
gen=0_member=42,-0.539306,-0.437926,2.23652,-3.85595,-4.65295,-0.582422,0.160449,0.157357,4.19484,4.41123,-3.6675,1.02021,0.624745,4.17403,-2.68034,4.02485,-1.83654,3.19327,1.00458,-4.25215,-2.04892,1.14441,0.283846,-2.38377,2.88212,-0.459513,-0.235944,2.75756,-2.21762,0.502539,4.25316,4.30727,0.16403,-3.50036,-2.8946,2.2524,2.07841,4.38175,1.50883,4.62393,-3.17002,-4.28023,3.3799,-2.87362,1.88644,4.99473,-2.02651,3.13744,-2.30015,3.94124
gen=0_member=43,2.34721,-2.29568,2.12753,-2.62581,3.56622,3.76616,1.4794,3.23057,0.793529,2.44223,4.67911,0.189467,1.89404,1.64922,-0.415202,3.9628,-3.78877,-4.41159,-3.90544,-3.49605,-0.0547638,4.48227,-3.72757,-2.80971,-0.149382,-1.7827,-2.05352,-4.02941,0.908047,-0.576925,-3.89103,-0.161199,3.83745,4.38479,-1.30742,1.64283,-3.39919,4.48052,-2.71865,-1.20812,-3.98809,1.76417,-1.73691,-3.85357,3.67382,2.29098,-2.10481,-2.8246,4.83814,-3.63474
gen=0_member=44,0.220602,-3.78736,4.35919,-0.202704,-1.08608,-4.96018,-2.50299,0.0916776,-3.65796,-4.77332,0.552123,-2.65662,-4.28235,1.38667,2.85119,-2.62387,-0.478413,-3.08673,3.40291,1.28668,3.19407,1.54275,-2.19262,-0.0118863,4.62736,4.9347,1.77224,2.13474,-2.52419,3.64822,2.03273,-2.33546,0.225067,-1.16187,4.40166,4.04333,2.25898,-4.95183,-0.43632,1.11869,3.11559,0.0169576,-4.34676,3.87651,2.24733,-4.85026,-0.312216,-2.02342,-2.61275,-3.276
gen=0_member=45,1.62629,3.45584,-1.51556,-3.74389,-0.702434,0.974568,4.56567,0.815495,-3.32024,-0.974436,0.971079,-3.54157,-0.308268,0.986299,-4.41974,1.73367,-0.623262,-1.37727,-3.01408,-0.63675,1.83349,-3.97807,-2.36515,3.24792,0.873087,2.09118,-4.2327,2.95952,2.00654,-3.40717,-3.22081,2.28438,-0.926265,-3.26459,1.49664,4.5392,-2.82477,-1.0503,-2.2864,-0.489954,1.36434,-0.42254,-4.27584,2.7535,0.503292,-2.70593,0.991719,-4.16431,-1.22388,4.43146
gen=0_member=46,0.324278,2.80414,-4.49757,-3.43096,2.49689,-3.36318,-2.09475,-2.79792,-4.16908,3.64228,4.14542,0.206759,2.25974,2.49549,3.78112,-0.833151,-1.67753,2.66122,-4.30669,4.09276,2.65548,4.01206,3.6391,4.89704,3.37247,2.18769,3.39368,-4.89562,0.851771,-3.91508,0.0781436,-4.31869,4.18665,-1.70598,2.66262,-0.0442607,0.490363,0.515377,-0.523687,-0.829158,-0.931185,-0.652508,-2.41569,0.100118,3.86486,-3.45115,3.65201,-2.59714,4.39005,-0.336225
gen=0_member=47,-3.6773,-1.00741,-4.33423,-4.54556,2.91287,-0.908622,-3.27193,-1.39244,2.80236,-2.74546,3.32137,-1.32373,-4.09043,4.62425,4.57717,-1.55939,0.135545,-0.113334,-3.30749,-2.32029,-4.26601,0.304347,-0.555828,-0.364186,1.98359,-2.26049,-1.10929,1.40579,1.18888,-4.56783,-0.496095,2.97181,3.26404,0.352219,2.07421,-3.63119,-2.59283,1.7421,-3.20472,2.40285,2.08546,-1.74668,-4.81064,-1.15991,-2.5481,0.80831,-3.94819,3.98521,-2.48672,-2.49065
gen=0_member=48,-0.709989,4.48934,-2.69927,2.33115,-1.29871,3.31177,-0.723457,-0.843827,-0.743706,-0.353993,-2.0872,-0.268363,0.349923,-0.138435,2.60946,0.347222,4.02213,-4.00098,2.35092,4.83735,3.08377,2.63857,1.68503,-2.46791,-2.33697,2.28522,0.565326,-3.52631,3.82299,-2.94259,3.43646,-0.790024,-1.86655,-3.62869,-2.96567,1.76794,3.12793,1.41333,-2.30416,-0.351678,0.0521829,1.39111,-2.54941,-2.46967,-0.0385578,1.60276,0.234138,-3.73719,-3.10778,-0.0389402
gen=0_member=49,1.5292,0.932206,3.2526,1.8602,-2.59992,-0.162615,3.13424,-3.5153,3.22717,-4.1233,4.82224,-0.1486,1.69914,-1.80248,-1.92415,-0.968991,-4.54338,4.29146,-4.66772,-3.75237,0.872409,-0.556307,-2.40425,-3.12836,3.49697,-2.74012,3.28597,-1.04257,-1.49785,4.26606,-3.31531,-1.3443,-3.7015,2.67256,-3.82761,0.963681,-1.79631,-4.26214,-3.75161,4.93783,0.36395,1.58472,-4.07261,-2.90488,-2.02185,-0.999728,-0.7375,1.78071,4.48649,0.418318
gen=0_member=50,0.914861,-4.2927,1.256,3.71945,-4.36907,4.57325,0.744936,3.53726,-3.94983,1.97205,1.14263,-1.26834,3.44894,-2.97202,0.952507,2.7281,-0.266131,1.28228,-3.79814,1.08569,2.1521,2.84455,-1.69116,1.38296,-1.93585,2.90553,4.51984,2.09859,4.53366,-0.916029,-3.96285,1.78533,-0.28059,4.17553,0.860246,3.52202,-1.30821,4.07853,1.60506,-3.37501,2.71194,-3.48659,1.701,-4.17154,0.23788,-4.32252,-1.0837,-0.710409,4.54995,3.39104
gen=0_member=51,4.15788,1.71676,-2.9814,-2.19989,-2.93198,-2.14034,-1.63982,1.77241,-2.91709,-2.52047,0.000790893,-4.84373,-0.800917,-1.96731,-0.146212,4.50487,-4.66996,4.42743,2.23306,2.10498,-0.38147,3.88912,-4.82212,3.50498,-1.42042,1.54292,-0.846189,-2.25319,0.119233,-3.18317,-3.77067,2.51085,-4.23407,3.06095,-0.0564667,-3.41159,4.21505,-1.86537,1.96002,-1.15722,-0.17188,-0.524025,3.04651,-0.436351,1.65256,-4.46114,2.66774,-3.48109,-1.72603,4.79351
gen=0_member=52,0.51762,1.56512,0.917198,-4.44089,-3.36603,3.17466,-0.412909,1.65556,4.0499,-0.678087,1.7874,2.61159,-2.21635,-3.84178,4.80061,-4.9233,-4.72176,-1.05396,-0.393331,3.31362,-2.17754,-0.832715,-4.75584,-2.02683,-2.96469,3.15646,3.54699,0.722653,-3.55106,-4.48446,4.14625,-2.90745,4.72997,4.06884,2.84175,4.31447,-0.257035,-1.16367,3.97465,2.72766,1.61887,4.85819,2.18861,-2.26169,-0.432344,-2.99162,2.59294,2.11779,1.60976,-4.70893
gen=0_member=53,2.60686,-0.108299,0.78077,1.52162,4.79227,-4.8063,-1.97562,-0.723175,2.35949,-3.42589,-3.59825,4.36945,1.30052,-3.05831,-3.95157,2.23295,3.42007,0.15728,-2.53666,0.610682,1.50442,4.63496,2.26758,4.31877,2.79458,4.22188,-1.52206,0.347427,4.65193,-2.07817,-1.29958,-4.64657,-0.481061,3.46502,-4.1112,2.81371,2.42637,4.11939,4.02509,-3.74813,-3.84166,2.05121,-1.16468,1.36482,1.15626,-2.0344,-2.275,0.854628,-3.96696,0.806378
gen=0_member=54,3.83819,-4.17143,-4.76261,-1.87794,1.88708,4.72412,4.8767,2.61479,3.51426,3.87024,1.46302,3.83892,0.473986,1.93543,-4.59433,0.124459,-1.24475,2.46844,1.74842,-2.55251,-1.18616,0.739869,2.96361,1.22384,3.1015,3.69484,-0.678212,1.13531,3.57869,3.94458,-1.69505,0.885717,4.99468,-4.43785,0.941957,-4.34516,-2.91477,1.88663,0.425584,2.64582,-2.70053,-4.91223,-3.05108,0.415721,2.80797,-4.93001,1.50944,-3.56466,-4.50603,-0.201996
gen=0_member=55,4.45593,3.63942,-0.0593216,2.51086,3.92697,2.3418,-1.29911,-4.52859,3.37085,-3.93603,-0.819692,3.19129,-2.77013,-3.54414,3.05693,-1.99108,-1.43166,-4.70093,-4.99735,1.90068,0.0401983,3.71561,-3.92658,-2.6299,-2.65346,-2.37515,3.81867,3.57439,-0.679236,-0.464145,-3.64326,-3.20427,2.34019,4.50783,-4.42036,0.761532,-4.47108,-2.78876,-3.16717,4.52277,0.603963,2.44771,4.1014,2.06609,-1.43345,1.4733,4.23472,-4.68093,2.43451,3.66727
gen=0_member=56,1.17517,2.75561,-2.70114,-4.77256,-4.29577,-2.54678,4.76888,-4.40332,1.3505,-0.106584,0.169788,3.94579,-2.16011,2.63727,1.87875,1.37957,-4.09581,0.0456236,1.98587,0.245094,-3.41655,4.965,2.37357,-4.68878,-4.35429,-0.118024,-4.63619,4.56045,0.315438,-0.602847,-1.10692,2.3364,-0.372239,-1.21248,-1.16319,-0.287059,-2.47464,-2.53928,-1.92135,-3.22314,4.5027,-1.6357,3.55168,4.45648,-4.70781,-4.63374,-3.01582,-4.58121,-0.721436,-4.23833
gen=0_member=57,2.92172,0.823494,-3.12131,-0.385622,-4.47573,2.79842,4.6685,-4.70823,-1.71009,0.482789,-3.02888,1.33228,-4.86055,-0.992871,2.59393,-0.347561,-1.55191,-2.90864,0.434236,-0.110778,-3.57083,4.2483,-0.0833855,1.69556,1.38456,2.63855,-2.29448,-2.95396,-2.05255,-3.72637,0.767087,-2.51073,3.54487,1.51738,-3.68962,-1.09111,-2.37364,-3.74587,-1.26765,-1.79937,-2.00756,-2.27488,-3.47349,2.11298,1.01814,1.77986,2.99356,4.46012,-4.99845,-3.07557
gen=0_member=58,-4.78324,-3.41979,4.60893,-4.05422,4.5649,-3.80885,-3.03318,1.35478,-4.5158,-2.65676,-2.89643,-3.49504,-1.40249,2.81963,3.59072,-4.49962,4.88888,1.61436,-1.83716,-2.0833,-1.25397,1.96595,-3.58534,2.18423,-0.719763,-4.19978,4.71315,-3.34773,-1.91105,3.55812,2.73382,0.138529,2.87396,4.74962,-4.56627,1.26175,3.70598,-4.14225,3.76382,-0.931623,-1.77825,3.94859,0.35095,-0.648106,-4.40606,3.4084,0.171339,-4.96012,-3.69468,2.79943
gen=0_member=59,-0.420995,0.650517,-1.86769,-0.671596,-1.45502,-1.45573,2.78929,4.81734,-1.38287,-4.86758,-2.49644,1.12742,4.99389,-2.31669,0.444784,-3.93556,-3.42577,0.336641,1.81913,1.19654,3.33566,2.05559,-1.36129,3.69503,1.43505,3.03775,-1.38156,-4.50071,3.46192,1.18517,1.90471,-4.46973,2.99012,1.05045,2.94865,2.51772,4.77975,2.11786,-0.14833,-4.73416,-0.869838,3.87453,-2.8129,-2.53465,4.00481,-3.92177,-4.92508,-3.89413,0.997236,-0.187022
gen=0_member=60,0.860149,-2.48604,3.08458,2.98837,2.68934,3.93137,3.7185,0.48095,3.94703,2.10874,-3.71257,-4.04384,2.13215,1.06671,-4.01892,4.76866,-2.61968,1.00767,3.67619,3.24887,-0.919112,-4.75665,4.11687,-4.21311,2.5828,4.48507,3.92144,-2.44487,0.0369559,1.23065,-1.90115,-3.02814,-2.14535,-4.79059,2.41329,0.060084,-0.986133,0.461367,3.34824,-1.09047,-2.15273,-2.136,-0.624796,0.220014,2.52581,0.591687,-2.91953,-0.66749,4.98083,-4.66398
gen=0_member=61,-2.89407,-2.79109,4.08679,-3.57184,-4.52172,-3.92337,-4.41269,0.216794,-0.270379,0.844147,4.59075,-4.48697,-3.84889,-2.45929,3.1157,3.63187,0.855426,-4.51914,1.59313,-3.59458,-0.693351,-4.63439,1.04603,2.61629,-2.74121,2.42463,4.65023,-4.30706,0.410773,4.45027,-4.69775,2.6494,2.65715,2.73039,-1.59157,-3.51771,4.0869,0.0260961,4.93789,3.38374,-1.9146,-3.63131,-3.30939,-1.40325,-3.20944,3.31045,3.38933,4.79298,2.30173,2.28334
gen=0_member=62,2.51008,-3.90076,0.445088,-2.427,-0.0547293,0.158371,-4.28343,3.71477,-3.04843,1.40092,-0.503217,-1.46277,3.38356,4.33882,3.30176,-2.26859,-1.17099,0.469252,0.140952,-4.40621,-0.284283,-3.0293,-0.228539,-0.483701,3.68735,0.630447,-3.63312,-0.735438,-3.46904,-1.02683,4.94131,-0.449605,2.42004,-0.989026,3.31312,3.24072,-0.554002,-3.58634,3.69095,4.09482,-4.22628,-3.86028,1.0193,-3.05703,4.446,1.21504,-3.32184,2.82756,1.14211,3.53099
gen=0_member=63,-1.65294,-0.555422,2.84193,0.911602,-0.320436,-2.99395,-0.995834,-2.492,-4.8978,3.95,-3.91399,1.66654,4.2536,0.647793,1.75818,-0.554263,2.234,-2.70265,0.511417,-4.03836,-3.63266,-3.66508,-0.385871,4.08497,-3.58134,-1.54268,2.96097,-0.40932,1.64316,-3.04646,2.94281,1.83892,-2.51354,2.11506,0.529604,-2.48317,3.88017,2.52265,0.246329,1.5483,-1.54612,2.54968,4.68459,1.70471,1.51783,4.53504,-3.77848,-4.05638,-4.78336,-1.75007
gen=0_member=64,-0.220136,-4.05988,1.54753,-2.01925,1.7718,-0.659627,3.01545,-4.09277,-2.73014,1.63462,-4.33926,0.763848,-2.49738,3.23581,-2.13459,-3.18084,1.09769,-0.0712664,-4.21377,4.3335,2.48254,-3.4515,-3.35033,-4.49847,-3.39542,-4.75509,-2.92503,-0.853809,-3.39229,0.171837,4.51421,-0.221519,0.0923287,2.01933,0.296268,-3.7128,1.61433,3.33294,-0.208317,-1.52299,0.807403,0.551695,-3.83194,2.88603,-1.27077,3.81479,-1.65044,-3.10274,3.07625,1.41496
gen=0_member=65,-1.88956,0.0272221,-1.68773,-3.28195,-0.873608,2.55092,-1.14251,-3.25674,-2.84155,-3.60159,3.97306,-2.71168,1.02455,-1.26535,4.04035,-4.30038,4.1261,1.78151,4.26309,-4.61077,-3.82974,-3.32357,4.26389,-0.283838,0.619343,-3.04954,-4.76782,4.65774,3.14446,-3.36332,3.18506,-4.51155,-2.84675,3.20763,1.65938,1.34597,-2.11096,-4.06658,-4.20119,4.74278,-3.4453,4.45223,-3.94159,-4.0678,4.65308,-0.359188,-2.37498,1.57102,-3.02025,2.17207
gen=0_member=66,-0.337533,2.67261,-4.27877,2.44977,1.47998,-3.05842,3.41874,-1.95474,-2.34915,0.661883,-3.36518,2.51754,-2.58015,-2.13723,1.15602,-2.36302,-2.34412,0.561657,-3.21823,1.65263,3.77062,2.15272,1.95956,1.73942,-0.0598722,-1.41299,-4.96166,3.21732,0.572004,3.89844,2.43874,-2.16853,-3.41454,2.52312,0.413253,-3.06739,-0.678451,-4.51363,-4.83472,-4.91961,3.57738,-0.305359,-1.60364,-2.06151,-1.36425,4.24052,-0.175142,0.665778,-0.406875,2.34942
gen=0_member=67,4.60739,1.0285,-3.97752,-3.94545,-3.7397,-1.19262,-4.53153,1.55477,4.6642,-2.13693,-0.288582,3.01862,-4.55576,-4.13431,4.91366,-4.61522,2.45359,-2.47765,3.07987,3.98916,-4.38972,0.535705,1.78433,-0.624349,1.60839,-3.58258,1.18176,0.5222,-4.39473,0.472928,-1.34148,4.96654,2.02336,2.41068,1.07229,3.93798,-1.94358,-2.9947,4.26612,1.27671,3.84577,3.05491,1.38285,4.6729,2.1676,4.87525,0.0555811,-2.9142,-0.134433,-4.99801
gen=0_member=68,-3.04063,4.98471,2.78164,-1.90106,-0.614946,3.44998,0.918564,1.93306,-4.93939,-1.0024,3.01468,4.58465,-4.76767,-0.20709,4.34432,1.66085,0.471831,1.49499,4.52587,3.16639,4.66313,-2.94024,3.34978,3.46345,4.32123,3.24386,0.830186,-3.01464,-3.15355,-2.74645,-0.811052,-3.51378,-3.87655,-0.637031,4.68675,-4.61192,-3.48444,-2.43398,2.6583,-4.3704,2.4021,1.29923,2.55258,-3.69245,-4.91892,2.10424,2.26507,-3.33173,0.366857,-3.35585
gen=0_member=69,1.92677,1.91383,3.65251,4.67076,0.194332,-4.50864,2.34398,2.70457,1.07659,2.78411,-4.09247,4.10462,-1.92832,4.96061,-2.89188,-4.25282,1.63413,-0.492798,2.9489,4.2741,-4.59577,0.215235,-3.41557,2.96013,0.299166,-3.25554,-2.42678,0.483779,-1.09588,0.396796,2.16466,-2.67527,0.4214,4.62399,3.13344,-2.32042,-1.26422,-0.276161,4.47499,-3.41747,-2.90176,1.14496,0.00318495,-3.76828,0.619134,-1.93838,-1.98985,-0.387777,-1.54913,-1.87347
gen=0_member=70,0.178607,-1.14375,-0.417264,0.222037,0.455391,-2.75984,0.415454,2.05782,-0.663935,2.28414,-0.0617821,-1.57908,3.64178,-1.59031,-1.11761,4.63214,-1.97189,-1.56172,-3.15523,0.84058,-1.56506,-0.0481433,-4.23031,1.45945,-1.07215,-1.07125,2.17297,2.32696,-4.55823,2.79757,1.63637,3.61132,2.15284,-2.99312,-3.77577,2.45808,-4.76636,1.91367,-1.61953,-4.23743,-4.59857,-2.95939,-2.39735,3.18379,3.57621,-0.557622,0.359469,-3.06593,-2.80415,4.92079
gen=0_member=71,-4.59053,3.06956,4.9593,2.60422,-3.83048,3.08223,-3.76725,-1.69389,-3.58346,2.86731,-4.42656,-0.475475,-1.74806,3.40258,-1.38339,-4.79577,4.54851,-1.97708,-2.14883,-3.61907,2.9962,-1.94234,2.76371,-2.26851,4.77061,1.83784,-1.62132,-3.4747,-4.10604,4.6737,1.76802,-4.27793,3.3932,0.802518,1.3675,-1.63426,-4.3866,0.354459,0.34712,3.42112,0.25533,3.7507,-3.79625,-1.55242,2.96749,-3.72596,1.74746,-2.29021,4.70963,-2.55839
gen=0_member=72,-1.46903,2.56948,-3.21165,-3.68312,-0.427886,-4.114,-4.72861,4.65915,-3.79451,-1.63523,0.420454,-0.962606,4.57859,0.394003,0.670867,3.79999,2.70743,-2.61422,4.34749,-0.57737,4.47883,-4.96672,0.830031,4.68483,4.15801,-1.32365,2.26581,-3.76524,-0.908892,-1.41144,1.51367,1.13819,0.710631,-4.87135,-4.75567,3.01606,-3.05394,1.36057,-4.57629,-2.42807,3.68026,-2.48923,1.67452,-2.74668,4.26836,-4.76943,-2.58671,-0.223328,4.07749,-2.9457
gen=0_member=73,3.79361,1.61856,-2.48469,4.49715,3.86675,-2.28671,0.358751,1.0837,3.18229,-3.06734,-1.4225,-4.74017,0.963447,0.105693,3.41015,4.85092,3.57365,0.27954,4.14162,1.56829,-0.809077,-1.47887,3.54521,3.70397,-0.580909,-0.213464,-0.798947,1.5782,3.60836,4.88136,-4.41652,-2.8463,-4.57413,-2.49899,-1.03944,-4.0784,-1.46353,-1.58291,-1.04526,-0.66067,-4.00259,3.51613,4.50284,-0.525379,3.44895,-1.14491,2.35904,-1.25503,-3.87023,-0.974518
gen=0_member=74,4.26239,-3.21669,1.37617,-1.09296,0.340896,2.06158,-4.03617,4.19291,2.29083,-3.57275,-4.86257,-4.36866,3.22366,1.87363,4.74545,-4.58923,3.65137,0.639826,3.81026,-4.83859,0.56224,-3.5256,0.683603,-1.04658,0.106791,-4.43264,-1.88369,-0.51546,-0.883976,-2.50071,2.35872,-1.71787,4.59822,0.594649,-3.37508,4.73838,4.93087,3.8992,3.51406,-4.44386,4.40036,0.755221,-4.71697,1.02297,1.91341,-0.815453,-0.485067,1.40177,3.35942,-4.0603
gen=0_member=75,3.52168,2.20073,4.24463,-2.85109,-4.14017,1.2265,3.23661,4.50411,-2.42243,3.41695,0.348766,1.54722,-4.41887,1.43826,-3.61192,-3.74428,0.714647,-4.38297,-4.83033,-2.40608,-2.31764,0.0176725,-4.66629,-4.79095,3.02598,-4.53774,-3.48994,-3.22732,1.22997,1.04258,-3.09223,4.40397,-3.21735,3.34815,4.16964,-3.83317,-4.82989,4.56126,-4.44197,3.27743,1.48779,-3.22441,2.96578,-1.72086,2.30623,0.619518,-2.60622,4.00921,2.00752,-0.758871
gen=0_member=76,-1.2531,0.276001,-3.85949,3.62756,0.948517,-1.63951,2.50745,3.39133,-3.81735,3.10835,-3.1331,-0.349265,2.97946,-1.15979,-2.01088,-2.01938,1.35538,-3.64626,-0.946562,0.0441256,2.24012,-2.44612,-3.14691,-1.99555,0.0306153,3.37614,2.50187,2.2375,1.4342,4.99324,0.41203,-0.895595,-0.821265,-3.05449,-2.06587,-2.84991,2.82173,0.764623,-2.45069,-0.28166,-4.43171,4.21938,2.3941,0.0902755,-3.4543,-1.59787,4.19966,4.29081,0.694351,-1.40384
gen=0_member=77,2.7143,-3.68874,-1.32636,-3.09569,2.13098,-3.21071,1.74049,-3.92763,0.435331,-3.24256,3.7702,0.597951,0.530833,4.45268,1.55931,2.02748,-3.92203,1.39771,-1.24818,-1.58611,3.80379,-2.74212,-3.02914,0.353665,3.2038,0.423167,0.135791,3.98365,3.33003,2.24757,0.320867,-3.88076,3.03152,3.68499,-3.97721,1.55598,-2.2845,2.01081,1.82107,4.41865,-0.414749,4.17354,3.89249,-1.97889,-3.63785,0.0786945,-3.84748,-1.73748,3.27984,3.75926
gen=0_member=78,1.30685,-4.33056,0.840903,4.22898,-1.54712,1.05686,2.06319,-2.38852,4.54156,-1.1646,-1.39817,-4.29994,-1.68831,3.86958,-4.18803,-0.224202,-0.585285,-1.18802,-2.01212,4.58621,1.01916,-2.37452,4.80901,2.57083,-0.21516,1.69107,-4.16424,-3.61369,4.22132,1.85571,-2.25797,1.24759,-3.06885,2.21365,1.831,2.98749,1.44625,-3.80053,4.36357,-3.08437,-2.25148,-4.46882,1.45561,-3.26181,-2.93229,1.09647,4.80791,1.99003,-1.0456,-4.39602
gen=0_member=79,4.80428,1.49153,-1.29235,1.67114,-0.93106,-2.4674,-0.112837,-1.04887,-3.45609,-0.204681,1.26882,0.930344,1.2215,0.517143,-2.9022,3.47882,4.29688,4.85674,-1.99027,-2.69112,3.26021,3.61687,-1.1279,-0.159889,4.03414,0.349535,-4.46436,0.992595,-2.98384,-3.51403,-0.631135,2.00002,-1.38978,0.18004,-2.61943,-1.49752,-1.60533,3.25205,-0.724587,1.79161,-2.37463,-1.3033,4.31157,3.71717,1.77837,3.70574,-1.12415,-1.102,-3.73917,0.946439
gen=0_member=80,2.86499,-2.58355,-0.853578,0.553748,-0.221796,-0.442127,2.6514,-2.96885,-1.05047,0.552253,2.12975,2.45936,-3.09077,-0.0311027,-0.381574,0.0360015,-0.00671107,-0.756595,-4.49798,2.61326,2.78301,-3.872,1.42536,0.676818,-0.644816,-3.18472,2.48305,4.72416,-0.434788,2.92616,3.69057,-3.48936,-4.97264,1.41396,4.27763,-4.13279,-4.63877,-1.75881,-3.37281,1.3477,-1.65403,0.978048,-1.91546,-1.049,1.39962,4.79834,1.88462,0.402728,-2.24299,-1.68416
gen=0_member=81,-3.29767,4.09749,0.559745,0.40389,4.09463,-4.26835,-0.562969,-3.64643,-4.75126,-4.65461,-0.359984,-1.11364,-4.31342,0.0898161,0.721622,4.99962,-4.9169,-2.03072,-1.39648,-0.331092,-1.62802,-2.20803,-2.02739,2.82069,-0.974127,1.31166,-4.58356,-3.88269,-2.4838,2.46713,-3.42703,3.34727,0.638382,1.39427,2.23672,0.596049,3.354,3.56448,2.17969,-4.54267,1.92084,4.33821,0.40646,0.544109,-2.2568,-1.42431,1.05837,-2.65695,4.16475,4.18313
gen=0_member=82,1.23702,-0.706571,-0.988434,0.61638,0.706552,4.83173,-1.3874,-3.87341,0.101051,-3.86816,-1.67528,4.06378,4.79056,0.746097,0.327449,-2.47893,0.255059,-4.24594,-0.639208,2.75851,1.26293,1.62805,-2.54662,-4.97173,-1.153,1.47066,1.44483,1.965,2.89076,-2.33685,0.841711,-2.76859,-4.48481,4.93961,-2.71272,0.369194,-4.14,-1.26298,-4.08702,-0.708282,4.34458,-4.59617,4.22759,2.9131,-0.99633,4.05613,-4.63555,3.51706,3.8055,3.29396
gen=0_member=83,3.20343,3.30863,4.54172,4.98669,4.31152,2.96198,2.83852,2.89091,1.73368,-2.80777,-2.70893,-0.601719,-0.152645,-0.416425,-1.02907,-1.89857,1.17296,4.09997,-2.83582,2.09368,-0.119531,0.41853,2.83466,0.238347,-3.93871,-0.331132,-4.81165,2.4507,-4.72661,1.99566,4.69645,-4.97143,-0.664741,-2.31036,0.69843,-4.96856,3.4608,2.88692,0.602333,0.91459,-1.88593,-4.11534,-2.00265,1.28707,4.70114,-0.132947,1.45345,3.61381,-0.999727,-2.69396
gen=0_member=84,-2.34087,1.18565,-2.85014,-0.805113,4.11843,2.84387,0.579131,-4.89265,0.628494,1.87979,4.41526,-1.02613,1.98937,-2.28401,0.546474,-3.85866,-3.63061,-0.83732,-1.07741,0.16389,-0.753879,-0.127626,3.49789,-1.56295,-0.399223,-2.93785,0.40793,-0.0102499,0.629501,-2.12636,-2.90668,-1.0595,-1.20951,-3.98168,-2.53296,0.271606,-3.93349,2.2153,2.26815,0.373837,-1.06681,4.70664,-0.147071,-0.0951988,0.476585,1.16081,2.09102,-1.85659,-3.3148,2.9905
gen=0_member=85,-3.54488,0.588754,1.79318,-1.54402,-2.76381,-1.38353,-3.47695,-2.16421,-0.34678,4.35183,-1.23377,3.54455,4.48074,-2.71412,2.28502,0.220458,4.34402,-3.13296,3.37434,-1.77188,-1.01473,-2.88155,-2.95356,4.71842,2.04653,-3.94944,0.79177,1.05046,-0.0198592,3.34664,0.552145,2.49749,0.35014,0.930468,-3.55331,-1.83722,-2.05881,-4.85629,4.82784,0.0791305,2.24397,-3.90538,-3.10991,0.36077,3.98656,-0.621266,4.92441,-3.94093,-4.60254,2.88493
gen=0_member=86,4.39691,3.81261,-3.02195,4.52292,-0.53138,0.512122,-1.88549,3.49354,-2.57362,-2.21689,1.53147,3.41961,-1.83638,2.38657,-4.70482,2.18261,-4.30824,-2.23873,-1.13396,3.05979,-1.93925,-2.60379,0.422458,0.800627,1.86599,2.88204,-0.0302156,-1.43016,-0.170851,-1.24458,0.923255,3.53901,-2.32271,0.78052,-0.889102,-2.65463,1.24481,-4.43053,-1.31783,-4.62012,3.06808,0.381832,-0.937955,-3.44811,-0.344348,-1.75276,-2.48313,3.09007,2.15697,1.93836
gen=0_member=87,-2.04454,-2.60899,-2.16286,-2.78656,1.11393,0.667767,-2.77537,3.88327,1.44497,2.0458,4.27085,3.34446,4.82408,4.50902,-3.74545,2.42266,-0.392656,3.29043,0.0916935,1.43488,-3.13893,4.74613,0.0152878,-0.962125,2.2158,-0.588685,-2.64341,-1.37281,1.39903,1.75983,-4.32441,-2.24366,-1.7525,-2.88111,-4.22434,-1.18211,-1.81906,-1.44517,1.29992,0.741623,0.922806,2.22603,1.55553,0.730141,-3.19462,-1.83355,3.47935,4.30312,-2.96648,-0.43925
gen=0_member=88,4.98418,-1.63134,-4.0829,-2.51473,0.565333,-3.40554,1.99027,-4.21854,-1.91409,-4.25831,-0.672959,4.60962,-2.98631,-3.71503,-0.862099,-3.38382,4.66662,-4.1394,0.368879,-1.36467,0.15259,4.54065,-0.952565,-3.58898,-2.16531,-0.63264,-2.81168,-2.70145,-0.351243,4.18466,-2.49019,-2.04684,-3.91725,-1.66289,3.26405,4.69846,0.713555,-2.88277,2.84262,3.04399,1.81213,-0.264405,-2.22656,-0.906002,-1.76761,-0.749724,4.78641,4.54069,-4.16024,2.4753
gen=0_member=89,-4.18561,-4.91165,-2.39909,0.346251,2.26247,4.14756,-1.78823,-2.03615,1.68293,3.53696,3.54155,2.97955,-4.66815,-3.27381,4.44908,3.38112,0.0353147,0.885762,2.40796,-2.16366,-1.40432,-2.5263,0.347137,1.91663,0.456867,4.89633,4.83861,2.82062,0.277116,4.37954,-0.907051,-1.46482,-0.703204,-4.24069,-2.17647,-0.361018,2.92652,-3.31279,4.7744,2.88276,-1.49374,4.09511,2.88612,-0.117697,-3.03609,-0.442977,4.59254,-1.95962,-0.264879,3.83799
gen=0_member=90,-0.155657,-0.220159,2.07817,-3.17246,4.48773,-4.35771,-2.14036,-3.30121,1.94695,1.38947,3.23559,-3.88489,4.67602,1.21878,0.182429,3.85833,-4.47623,-0.242713,1.19975,-1.69233,4.53175,-4.87592,-4.94638,-3.76682,-0.823095,4.78131,3.17291,4.98399,-2.1112,2.5586,-1.83075,1.44368,4.38345,1.9178,-0.743069,-4.74945,2.65649,1.50426,-4.33113,2.90365,2.57844,-4.69905,1.15926,-4.36498,-3.54092,2.87456,3.02745,-0.425864,-1.30156,1.37858
gen=0_member=91,-4.99639,2.16966,-4.17591,3.01424,1.08217,-2.83112,4.2698,4.92112,3.89682,0.223513,-1.88856,-2.3473,1.72232,3.02794,-3.11547,2.36359,1.55291,-1.66431,-4.70105,-3.20829,4.98772,-4.15004,1.56127,-3.35741,-2.43234,4.3087,-2.58544,-0.391221,4.94483,4.52748,-3.19831,0.327802,4.80381,1.61354,3.44536,-2.12761,0.951529,-2.12611,0.860973,-2.72617,4.79034,3.18147,-1.01825,-1.20482,2.075,-2.14147,-3.44058,-4.89813,-4.22009,0.233303
gen=0_member=92,2.09986,4.54422,-4.68363,-1.11989,0.234408,0.206695,-4.95712,2.13331,-2.12117,1.12249,-0.730507,-3.1094,-0.454947,-1.78774,2.30691,-0.442056,-1.39091,2.01788,3.26702,3.67745,-4.74239,1.75689,-0.600498,2.03753,0.580785,1.96669,1.95065,1.75918,-3.89985,1.40222,3.80479,4.16754,-4.00701,-1.06944,2.72758,3.45678,-2.77531,-0.984686,2.9211,-2.28381,-2.5697,3.67964,-0.308297,2.26972,0.316329,2.5349,-0.596592,4.14127,1.40818,0.672006
gen=0_member=93,-0.0493156,1.29619,1.01951,4.14961,-3.28651,-0.889955,2.10177,3.91461,3.63393,-2.08382,-1.72152,0.0307602,-3.44676,-3.30157,-0.033082,-4.13101,4.92044,2.57729,-2.39668,2.41527,4.75542,0.863532,-0.875251,2.75715,2.94616,0.900032,-3.91308,-3.1085,-2.8225,3.48334,4.00571,-0.500236,-1.18036,1.75113,-0.655426,-1.56085,4.61895,3.9288,2.49814,2.34993,4.80047,2.80763,-4.1705,-3.33405,-4.20651,3.18019,2.76347,-1.0667,-3.22731,-1.30623
gen=0_member=94,-3.17401,-3.33084,-0.182065,-1.47357,-4.74375,-3.73938,-4.60377,-1.20524,1.11873,4.12665,-1.03606,3.67665,-3.91452,-3.13029,4.64237,-1.65559,1.27981,-0.973688,0.234737,-3.39742,4.26121,1.08444,3.21285,-4.014,1.01641,2.35081,-0.335659,1.63114,-2.62483,3.71692,2.68106,4.75758,-1.54868,-0.789155,-1.67195,3.69614,-0.428041,-4.77654,-3.96299,-2.37583,-3.3265,-2.00314,3.92169,-2.32957,0.990131,1.833,-3.18772,-1.47977,3.40021,-2.7682
gen=0_member=95,-4.40929,-0.0580791,4.42347,4.00693,4.86869,-4.75516,-3.30195,4.44959,0.344346,-3.7729,2.63479,1.45084,4.06536,0.855425,1.06983,1.0189,3.87672,-4.60226,-2.95911,4.93157,1.7954,2.99866,1.13866,-1.32736,3.75899,-2.45509,-0.963593,0.264246,-4.9368,-0.170273,1.23875,-3.95197,-2.08509,-3.4088,4.36587,-1.79057,0.283913,-0.837198,-2.91789,-3.61476,-1.27679,-3.00054,-3.26951,-1.67902,2.76039,-1.62249,3.76501,2.93069,2.96126,-4.83374
gen=0_member=96,3.66408,-2.18256,3.57122,1.73221,3.02034,-2.62213,-3.56836,0.945505,0.927056,-4.02416,2.25041,-2.24969,4.32143,-0.813327,4.11068,2.8861,2.1213,3.68842,2.72028,3.54098,-4.15403,1.81192,0.189956,3.00328,4.25755,-2.03141,1.69593,-4.67624,-4.86564,-0.0268694,2.21689,4.84695,1.39349,-1.89234,4.91012,3.7538,4.81199,-0.160161,-4.65703,-0.0102033,-0.286051,-2.87842,0.735927,3.68737,-0.150228,-3.28304,1.39756,-0.132037,-4.30551,-3.98082
gen=0_member=97,3.15656,-1.87156,3.93844,-1.64719,-3.46427,-1.56146,2.95117,-4.65343,-1.61644,2.59367,-1.1897,-3.93862,0.0665167,-2.64968,1.47312,-4.01239,-0.947979,1.17908,-2.29822,-1.43187,-2.20592,-0.779841,4.63549,4.46784,4.84839,-4.0332,-3.05222,-2.80563,-0.794841,2.60813,-1.0028,3.88303,1.25549,2.33357,0.701638,-4.83827,0.0216734,1.65648,0.0442488,-2.56734,3.31609,-1.01834,3.60936,3.09946,-1.18976,-4.043,0.840538,3.75706,2.20931,-4.14277
gen=0_member=98,3.93654,-1.2368,-3.66791,3.28355,-3.56269,-0.0116527,1.23654,-0.650507,4.22314,-4.37342,1.99383,-3.65781,3.98352,3.12215,-4.98172,-1.30945,2.63092,-3.81076,4.67012,-4.34108,-2.85924,-4.38542,2.65322,2.26793,-3.80842,0.842063,-1.77818,-2.12939,-3.64753,3.25306,1.35159,-3.64456,-2.69629,-1.36608,0.096007,3.81903,1.52095,-3.23952,0.506455,-4.0452,-2.61391,4.58816,0.1662,-0.881545,-2.36358,-2.59504,1.1624,-0.994571,0.135794,4.68256
gen=0_member=99,1.82197,-2.84206,-4.88456,-1.34914,-4.95532,3.53904,-0.0960152,-3.72346,-2.02066,-1.45835,-1.96442,-3.05387,-1.00385,-1.42849,3.64187,-1.09955,3.02617,-2.54989,-2.76261,-2.77108,4.82903,1.20189,3.06051,2.32444,-1.5049,0.533763,2.09388,0.00293713,-1.26818,-0.302633,2.8316,-3.31391,4.60564,3.11096,-0.358325,1.17761,3.61666,-3.4182,0.707697,0.194075,-4.94303,0.21952,2.04233,-4.98917,1.41418,-2.30043,-0.66275,1.68034,3.71955,4.53101
gen=1_member=4_pso,-2.17636,1.2972,-1.01642,-5,-2.73015,-2.34891,0.18318,-0.623303,3.30339,5,-4.69156,0.145408,3.98639,1.31042,-3.10049,4.47825,0.0660801,1.04643,-0.711703,3.2897,-3.63421,5,2.38509,-4.32384,-4.92582,1.57943,5,1.06697,4.06254,1.49077,-0.461054,3.70777,-5,3.46001,2.28043,0.0629461,0.485016,0.014157,-1.87733,0.756887,2.48969,-0.242927,-1.92779e-05,-3.92646,4.86908,-3.65341,3.65214,0.373012,3.50704,3.60319
gen=1_member=11_pso,-2.11706,2.39417,0.336876,-4.57051,1.22665,3.76393,0.0876248,-4.37337,2.26073,-1.19745,-2.34948,5,-5,3.31118,0.415347,-1.88216,1.60803,0.915513,2.55993,0.10956,0.162409,-4.03835,2.42632,-1.10208,4.99773,-5,3.05675,-4.78642,0.994562,-0.933099,1.49793,-4.31594,0.0889166,-5,2.94781,5,1.90847,-4.38263,-2.60499,4.46635,1.85184,2.93083,-5,0.784381,-5,3.23843,-5,3.95345,0.0571079,1.70673
gen=1_member=14_pso,3.312,-4.73655,1.63269,-1.13681,-5,-0.60888,0.181502,-1.44084,-1.59151,5,3.71493,5,-0.404845,5,-1.15093,1.21844,-5,0.303772,2.4129,1.89212,-2.84978,2.6438,3.48434,-3.34577,4.68629,-3.63681,-3.44138,-3.06037,-4.37868,-2.01333,3.97292,-2.5676,-5,-5,-0.428029,4.48697,4.89094,1.09606,-3.02155,5,-4.84268,-5,-1.58809,-5,0.575849,5,-1.73135,0.0130195,-3.16534,5
gen=1_member=10_pso,5,0.00481568,-1.36043,-2.63272,-4.93796,-2.74034,-3.58,2.92544,2.27378,-0.873656,4.33011,1.37323,1.7995,-4.74736,0.494309,-5,1.79905,-4.11713,2.97563,5,-3.03047,-2.01074,1.2802,5,-5,-3.99528,-1.34407,-0.767184,5,-2.61457,5,-2.13089,3.1232,0.206774,-1.64305,-1.47661,-2.56328,3.26751,-0.509823,3.66742,-4.60331,-5,3.582,2.72275,-5,0.587643,-3.47268,3.51169,-0.264682,-5
gen=1_member=8_pso,-1.72719,0.853348,-1.01372,-1.38868,-4.42923,2.38002,2.4178,-3.86513,1.03972,-5,1.63461,3.79448,-5,3.04258,3.49279,-1.19905,-2.23296,4.23669,2.87379,-1.85473,-2.52476,-0.750313,-2.21042,4.11794,5,-4.56558,3.87812,-3.2032,0.183928,-5,2.15604,-5,3.44371,-5,-3.62354,-0.456917,5,-5,0.243158,0.41642,-5,-5,2.94157,1.03535,-0.0154069,-2.18824,-5,1.52261,5,1.78782
gen=2_member=26_pso,5,-3.16098,1.27494,4.75767,5,-0.49355,-1.37814,1.47787,-5,1.62949,4.70704,5,-3.3694,-4.21187,-1.32323,3.98187,-0.664522,3.58517,1.10302,-5,-4.46908,-5,-2.25322,-2.22335,-1.58632,-2.96922,2.68929,-3.55771,1.4251,0.538231,1.34107,5,0.00492962,5,5,-0.939085,4.07981,-1.50735,2.18456,1.40819,4.6214,-3.17534,-3.37221,-2.76637,-2.18418,-2.63479,5,1.01629,-3.77313,-1.23428
gen=2_member=23_pso,-4.3321,1.49217,0.984619,-5,-5,-4.11224,3.06837,-5,3.87541,2.31815,-5,0.239913,5,-0.63651,-1.98295,5,-2.72454,3.6461,1.31822,1.354,-4.57615,2.48733,-3.96554,-4.22376,1.64416,1.92546,4.94361,-0.915478,3.04396,2.72513,5,-0.807275,-5,5,5,-3.89576,0.854297,0.451711,-1.366,-3.18282,5,2.72373,-2.62164,-1.82545,5,-5,2.90756,-2.89251,-0.948645,-1.22466
gen=2_member=22_pso,-2.24879,-1.0622,-0.62178,-5,-0.523388,-4.0885,-1.26446,-1.84303,2.00452,5,-5,5,-5,5,0.233378,-3.38594,3.49916,-0.606493,-1.18019,5,-5,-1.08855,1.25792,-4.30135,5,-5,5,-3.57654,3.29721,-1.10245,1.6731,-5,-5,-3.0177,5,5,1.82155,-4.03098,-1.55793,5,1.51469,-1.76978,0.83088,-2.90859,-5,0.933125,-5,2.63209,1.07277,0.637579
gen=2_member=32_pso,-0.106444,3.87892,-0.0031755,-5,1.72419,5,3.36144,-3.19405,-1.10803,1.10375,3.2293,3.85207,-2.29797,-0.744674,-1.49671,-0.114452,-0.814204,2.55583,-2.28877,3.19748,4.93932,-2.95279,3.50617,-0.65014,0.451809,2.14032,1.83674,-5,-2.87543,-0.819659,5,-2.18839,-5,-5,5,5,2.68108,-2.97082,-0.246975,2.56227,0.196139,5,-3.93211,-2.17286,-4.87629,-1.37765,1.12953,0.755096,-5,-1.85135
gen=2_member=38_pso,-1.21507,-0.542374,-1.41731,2.38735,-5,-1.79487,0.579772,-3.40812,3.65313,-4.55371,0.398242,3.91897,-3.63279,3.14909,4.56316,4.84321,5,2.17008,2.64274,-0.387439,0.721352,-3.89841,1.73305,2.35459,5,-1.14278,-4.33881,-4.91598,-0.307732,0.78875,0.616379,4.74754,-4.00993,-5,-2.15296,2.79832,3.0174,3.06456,1.87913,0.11725,2.32919,-5,-5,0.787064,-4.02487,4.32688,-4.5098,5,-2.32466,-4.66841
